utterance,gold_intent,facts,active_constraints,allowed_intents,suppressed_intents
summarize the horizontal pod autoscaler activity,summarization,"{'is_question': False, 'question_word': None, 'has_imperative': False, 'imperative_verb': None, 'has_uncertainty_marker': False, 'has_temporal_reference': False, 'mentions_action': True, 'mentions_system_state': False}",[],"['investigate', 'execute', 'summarize', 'ops']",[]
provide a recap of the cost trends by environment,summarization,"{'is_question': False, 'question_word': None, 'has_imperative': False, 'imperative_verb': None, 'has_uncertainty_marker': False, 'has_temporal_reference': False, 'mentions_action': False, 'mentions_system_state': False}",[],"['investigate', 'execute', 'summarize', 'ops']",[]
how do I play basketball,out_of_scope,"{'is_question': True, 'question_word': 'how', 'has_imperative': False, 'imperative_verb': None, 'has_uncertainty_marker': False, 'has_temporal_reference': False, 'mentions_action': False, 'mentions_system_state': False}",['block_execute'],"['investigate', 'summarize', 'ops']",['execute']
configure the health check interval to 30 seconds,execution,"{'is_question': False, 'question_word': None, 'has_imperative': False, 'imperative_verb': None, 'has_uncertainty_marker': False, 'has_temporal_reference': False, 'mentions_action': True, 'mentions_system_state': False}",[],"['investigate', 'execute', 'summarize', 'ops']",[]
inject a latency fault into the payment service,execution,"{'is_question': False, 'question_word': None, 'has_imperative': False, 'imperative_verb': None, 'has_uncertainty_marker': False, 'has_temporal_reference': False, 'mentions_action': False, 'mentions_system_state': True}",[],"['investigate', 'execute', 'summarize', 'ops']",[]
summarize the observability stack health,summarization,"{'is_question': False, 'question_word': None, 'has_imperative': False, 'imperative_verb': None, 'has_uncertainty_marker': False, 'has_temporal_reference': False, 'mentions_action': True, 'mentions_system_state': False}",[],"['investigate', 'execute', 'summarize', 'ops']",[]
why is the backup not completing within the window,investigate,"{'is_question': True, 'question_word': 'why', 'has_imperative': False, 'imperative_verb': None, 'has_uncertainty_marker': False, 'has_temporal_reference': False, 'mentions_action': False, 'mentions_system_state': False}",['block_execute'],"['investigate', 'summarize', 'ops']",['execute']
summarize the scheduled downtime impact on availability sla,summarization,"{'is_question': False, 'question_word': None, 'has_imperative': False, 'imperative_verb': None, 'has_uncertainty_marker': False, 'has_temporal_reference': False, 'mentions_action': True, 'mentions_system_state': True}",[],"['investigate', 'execute', 'summarize', 'ops']",[]
tell me about travel,out_of_scope,"{'is_question': False, 'question_word': None, 'has_imperative': False, 'imperative_verb': None, 'has_uncertainty_marker': False, 'has_temporal_reference': False, 'mentions_action': False, 'mentions_system_state': False}",[],"['investigate', 'execute', 'summarize', 'ops']",[]
check why the message acknowledgment is not being sent,investigate,"{'is_question': False, 'question_word': None, 'has_imperative': False, 'imperative_verb': None, 'has_uncertainty_marker': False, 'has_temporal_reference': False, 'mentions_action': True, 'mentions_system_state': False}",[],"['investigate', 'execute', 'summarize', 'ops']",[]
enable the volume snapshot class for backup,execution,"{'is_question': False, 'question_word': None, 'has_imperative': False, 'imperative_verb': None, 'has_uncertainty_marker': False, 'has_temporal_reference': False, 'mentions_action': False, 'mentions_system_state': False}",[],"['investigate', 'execute', 'summarize', 'ops']",[]
restart the message queue consumers,execution,"{'is_question': False, 'question_word': None, 'has_imperative': True, 'imperative_verb': 'restart', 'has_uncertainty_marker': False, 'has_temporal_reference': False, 'mentions_action': True, 'mentions_system_state': False}",['allow_execute'],"['investigate', 'execute', 'summarize', 'ops']",[]
tell me about the industrial revolution,out_of_scope,"{'is_question': False, 'question_word': None, 'has_imperative': False, 'imperative_verb': None, 'has_uncertainty_marker': False, 'has_temporal_reference': False, 'mentions_action': False, 'mentions_system_state': False}",[],"['investigate', 'execute', 'summarize', 'ops']",[]
check why the aggregation job is producing empty output,investigate,"{'is_question': False, 'question_word': None, 'has_imperative': False, 'imperative_verb': None, 'has_uncertainty_marker': False, 'has_temporal_reference': False, 'mentions_action': True, 'mentions_system_state': False}",[],"['investigate', 'execute', 'summarize', 'ops']",[]
what is a comet,out_of_scope,"{'is_question': True, 'question_word': 'what', 'has_imperative': False, 'imperative_verb': None, 'has_uncertainty_marker': False, 'has_temporal_reference': False, 'mentions_action': False, 'mentions_system_state': False}",['block_execute'],"['investigate', 'summarize', 'ops']",['execute']
provide a brief on the service catalog update status,summarization,"{'is_question': False, 'question_word': None, 'has_imperative': False, 'imperative_verb': None, 'has_uncertainty_marker': False, 'has_temporal_reference': False, 'mentions_action': True, 'mentions_system_state': True}",[],"['investigate', 'execute', 'summarize', 'ops']",[]
how do I learn woodworking,out_of_scope,"{'is_question': True, 'question_word': 'how', 'has_imperative': False, 'imperative_verb': None, 'has_uncertainty_marker': False, 'has_temporal_reference': False, 'mentions_action': False, 'mentions_system_state': False}",['block_execute'],"['investigate', 'summarize', 'ops']",['execute']
analyze the rate of retries on downstream calls,investigate,"{'is_question': False, 'question_word': None, 'has_imperative': False, 'imperative_verb': None, 'has_uncertainty_marker': False, 'has_temporal_reference': False, 'mentions_action': False, 'mentions_system_state': True}",[],"['investigate', 'execute', 'summarize', 'ops']",[]
who wrote the aeneid,out_of_scope,"{'is_question': True, 'question_word': 'who', 'has_imperative': False, 'imperative_verb': None, 'has_uncertainty_marker': False, 'has_temporal_reference': False, 'mentions_action': False, 'mentions_system_state': False}",['block_execute'],"['investigate', 'summarize', 'ops']",['execute']
summarize the load test performance baseline results,summarization,"{'is_question': False, 'question_word': None, 'has_imperative': False, 'imperative_verb': None, 'has_uncertainty_marker': False, 'has_temporal_reference': False, 'mentions_action': True, 'mentions_system_state': False}",[],"['investigate', 'execute', 'summarize', 'ops']",[]
how do I start a business,out_of_scope,"{'is_question': True, 'question_word': 'how', 'has_imperative': False, 'imperative_verb': None, 'has_uncertainty_marker': False, 'has_temporal_reference': False, 'mentions_action': True, 'mentions_system_state': False}",['block_execute'],"['investigate', 'summarize', 'ops']",['execute']
analyze the pod restart loop on the payment service,investigate,"{'is_question': False, 'question_word': None, 'has_imperative': False, 'imperative_verb': None, 'has_uncertainty_marker': False, 'has_temporal_reference': False, 'mentions_action': True, 'mentions_system_state': False}",[],"['investigate', 'execute', 'summarize', 'ops']",[]
tell me about dinosaurs,out_of_scope,"{'is_question': False, 'question_word': None, 'has_imperative': False, 'imperative_verb': None, 'has_uncertainty_marker': False, 'has_temporal_reference': False, 'mentions_action': False, 'mentions_system_state': False}",[],"['investigate', 'execute', 'summarize', 'ops']",[]
what is the population of the earth,out_of_scope,"{'is_question': True, 'question_word': 'what', 'has_imperative': False, 'imperative_verb': None, 'has_uncertainty_marker': False, 'has_temporal_reference': False, 'mentions_action': False, 'mentions_system_state': False}",['block_execute'],"['investigate', 'summarize', 'ops']",['execute']
check why the kubernetes node is not ready,investigate,"{'is_question': False, 'question_word': None, 'has_imperative': False, 'imperative_verb': None, 'has_uncertainty_marker': False, 'has_temporal_reference': False, 'mentions_action': True, 'mentions_system_state': False}",[],"['investigate', 'execute', 'summarize', 'ops']",[]
provision additional read replicas for the database,execution,"{'is_question': False, 'question_word': None, 'has_imperative': False, 'imperative_verb': None, 'has_uncertainty_marker': False, 'has_temporal_reference': False, 'mentions_action': False, 'mentions_system_state': False}",[],"['investigate', 'execute', 'summarize', 'ops']",[]
provide a recap of the network changes this quarter,summarization,"{'is_question': False, 'question_word': None, 'has_imperative': False, 'imperative_verb': None, 'has_uncertainty_marker': False, 'has_temporal_reference': False, 'mentions_action': False, 'mentions_system_state': False}",[],"['investigate', 'execute', 'summarize', 'ops']",[]
how do I make ice cream,out_of_scope,"{'is_question': True, 'question_word': 'how', 'has_imperative': False, 'imperative_verb': None, 'has_uncertainty_marker': False, 'has_temporal_reference': False, 'mentions_action': False, 'mentions_system_state': False}",['block_execute'],"['investigate', 'summarize', 'ops']",['execute']
how do I juggle,out_of_scope,"{'is_question': True, 'question_word': 'how', 'has_imperative': False, 'imperative_verb': None, 'has_uncertainty_marker': False, 'has_temporal_reference': False, 'mentions_action': False, 'mentions_system_state': False}",['block_execute'],"['investigate', 'summarize', 'ops']",['execute']
investigate the TLS handshake failures,investigate,"{'is_question': False, 'question_word': None, 'has_imperative': False, 'imperative_verb': None, 'has_uncertainty_marker': False, 'has_temporal_reference': False, 'mentions_action': True, 'mentions_system_state': True}",[],"['investigate', 'execute', 'summarize', 'ops']",[]
provide a brief on the message delivery success rate,summarization,"{'is_question': False, 'question_word': None, 'has_imperative': False, 'imperative_verb': None, 'has_uncertainty_marker': False, 'has_temporal_reference': False, 'mentions_action': False, 'mentions_system_state': False}",[],"['investigate', 'execute', 'summarize', 'ops']",[]
provide a recap of the release frequency this quarter,summarization,"{'is_question': False, 'question_word': None, 'has_imperative': False, 'imperative_verb': None, 'has_uncertainty_marker': False, 'has_temporal_reference': False, 'mentions_action': False, 'mentions_system_state': False}",[],"['investigate', 'execute', 'summarize', 'ops']",[]
give me an overview of the release notes for version 5.0,summarization,"{'is_question': False, 'question_word': None, 'has_imperative': False, 'imperative_verb': None, 'has_uncertainty_marker': False, 'has_temporal_reference': False, 'mentions_action': False, 'mentions_system_state': False}",[],"['investigate', 'execute', 'summarize', 'ops']",[]
investigate disk I/O bottleneck,investigate,"{'is_question': False, 'question_word': None, 'has_imperative': False, 'imperative_verb': None, 'has_uncertainty_marker': False, 'has_temporal_reference': False, 'mentions_action': True, 'mentions_system_state': False}",[],"['investigate', 'execute', 'summarize', 'ops']",[]
who painted starry night,out_of_scope,"{'is_question': True, 'question_word': 'who', 'has_imperative': False, 'imperative_verb': None, 'has_uncertainty_marker': False, 'has_temporal_reference': False, 'mentions_action': False, 'mentions_system_state': False}",['block_execute'],"['investigate', 'summarize', 'ops']",['execute']
why is throughput degraded,investigate,"{'is_question': True, 'question_word': 'why', 'has_imperative': False, 'imperative_verb': None, 'has_uncertainty_marker': False, 'has_temporal_reference': False, 'mentions_action': False, 'mentions_system_state': False}",['block_execute'],"['investigate', 'summarize', 'ops']",['execute']
provide a summary of the log analysis findings,summarization,"{'is_question': False, 'question_word': None, 'has_imperative': False, 'imperative_verb': None, 'has_uncertainty_marker': False, 'has_temporal_reference': False, 'mentions_action': False, 'mentions_system_state': False}",[],"['investigate', 'execute', 'summarize', 'ops']",[]
tell me about the bermuda triangle,out_of_scope,"{'is_question': False, 'question_word': None, 'has_imperative': False, 'imperative_verb': None, 'has_uncertainty_marker': False, 'has_temporal_reference': False, 'mentions_action': False, 'mentions_system_state': False}",[],"['investigate', 'execute', 'summarize', 'ops']",[]
who composed requiem,out_of_scope,"{'is_question': True, 'question_word': 'who', 'has_imperative': False, 'imperative_verb': None, 'has_uncertainty_marker': False, 'has_temporal_reference': False, 'mentions_action': False, 'mentions_system_state': False}",['block_execute'],"['investigate', 'summarize', 'ops']",['execute']
provide a brief of the runbook updates this month,summarization,"{'is_question': False, 'question_word': None, 'has_imperative': False, 'imperative_verb': None, 'has_uncertainty_marker': False, 'has_temporal_reference': False, 'mentions_action': True, 'mentions_system_state': False}",[],"['investigate', 'execute', 'summarize', 'ops']",[]
stop the runaway query,execution,"{'is_question': False, 'question_word': None, 'has_imperative': True, 'imperative_verb': 'stop', 'has_uncertainty_marker': False, 'has_temporal_reference': False, 'mentions_action': True, 'mentions_system_state': False}",['allow_execute'],"['investigate', 'execute', 'summarize', 'ops']",[]
run the chef recipe on the fleet,execution,"{'is_question': False, 'question_word': None, 'has_imperative': False, 'imperative_verb': None, 'has_uncertainty_marker': False, 'has_temporal_reference': False, 'mentions_action': False, 'mentions_system_state': False}",[],"['investigate', 'execute', 'summarize', 'ops']",[]
summarize the observability signal quality this quarter,summarization,"{'is_question': False, 'question_word': None, 'has_imperative': False, 'imperative_verb': None, 'has_uncertainty_marker': False, 'has_temporal_reference': False, 'mentions_action': True, 'mentions_system_state': False}",[],"['investigate', 'execute', 'summarize', 'ops']",[]
tell me about ancient greece,out_of_scope,"{'is_question': False, 'question_word': None, 'has_imperative': False, 'imperative_verb': None, 'has_uncertainty_marker': False, 'has_temporal_reference': False, 'mentions_action': False, 'mentions_system_state': False}",[],"['investigate', 'execute', 'summarize', 'ops']",[]
configure the destination rule circuit breaker,execution,"{'is_question': False, 'question_word': None, 'has_imperative': False, 'imperative_verb': None, 'has_uncertainty_marker': False, 'has_temporal_reference': False, 'mentions_action': False, 'mentions_system_state': False}",[],"['investigate', 'execute', 'summarize', 'ops']",[]
check why the database schema version does not match,investigate,"{'is_question': False, 'question_word': None, 'has_imperative': False, 'imperative_verb': None, 'has_uncertainty_marker': False, 'has_temporal_reference': False, 'mentions_action': True, 'mentions_system_state': False}",[],"['investigate', 'execute', 'summarize', 'ops']",[]
give me a summary of the pod scheduling efficiency,summarization,"{'is_question': False, 'question_word': None, 'has_imperative': False, 'imperative_verb': None, 'has_uncertainty_marker': False, 'has_temporal_reference': False, 'mentions_action': False, 'mentions_system_state': False}",[],"['investigate', 'execute', 'summarize', 'ops']",[]
tell me about the han dynasty,out_of_scope,"{'is_question': False, 'question_word': None, 'has_imperative': False, 'imperative_verb': None, 'has_uncertainty_marker': False, 'has_temporal_reference': False, 'mentions_action': False, 'mentions_system_state': False}",[],"['investigate', 'execute', 'summarize', 'ops']",[]
tell me about the great barrier reef,out_of_scope,"{'is_question': False, 'question_word': None, 'has_imperative': False, 'imperative_verb': None, 'has_uncertainty_marker': False, 'has_temporal_reference': False, 'mentions_action': False, 'mentions_system_state': False}",[],"['investigate', 'execute', 'summarize', 'ops']",[]
provide node status summary,summarization,"{'is_question': False, 'question_word': None, 'has_imperative': False, 'imperative_verb': None, 'has_uncertainty_marker': False, 'has_temporal_reference': False, 'mentions_action': False, 'mentions_system_state': True}",[],"['investigate', 'execute', 'summarize', 'ops']",[]
investigate the broken pipe errors in application logs,investigate,"{'is_question': False, 'question_word': None, 'has_imperative': False, 'imperative_verb': None, 'has_uncertainty_marker': False, 'has_temporal_reference': False, 'mentions_action': True, 'mentions_system_state': True}",[],"['investigate', 'execute', 'summarize', 'ops']",[]
what is causing service degradation,investigate,"{'is_question': True, 'question_word': 'what', 'has_imperative': False, 'imperative_verb': None, 'has_uncertainty_marker': False, 'has_temporal_reference': False, 'mentions_action': False, 'mentions_system_state': False}",['block_execute'],"['investigate', 'summarize', 'ops']",['execute']
tell me about the crusades,out_of_scope,"{'is_question': False, 'question_word': None, 'has_imperative': False, 'imperative_verb': None, 'has_uncertainty_marker': False, 'has_temporal_reference': False, 'mentions_action': False, 'mentions_system_state': False}",[],"['investigate', 'execute', 'summarize', 'ops']",[]
how do I learn morse code,out_of_scope,"{'is_question': True, 'question_word': 'how', 'has_imperative': False, 'imperative_verb': None, 'has_uncertainty_marker': False, 'has_temporal_reference': False, 'mentions_action': False, 'mentions_system_state': False}",['block_execute'],"['investigate', 'summarize', 'ops']",['execute']
provide a brief on the key metrics from last night,summarization,"{'is_question': False, 'question_word': None, 'has_imperative': False, 'imperative_verb': None, 'has_uncertainty_marker': False, 'has_temporal_reference': True, 'mentions_action': False, 'mentions_system_state': False}",[],"['investigate', 'execute', 'summarize', 'ops']",[]
why does the pod take too long to enter running state,investigate,"{'is_question': True, 'question_word': 'why', 'has_imperative': False, 'imperative_verb': None, 'has_uncertainty_marker': False, 'has_temporal_reference': False, 'mentions_action': False, 'mentions_system_state': False}",['block_execute'],"['investigate', 'summarize', 'ops']",['execute']
why is the redis cluster showing high fragmentation,investigate,"{'is_question': True, 'question_word': 'why', 'has_imperative': False, 'imperative_verb': None, 'has_uncertainty_marker': False, 'has_temporal_reference': False, 'mentions_action': True, 'mentions_system_state': False}",['block_execute'],"['investigate', 'summarize', 'ops']",['execute']
what is meteorology,out_of_scope,"{'is_question': True, 'question_word': 'what', 'has_imperative': False, 'imperative_verb': None, 'has_uncertainty_marker': False, 'has_temporal_reference': False, 'mentions_action': False, 'mentions_system_state': False}",['block_execute'],"['investigate', 'summarize', 'ops']",['execute']
investigate high error rate,investigate,"{'is_question': False, 'question_word': None, 'has_imperative': False, 'imperative_verb': None, 'has_uncertainty_marker': False, 'has_temporal_reference': False, 'mentions_action': True, 'mentions_system_state': True}",[],"['investigate', 'execute', 'summarize', 'ops']",[]
summarize the cost optimization actions taken this month,summarization,"{'is_question': False, 'question_word': None, 'has_imperative': False, 'imperative_verb': None, 'has_uncertainty_marker': False, 'has_temporal_reference': False, 'mentions_action': True, 'mentions_system_state': False}",[],"['investigate', 'execute', 'summarize', 'ops']",[]
summarize the etl job success and failure rates,summarization,"{'is_question': False, 'question_word': None, 'has_imperative': False, 'imperative_verb': None, 'has_uncertainty_marker': False, 'has_temporal_reference': False, 'mentions_action': True, 'mentions_system_state': True}",[],"['investigate', 'execute', 'summarize', 'ops']",[]
how do I make ramen from scratch,out_of_scope,"{'is_question': True, 'question_word': 'how', 'has_imperative': False, 'imperative_verb': None, 'has_uncertainty_marker': False, 'has_temporal_reference': False, 'mentions_action': False, 'mentions_system_state': False}",['block_execute'],"['investigate', 'summarize', 'ops']",['execute']
run the health check script on all instances,execution,"{'is_question': False, 'question_word': None, 'has_imperative': False, 'imperative_verb': None, 'has_uncertainty_marker': False, 'has_temporal_reference': False, 'mentions_action': True, 'mentions_system_state': False}",[],"['investigate', 'execute', 'summarize', 'ops']",[]
tell me about the spanish armada,out_of_scope,"{'is_question': False, 'question_word': None, 'has_imperative': False, 'imperative_verb': None, 'has_uncertainty_marker': False, 'has_temporal_reference': False, 'mentions_action': False, 'mentions_system_state': False}",[],"['investigate', 'execute', 'summarize', 'ops']",[]
summarize what actions were taken,summarization,"{'is_question': False, 'question_word': None, 'has_imperative': False, 'imperative_verb': None, 'has_uncertainty_marker': False, 'has_temporal_reference': False, 'mentions_action': True, 'mentions_system_state': False}",[],"['investigate', 'execute', 'summarize', 'ops']",[]
provide a brief on the long-running query trends,summarization,"{'is_question': False, 'question_word': None, 'has_imperative': False, 'imperative_verb': None, 'has_uncertainty_marker': False, 'has_temporal_reference': False, 'mentions_action': False, 'mentions_system_state': False}",[],"['investigate', 'execute', 'summarize', 'ops']",[]
give me a summary of the latency percentile trends,summarization,"{'is_question': False, 'question_word': None, 'has_imperative': False, 'imperative_verb': None, 'has_uncertainty_marker': False, 'has_temporal_reference': False, 'mentions_action': False, 'mentions_system_state': True}",[],"['investigate', 'execute', 'summarize', 'ops']",[]
what is relativity theory,out_of_scope,"{'is_question': True, 'question_word': 'what', 'has_imperative': False, 'imperative_verb': None, 'has_uncertainty_marker': False, 'has_temporal_reference': False, 'mentions_action': False, 'mentions_system_state': False}",['block_execute'],"['investigate', 'summarize', 'ops']",['execute']
provide a recap of the automated remediation actions,summarization,"{'is_question': False, 'question_word': None, 'has_imperative': False, 'imperative_verb': None, 'has_uncertainty_marker': False, 'has_temporal_reference': False, 'mentions_action': False, 'mentions_system_state': False}",[],"['investigate', 'execute', 'summarize', 'ops']",[]
give me a recap of the key findings from the postmortem review,summarization,"{'is_question': False, 'question_word': None, 'has_imperative': False, 'imperative_verb': None, 'has_uncertainty_marker': False, 'has_temporal_reference': False, 'mentions_action': False, 'mentions_system_state': False}",[],"['investigate', 'execute', 'summarize', 'ops']",[]
how do I surf,out_of_scope,"{'is_question': True, 'question_word': 'how', 'has_imperative': False, 'imperative_verb': None, 'has_uncertainty_marker': False, 'has_temporal_reference': False, 'mentions_action': False, 'mentions_system_state': False}",['block_execute'],"['investigate', 'summarize', 'ops']",['execute']
give me a summary of the api consumer adoption trends,summarization,"{'is_question': False, 'question_word': None, 'has_imperative': False, 'imperative_verb': None, 'has_uncertainty_marker': False, 'has_temporal_reference': False, 'mentions_action': False, 'mentions_system_state': False}",[],"['investigate', 'execute', 'summarize', 'ops']",[]
update the known hosts file after host migration,execution,"{'is_question': False, 'question_word': None, 'has_imperative': True, 'imperative_verb': 'update', 'has_uncertainty_marker': False, 'has_temporal_reference': False, 'mentions_action': True, 'mentions_system_state': False}",['allow_execute'],"['investigate', 'execute', 'summarize', 'ops']",[]
apply the io scheduler change to deadline,execution,"{'is_question': False, 'question_word': None, 'has_imperative': True, 'imperative_verb': 'apply', 'has_uncertainty_marker': False, 'has_temporal_reference': False, 'mentions_action': True, 'mentions_system_state': False}",['allow_execute'],"['investigate', 'execute', 'summarize', 'ops']",[]
summarize the ssl certificate expiry status across services,summarization,"{'is_question': False, 'question_word': None, 'has_imperative': False, 'imperative_verb': None, 'has_uncertainty_marker': False, 'has_temporal_reference': False, 'mentions_action': True, 'mentions_system_state': True}",[],"['investigate', 'execute', 'summarize', 'ops']",[]
analyze the latency introduced by the proxy sidecar,investigate,"{'is_question': False, 'question_word': None, 'has_imperative': False, 'imperative_verb': None, 'has_uncertainty_marker': False, 'has_temporal_reference': False, 'mentions_action': False, 'mentions_system_state': True}",[],"['investigate', 'execute', 'summarize', 'ops']",[]
how is the weather today,out_of_scope,"{'is_question': True, 'question_word': 'how', 'has_imperative': False, 'imperative_verb': None, 'has_uncertainty_marker': False, 'has_temporal_reference': True, 'mentions_action': False, 'mentions_system_state': False}",['block_execute'],"['investigate', 'summarize', 'ops']",['execute']
configure the container registry garbage collection,execution,"{'is_question': False, 'question_word': None, 'has_imperative': False, 'imperative_verb': None, 'has_uncertainty_marker': False, 'has_temporal_reference': False, 'mentions_action': False, 'mentions_system_state': False}",[],"['investigate', 'execute', 'summarize', 'ops']",[]
how do I tie a tie,out_of_scope,"{'is_question': True, 'question_word': 'how', 'has_imperative': False, 'imperative_verb': None, 'has_uncertainty_marker': False, 'has_temporal_reference': False, 'mentions_action': False, 'mentions_system_state': False}",['block_execute'],"['investigate', 'summarize', 'ops']",['execute']
summarize the user impact analysis from the last incident,summarization,"{'is_question': False, 'question_word': None, 'has_imperative': False, 'imperative_verb': None, 'has_uncertainty_marker': False, 'has_temporal_reference': True, 'mentions_action': True, 'mentions_system_state': False}",[],"['investigate', 'execute', 'summarize', 'ops']",[]
what is causing the excessive memory paging,investigate,"{'is_question': True, 'question_word': 'what', 'has_imperative': False, 'imperative_verb': None, 'has_uncertainty_marker': False, 'has_temporal_reference': False, 'mentions_action': False, 'mentions_system_state': True}","['block_execute', 'require_diagnostic_investigate']","['investigate', 'summarize', 'ops']",['execute']
check why the ephemeral storage is filling up quickly,investigate,"{'is_question': False, 'question_word': None, 'has_imperative': False, 'imperative_verb': None, 'has_uncertainty_marker': False, 'has_temporal_reference': False, 'mentions_action': True, 'mentions_system_state': False}",[],"['investigate', 'execute', 'summarize', 'ops']",[]
check what caused the crash,investigate,"{'is_question': False, 'question_word': None, 'has_imperative': False, 'imperative_verb': None, 'has_uncertainty_marker': False, 'has_temporal_reference': False, 'mentions_action': True, 'mentions_system_state': True}",[],"['investigate', 'execute', 'summarize', 'ops']",[]
provide a recap of the cross-service dependency changes,summarization,"{'is_question': False, 'question_word': None, 'has_imperative': False, 'imperative_verb': None, 'has_uncertainty_marker': False, 'has_temporal_reference': False, 'mentions_action': False, 'mentions_system_state': False}",[],"['investigate', 'execute', 'summarize', 'ops']",[]
give me a summary of the top database tables by row count,summarization,"{'is_question': False, 'question_word': None, 'has_imperative': False, 'imperative_verb': None, 'has_uncertainty_marker': False, 'has_temporal_reference': False, 'mentions_action': False, 'mentions_system_state': False}",[],"['investigate', 'execute', 'summarize', 'ops']",[]
why is the snapshot restore taking longer than expected,investigate,"{'is_question': True, 'question_word': 'why', 'has_imperative': False, 'imperative_verb': None, 'has_uncertainty_marker': False, 'has_temporal_reference': False, 'mentions_action': False, 'mentions_system_state': False}",['block_execute'],"['investigate', 'summarize', 'ops']",['execute']
what is causing the repeated auth failures,investigate,"{'is_question': True, 'question_word': 'what', 'has_imperative': False, 'imperative_verb': None, 'has_uncertainty_marker': False, 'has_temporal_reference': False, 'mentions_action': False, 'mentions_system_state': True}","['block_execute', 'require_diagnostic_investigate']","['investigate', 'summarize', 'ops']",['execute']
what is the stock market,out_of_scope,"{'is_question': True, 'question_word': 'what', 'has_imperative': False, 'imperative_verb': None, 'has_uncertainty_marker': False, 'has_temporal_reference': False, 'mentions_action': False, 'mentions_system_state': False}",['block_execute'],"['investigate', 'summarize', 'ops']",['execute']
provide a brief on the ratio of planned versus unplanned work,summarization,"{'is_question': False, 'question_word': None, 'has_imperative': False, 'imperative_verb': None, 'has_uncertainty_marker': False, 'has_temporal_reference': False, 'mentions_action': False, 'mentions_system_state': False}",[],"['investigate', 'execute', 'summarize', 'ops']",[]
check why the api gateway is caching stale tokens,investigate,"{'is_question': False, 'question_word': None, 'has_imperative': False, 'imperative_verb': None, 'has_uncertainty_marker': False, 'has_temporal_reference': False, 'mentions_action': True, 'mentions_system_state': False}",[],"['investigate', 'execute', 'summarize', 'ops']",[]
tell me about music,out_of_scope,"{'is_question': False, 'question_word': None, 'has_imperative': False, 'imperative_verb': None, 'has_uncertainty_marker': False, 'has_temporal_reference': False, 'mentions_action': False, 'mentions_system_state': False}",[],"['investigate', 'execute', 'summarize', 'ops']",[]
what is a catalyst,out_of_scope,"{'is_question': True, 'question_word': 'what', 'has_imperative': False, 'imperative_verb': None, 'has_uncertainty_marker': False, 'has_temporal_reference': False, 'mentions_action': False, 'mentions_system_state': False}",['block_execute'],"['investigate', 'summarize', 'ops']",['execute']
summarize the release impact on key user flows,summarization,"{'is_question': False, 'question_word': None, 'has_imperative': False, 'imperative_verb': None, 'has_uncertainty_marker': False, 'has_temporal_reference': False, 'mentions_action': True, 'mentions_system_state': False}",[],"['investigate', 'execute', 'summarize', 'ops']",[]
tell me about architecture,out_of_scope,"{'is_question': False, 'question_word': None, 'has_imperative': False, 'imperative_verb': None, 'has_uncertainty_marker': False, 'has_temporal_reference': False, 'mentions_action': False, 'mentions_system_state': False}",[],"['investigate', 'execute', 'summarize', 'ops']",[]
what is the speed of light,out_of_scope,"{'is_question': True, 'question_word': 'what', 'has_imperative': False, 'imperative_verb': None, 'has_uncertainty_marker': False, 'has_temporal_reference': False, 'mentions_action': False, 'mentions_system_state': False}",['block_execute'],"['investigate', 'summarize', 'ops']",['execute']
what is a gene,out_of_scope,"{'is_question': True, 'question_word': 'what', 'has_imperative': False, 'imperative_verb': None, 'has_uncertainty_marker': False, 'has_temporal_reference': False, 'mentions_action': False, 'mentions_system_state': False}",['block_execute'],"['investigate', 'summarize', 'ops']",['execute']
restart container,execution,"{'is_question': False, 'question_word': None, 'has_imperative': True, 'imperative_verb': 'restart', 'has_uncertainty_marker': False, 'has_temporal_reference': False, 'mentions_action': True, 'mentions_system_state': False}",['allow_execute'],"['investigate', 'execute', 'summarize', 'ops']",[]
give me a summary of alerts for last week,summarization,"{'is_question': False, 'question_word': None, 'has_imperative': False, 'imperative_verb': None, 'has_uncertainty_marker': False, 'has_temporal_reference': True, 'mentions_action': False, 'mentions_system_state': False}",[],"['investigate', 'execute', 'summarize', 'ops']",[]
investigate why websocket connections are dropping,investigate,"{'is_question': False, 'question_word': None, 'has_imperative': False, 'imperative_verb': None, 'has_uncertainty_marker': False, 'has_temporal_reference': False, 'mentions_action': True, 'mentions_system_state': False}",[],"['investigate', 'execute', 'summarize', 'ops']",[]
set the socket receive buffer size for throughput,execution,"{'is_question': False, 'question_word': None, 'has_imperative': False, 'imperative_verb': None, 'has_uncertainty_marker': False, 'has_temporal_reference': False, 'mentions_action': False, 'mentions_system_state': False}",[],"['investigate', 'execute', 'summarize', 'ops']",[]
investigate the intermittent connection resets,investigate,"{'is_question': False, 'question_word': None, 'has_imperative': False, 'imperative_verb': None, 'has_uncertainty_marker': False, 'has_temporal_reference': False, 'mentions_action': True, 'mentions_system_state': False}",[],"['investigate', 'execute', 'summarize', 'ops']",[]
what is causing the service to consume 100 percent cpu,investigate,"{'is_question': True, 'question_word': 'what', 'has_imperative': False, 'imperative_verb': None, 'has_uncertainty_marker': False, 'has_temporal_reference': False, 'mentions_action': False, 'mentions_system_state': True}","['block_execute', 'require_diagnostic_investigate']","['investigate', 'summarize', 'ops']",['execute']
give me an overview of the tenant usage statistics,summarization,"{'is_question': False, 'question_word': None, 'has_imperative': False, 'imperative_verb': None, 'has_uncertainty_marker': False, 'has_temporal_reference': False, 'mentions_action': False, 'mentions_system_state': False}",[],"['investigate', 'execute', 'summarize', 'ops']",[]
investigate the async callback queue overflow,investigate,"{'is_question': False, 'question_word': None, 'has_imperative': False, 'imperative_verb': None, 'has_uncertainty_marker': False, 'has_temporal_reference': False, 'mentions_action': True, 'mentions_system_state': False}",[],"['investigate', 'execute', 'summarize', 'ops']",[]
summarize the system hardening checklist compliance,summarization,"{'is_question': False, 'question_word': None, 'has_imperative': False, 'imperative_verb': None, 'has_uncertainty_marker': False, 'has_temporal_reference': False, 'mentions_action': True, 'mentions_system_state': False}",[],"['investigate', 'execute', 'summarize', 'ops']",[]
how do I train a dog basic commands,out_of_scope,"{'is_question': True, 'question_word': 'how', 'has_imperative': False, 'imperative_verb': None, 'has_uncertainty_marker': False, 'has_temporal_reference': False, 'mentions_action': False, 'mentions_system_state': False}",['block_execute'],"['investigate', 'summarize', 'ops']",['execute']
summarize what alerts fired during the incident window,summarization,"{'is_question': False, 'question_word': None, 'has_imperative': False, 'imperative_verb': None, 'has_uncertainty_marker': False, 'has_temporal_reference': False, 'mentions_action': True, 'mentions_system_state': False}",[],"['investigate', 'execute', 'summarize', 'ops']",[]
why is the compaction process stalling on cassandra,investigate,"{'is_question': True, 'question_word': 'why', 'has_imperative': False, 'imperative_verb': None, 'has_uncertainty_marker': False, 'has_temporal_reference': False, 'mentions_action': False, 'mentions_system_state': False}",['block_execute'],"['investigate', 'summarize', 'ops']",['execute']
summarize the third party integration health,summarization,"{'is_question': False, 'question_word': None, 'has_imperative': False, 'imperative_verb': None, 'has_uncertainty_marker': False, 'has_temporal_reference': False, 'mentions_action': True, 'mentions_system_state': False}",[],"['investigate', 'execute', 'summarize', 'ops']",[]
run the chaos engineering test on staging,execution,"{'is_question': False, 'question_word': None, 'has_imperative': False, 'imperative_verb': None, 'has_uncertainty_marker': False, 'has_temporal_reference': False, 'mentions_action': False, 'mentions_system_state': False}",[],"['investigate', 'execute', 'summarize', 'ops']",[]
what is anthropology,out_of_scope,"{'is_question': True, 'question_word': 'what', 'has_imperative': False, 'imperative_verb': None, 'has_uncertainty_marker': False, 'has_temporal_reference': False, 'mentions_action': False, 'mentions_system_state': False}",['block_execute'],"['investigate', 'summarize', 'ops']",['execute']
summarize incident timeline,summarization,"{'is_question': False, 'question_word': None, 'has_imperative': False, 'imperative_verb': None, 'has_uncertainty_marker': False, 'has_temporal_reference': False, 'mentions_action': True, 'mentions_system_state': False}",[],"['investigate', 'execute', 'summarize', 'ops']",[]
what is a supernova,out_of_scope,"{'is_question': True, 'question_word': 'what', 'has_imperative': False, 'imperative_verb': None, 'has_uncertainty_marker': False, 'has_temporal_reference': False, 'mentions_action': False, 'mentions_system_state': False}",['block_execute'],"['investigate', 'summarize', 'ops']",['execute']
update the kerberos keytab on the server,execution,"{'is_question': False, 'question_word': None, 'has_imperative': True, 'imperative_verb': 'update', 'has_uncertainty_marker': False, 'has_temporal_reference': False, 'mentions_action': True, 'mentions_system_state': False}",['allow_execute'],"['investigate', 'execute', 'summarize', 'ops']",[]
give me an overview of the external dependency health,summarization,"{'is_question': False, 'question_word': None, 'has_imperative': False, 'imperative_verb': None, 'has_uncertainty_marker': False, 'has_temporal_reference': False, 'mentions_action': False, 'mentions_system_state': False}",[],"['investigate', 'execute', 'summarize', 'ops']",[]
why is the etcd cluster showing leader election issues,investigate,"{'is_question': True, 'question_word': 'why', 'has_imperative': False, 'imperative_verb': None, 'has_uncertainty_marker': False, 'has_temporal_reference': False, 'mentions_action': True, 'mentions_system_state': False}",['block_execute'],"['investigate', 'summarize', 'ops']",['execute']
summarize the api gateway performance for the past sprint,summarization,"{'is_question': False, 'question_word': None, 'has_imperative': False, 'imperative_verb': None, 'has_uncertainty_marker': False, 'has_temporal_reference': True, 'mentions_action': True, 'mentions_system_state': False}",[],"['investigate', 'execute', 'summarize', 'ops']",[]
what is the greenhouse gas,out_of_scope,"{'is_question': True, 'question_word': 'what', 'has_imperative': False, 'imperative_verb': None, 'has_uncertainty_marker': False, 'has_temporal_reference': False, 'mentions_action': False, 'mentions_system_state': False}",['block_execute'],"['investigate', 'summarize', 'ops']",['execute']
give me a brief on the vendor incident reports,summarization,"{'is_question': False, 'question_word': None, 'has_imperative': False, 'imperative_verb': None, 'has_uncertainty_marker': False, 'has_temporal_reference': False, 'mentions_action': True, 'mentions_system_state': False}",[],"['investigate', 'execute', 'summarize', 'ops']",[]
how do I play tennis,out_of_scope,"{'is_question': True, 'question_word': 'how', 'has_imperative': False, 'imperative_verb': None, 'has_uncertainty_marker': False, 'has_temporal_reference': False, 'mentions_action': False, 'mentions_system_state': False}",['block_execute'],"['investigate', 'summarize', 'ops']",['execute']
apply the resource quota to the namespace,execution,"{'is_question': False, 'question_word': None, 'has_imperative': True, 'imperative_verb': 'apply', 'has_uncertainty_marker': False, 'has_temporal_reference': False, 'mentions_action': True, 'mentions_system_state': False}",['allow_execute'],"['investigate', 'execute', 'summarize', 'ops']",[]
who discovered electricity,out_of_scope,"{'is_question': True, 'question_word': 'who', 'has_imperative': False, 'imperative_verb': None, 'has_uncertainty_marker': False, 'has_temporal_reference': False, 'mentions_action': False, 'mentions_system_state': False}",['block_execute'],"['investigate', 'summarize', 'ops']",['execute']
give me a brief on the service health dashboard metrics,summarization,"{'is_question': False, 'question_word': None, 'has_imperative': False, 'imperative_verb': None, 'has_uncertainty_marker': False, 'has_temporal_reference': False, 'mentions_action': False, 'mentions_system_state': False}",[],"['investigate', 'execute', 'summarize', 'ops']",[]
provide a brief on the rollback rate trends,summarization,"{'is_question': False, 'question_word': None, 'has_imperative': False, 'imperative_verb': None, 'has_uncertainty_marker': False, 'has_temporal_reference': False, 'mentions_action': True, 'mentions_system_state': False}",[],"['investigate', 'execute', 'summarize', 'ops']",[]
how do I make miso paste,out_of_scope,"{'is_question': True, 'question_word': 'how', 'has_imperative': False, 'imperative_verb': None, 'has_uncertainty_marker': False, 'has_temporal_reference': False, 'mentions_action': False, 'mentions_system_state': False}",['block_execute'],"['investigate', 'summarize', 'ops']",['execute']
run the trivy vulnerability scan on the image,execution,"{'is_question': False, 'question_word': None, 'has_imperative': False, 'imperative_verb': None, 'has_uncertainty_marker': False, 'has_temporal_reference': False, 'mentions_action': False, 'mentions_system_state': False}",[],"['investigate', 'execute', 'summarize', 'ops']",[]
cordon the node before maintenance,execution,"{'is_question': False, 'question_word': None, 'has_imperative': False, 'imperative_verb': None, 'has_uncertainty_marker': False, 'has_temporal_reference': False, 'mentions_action': False, 'mentions_system_state': False}",[],"['investigate', 'execute', 'summarize', 'ops']",[]
why is the background sync job being preempted,investigate,"{'is_question': True, 'question_word': 'why', 'has_imperative': False, 'imperative_verb': None, 'has_uncertainty_marker': False, 'has_temporal_reference': False, 'mentions_action': False, 'mentions_system_state': False}",['block_execute'],"['investigate', 'summarize', 'ops']",['execute']
apply the coredns custom forwarding rule,execution,"{'is_question': False, 'question_word': None, 'has_imperative': True, 'imperative_verb': 'apply', 'has_uncertainty_marker': False, 'has_temporal_reference': False, 'mentions_action': True, 'mentions_system_state': False}",['allow_execute'],"['investigate', 'execute', 'summarize', 'ops']",[]
summarize the compliance remediation progress,summarization,"{'is_question': False, 'question_word': None, 'has_imperative': False, 'imperative_verb': None, 'has_uncertainty_marker': False, 'has_temporal_reference': False, 'mentions_action': True, 'mentions_system_state': False}",[],"['investigate', 'execute', 'summarize', 'ops']",[]
enable cross-origin resource sharing headers,execution,"{'is_question': False, 'question_word': None, 'has_imperative': False, 'imperative_verb': None, 'has_uncertainty_marker': False, 'has_temporal_reference': False, 'mentions_action': False, 'mentions_system_state': False}",[],"['investigate', 'execute', 'summarize', 'ops']",[]
summarize capacity report,summarization,"{'is_question': False, 'question_word': None, 'has_imperative': False, 'imperative_verb': None, 'has_uncertainty_marker': False, 'has_temporal_reference': False, 'mentions_action': True, 'mentions_system_state': False}",[],"['investigate', 'execute', 'summarize', 'ops']",[]
why is the reverse proxy adding unexpected headers,investigate,"{'is_question': True, 'question_word': 'why', 'has_imperative': False, 'imperative_verb': None, 'has_uncertainty_marker': False, 'has_temporal_reference': False, 'mentions_action': False, 'mentions_system_state': False}",['block_execute'],"['investigate', 'summarize', 'ops']",['execute']
check what is causing the cache stampede,investigate,"{'is_question': False, 'question_word': None, 'has_imperative': False, 'imperative_verb': None, 'has_uncertainty_marker': False, 'has_temporal_reference': False, 'mentions_action': True, 'mentions_system_state': False}",[],"['investigate', 'execute', 'summarize', 'ops']",[]
enable the web application firewall rules,execution,"{'is_question': False, 'question_word': None, 'has_imperative': False, 'imperative_verb': None, 'has_uncertainty_marker': False, 'has_temporal_reference': False, 'mentions_action': False, 'mentions_system_state': False}",[],"['investigate', 'execute', 'summarize', 'ops']",[]
analyze the kernel scheduler latency spikes,investigate,"{'is_question': False, 'question_word': None, 'has_imperative': False, 'imperative_verb': None, 'has_uncertainty_marker': False, 'has_temporal_reference': False, 'mentions_action': False, 'mentions_system_state': True}",[],"['investigate', 'execute', 'summarize', 'ops']",[]
give me an overview of the capacity headroom by service,summarization,"{'is_question': False, 'question_word': None, 'has_imperative': False, 'imperative_verb': None, 'has_uncertainty_marker': False, 'has_temporal_reference': False, 'mentions_action': False, 'mentions_system_state': False}",[],"['investigate', 'execute', 'summarize', 'ops']",[]
who is galileo,out_of_scope,"{'is_question': True, 'question_word': 'who', 'has_imperative': False, 'imperative_verb': None, 'has_uncertainty_marker': False, 'has_temporal_reference': False, 'mentions_action': False, 'mentions_system_state': False}",['block_execute'],"['investigate', 'summarize', 'ops']",['execute']
how do I tie dye a shirt,out_of_scope,"{'is_question': True, 'question_word': 'how', 'has_imperative': False, 'imperative_verb': None, 'has_uncertainty_marker': False, 'has_temporal_reference': False, 'mentions_action': False, 'mentions_system_state': False}",['block_execute'],"['investigate', 'summarize', 'ops']",['execute']
provide a brief on the retry rate trends,summarization,"{'is_question': False, 'question_word': None, 'has_imperative': False, 'imperative_verb': None, 'has_uncertainty_marker': False, 'has_temporal_reference': False, 'mentions_action': False, 'mentions_system_state': False}",[],"['investigate', 'execute', 'summarize', 'ops']",[]
provide a brief on the system vulnerability exposure index,summarization,"{'is_question': False, 'question_word': None, 'has_imperative': False, 'imperative_verb': None, 'has_uncertainty_marker': False, 'has_temporal_reference': False, 'mentions_action': False, 'mentions_system_state': False}",[],"['investigate', 'execute', 'summarize', 'ops']",[]
start the disaster recovery failover procedure,execution,"{'is_question': False, 'question_word': None, 'has_imperative': True, 'imperative_verb': 'start', 'has_uncertainty_marker': False, 'has_temporal_reference': False, 'mentions_action': True, 'mentions_system_state': True}",['allow_execute'],"['investigate', 'execute', 'summarize', 'ops']",[]
how do I whistle,out_of_scope,"{'is_question': True, 'question_word': 'how', 'has_imperative': False, 'imperative_verb': None, 'has_uncertainty_marker': False, 'has_temporal_reference': False, 'mentions_action': False, 'mentions_system_state': False}",['block_execute'],"['investigate', 'summarize', 'ops']",['execute']
how do I skip stones,out_of_scope,"{'is_question': True, 'question_word': 'how', 'has_imperative': False, 'imperative_verb': None, 'has_uncertainty_marker': False, 'has_temporal_reference': False, 'mentions_action': False, 'mentions_system_state': False}",['block_execute'],"['investigate', 'summarize', 'ops']",['execute']
summarize the multi-region deployment status,summarization,"{'is_question': False, 'question_word': None, 'has_imperative': False, 'imperative_verb': None, 'has_uncertainty_marker': False, 'has_temporal_reference': False, 'mentions_action': True, 'mentions_system_state': True}",[],"['investigate', 'execute', 'summarize', 'ops']",[]
enable the vpa recommendation mode on the namespace,execution,"{'is_question': False, 'question_word': None, 'has_imperative': False, 'imperative_verb': None, 'has_uncertainty_marker': False, 'has_temporal_reference': False, 'mentions_action': False, 'mentions_system_state': False}",[],"['investigate', 'execute', 'summarize', 'ops']",[]
run the tls delegation certificate signing request,execution,"{'is_question': False, 'question_word': None, 'has_imperative': False, 'imperative_verb': None, 'has_uncertainty_marker': False, 'has_temporal_reference': False, 'mentions_action': False, 'mentions_system_state': False}",[],"['investigate', 'execute', 'summarize', 'ops']",[]
tell me about the maya calendar,out_of_scope,"{'is_question': False, 'question_word': None, 'has_imperative': False, 'imperative_verb': None, 'has_uncertainty_marker': False, 'has_temporal_reference': False, 'mentions_action': False, 'mentions_system_state': False}",[],"['investigate', 'execute', 'summarize', 'ops']",[]
what is magnetism,out_of_scope,"{'is_question': True, 'question_word': 'what', 'has_imperative': False, 'imperative_verb': None, 'has_uncertainty_marker': False, 'has_temporal_reference': False, 'mentions_action': False, 'mentions_system_state': False}",['block_execute'],"['investigate', 'summarize', 'ops']",['execute']
what is nanotechnology,out_of_scope,"{'is_question': True, 'question_word': 'what', 'has_imperative': False, 'imperative_verb': None, 'has_uncertainty_marker': False, 'has_temporal_reference': False, 'mentions_action': False, 'mentions_system_state': False}",['block_execute'],"['investigate', 'summarize', 'ops']",['execute']
investigate the cache warmup causing latency at startup,investigate,"{'is_question': False, 'question_word': None, 'has_imperative': False, 'imperative_verb': None, 'has_uncertainty_marker': False, 'has_temporal_reference': False, 'mentions_action': True, 'mentions_system_state': True}",[],"['investigate', 'execute', 'summarize', 'ops']",[]
investigate the http pipelining issue on the proxy,investigate,"{'is_question': False, 'question_word': None, 'has_imperative': False, 'imperative_verb': None, 'has_uncertainty_marker': False, 'has_temporal_reference': False, 'mentions_action': True, 'mentions_system_state': False}",[],"['investigate', 'execute', 'summarize', 'ops']",[]
investigate the namespace collision in kubernetes,investigate,"{'is_question': False, 'question_word': None, 'has_imperative': False, 'imperative_verb': None, 'has_uncertainty_marker': False, 'has_temporal_reference': False, 'mentions_action': True, 'mentions_system_state': False}",[],"['investigate', 'execute', 'summarize', 'ops']",[]
summarize the data pipeline execution summary,summarization,"{'is_question': False, 'question_word': None, 'has_imperative': False, 'imperative_verb': None, 'has_uncertainty_marker': False, 'has_temporal_reference': False, 'mentions_action': True, 'mentions_system_state': False}",[],"['investigate', 'execute', 'summarize', 'ops']",[]
how do I learn how to play harmonica,out_of_scope,"{'is_question': True, 'question_word': 'how', 'has_imperative': False, 'imperative_verb': None, 'has_uncertainty_marker': False, 'has_temporal_reference': False, 'mentions_action': False, 'mentions_system_state': False}",['block_execute'],"['investigate', 'summarize', 'ops']",['execute']
why is the health status endpoint returning wrong version,investigate,"{'is_question': True, 'question_word': 'why', 'has_imperative': False, 'imperative_verb': None, 'has_uncertainty_marker': False, 'has_temporal_reference': False, 'mentions_action': False, 'mentions_system_state': True}","['block_execute', 'require_diagnostic_investigate']","['investigate', 'summarize', 'ops']",['execute']
investigate the data corruption in table orders,investigate,"{'is_question': False, 'question_word': None, 'has_imperative': False, 'imperative_verb': None, 'has_uncertainty_marker': False, 'has_temporal_reference': False, 'mentions_action': True, 'mentions_system_state': False}",[],"['investigate', 'execute', 'summarize', 'ops']",[]
check why the circuit breaker keeps tripping,investigate,"{'is_question': False, 'question_word': None, 'has_imperative': False, 'imperative_verb': None, 'has_uncertainty_marker': False, 'has_temporal_reference': False, 'mentions_action': True, 'mentions_system_state': False}",[],"['investigate', 'execute', 'summarize', 'ops']",[]
why are write locks being held for too long,investigate,"{'is_question': True, 'question_word': 'why', 'has_imperative': False, 'imperative_verb': None, 'has_uncertainty_marker': False, 'has_temporal_reference': False, 'mentions_action': False, 'mentions_system_state': False}",['block_execute'],"['investigate', 'summarize', 'ops']",['execute']
what is a black dwarf star,out_of_scope,"{'is_question': True, 'question_word': 'what', 'has_imperative': False, 'imperative_verb': None, 'has_uncertainty_marker': False, 'has_temporal_reference': False, 'mentions_action': False, 'mentions_system_state': False}",['block_execute'],"['investigate', 'summarize', 'ops']",['execute']
reset application state,execution,"{'is_question': False, 'question_word': None, 'has_imperative': False, 'imperative_verb': None, 'has_uncertainty_marker': False, 'has_temporal_reference': False, 'mentions_action': False, 'mentions_system_state': False}",[],"['investigate', 'execute', 'summarize', 'ops']",[]
give me a brief on the auto-scaling behavior this week,summarization,"{'is_question': False, 'question_word': None, 'has_imperative': False, 'imperative_verb': None, 'has_uncertainty_marker': False, 'has_temporal_reference': False, 'mentions_action': False, 'mentions_system_state': False}",[],"['investigate', 'execute', 'summarize', 'ops']",[]
give me an overview of the kafka consumer lag trends,summarization,"{'is_question': False, 'question_word': None, 'has_imperative': False, 'imperative_verb': None, 'has_uncertainty_marker': False, 'has_temporal_reference': False, 'mentions_action': False, 'mentions_system_state': False}",[],"['investigate', 'execute', 'summarize', 'ops']",[]
prune the docker volumes on the build agent,execution,"{'is_question': False, 'question_word': None, 'has_imperative': False, 'imperative_verb': None, 'has_uncertainty_marker': False, 'has_temporal_reference': False, 'mentions_action': False, 'mentions_system_state': False}",[],"['investigate', 'execute', 'summarize', 'ops']",[]
configure the retry policy with exponential backoff,execution,"{'is_question': False, 'question_word': None, 'has_imperative': False, 'imperative_verb': None, 'has_uncertainty_marker': False, 'has_temporal_reference': False, 'mentions_action': False, 'mentions_system_state': False}",[],"['investigate', 'execute', 'summarize', 'ops']",[]
tell me about the sumerian civilization,out_of_scope,"{'is_question': False, 'question_word': None, 'has_imperative': False, 'imperative_verb': None, 'has_uncertainty_marker': False, 'has_temporal_reference': False, 'mentions_action': False, 'mentions_system_state': False}",[],"['investigate', 'execute', 'summarize', 'ops']",[]
why is the ssl certificate expired on prod,investigate,"{'is_question': True, 'question_word': 'why', 'has_imperative': False, 'imperative_verb': None, 'has_uncertainty_marker': False, 'has_temporal_reference': False, 'mentions_action': False, 'mentions_system_state': False}",['block_execute'],"['investigate', 'summarize', 'ops']",['execute']
who is aristotle and his philosophy,out_of_scope,"{'is_question': True, 'question_word': 'who', 'has_imperative': False, 'imperative_verb': None, 'has_uncertainty_marker': False, 'has_temporal_reference': False, 'mentions_action': False, 'mentions_system_state': False}",['block_execute'],"['investigate', 'summarize', 'ops']",['execute']
look into the certificate chain validation error,investigate,"{'is_question': False, 'question_word': None, 'has_imperative': False, 'imperative_verb': None, 'has_uncertainty_marker': False, 'has_temporal_reference': False, 'mentions_action': False, 'mentions_system_state': True}",[],"['investigate', 'execute', 'summarize', 'ops']",[]
check what is causing the spike in error rate,investigate,"{'is_question': False, 'question_word': None, 'has_imperative': False, 'imperative_verb': None, 'has_uncertainty_marker': False, 'has_temporal_reference': False, 'mentions_action': True, 'mentions_system_state': True}",[],"['investigate', 'execute', 'summarize', 'ops']",[]
provide cache hit summary,summarization,"{'is_question': False, 'question_word': None, 'has_imperative': False, 'imperative_verb': None, 'has_uncertainty_marker': False, 'has_temporal_reference': False, 'mentions_action': False, 'mentions_system_state': False}",[],"['investigate', 'execute', 'summarize', 'ops']",[]
force garbage collection,execution,"{'is_question': False, 'question_word': None, 'has_imperative': False, 'imperative_verb': None, 'has_uncertainty_marker': False, 'has_temporal_reference': False, 'mentions_action': False, 'mentions_system_state': False}",[],"['investigate', 'execute', 'summarize', 'ops']",[]
redeploy the microservice with the fix,execution,"{'is_question': False, 'question_word': None, 'has_imperative': False, 'imperative_verb': None, 'has_uncertainty_marker': False, 'has_temporal_reference': False, 'mentions_action': True, 'mentions_system_state': False}",[],"['investigate', 'execute', 'summarize', 'ops']",[]
how do I start a garden,out_of_scope,"{'is_question': True, 'question_word': 'how', 'has_imperative': False, 'imperative_verb': None, 'has_uncertainty_marker': False, 'has_temporal_reference': False, 'mentions_action': True, 'mentions_system_state': False}",['block_execute'],"['investigate', 'summarize', 'ops']",['execute']
provide a recap of the data pipeline job outcomes,summarization,"{'is_question': False, 'question_word': None, 'has_imperative': False, 'imperative_verb': None, 'has_uncertainty_marker': False, 'has_temporal_reference': False, 'mentions_action': False, 'mentions_system_state': False}",[],"['investigate', 'execute', 'summarize', 'ops']",[]
why is the dns ttl causing stale lookups,investigate,"{'is_question': True, 'question_word': 'why', 'has_imperative': False, 'imperative_verb': None, 'has_uncertainty_marker': False, 'has_temporal_reference': False, 'mentions_action': False, 'mentions_system_state': False}",['block_execute'],"['investigate', 'summarize', 'ops']",['execute']
rebalance the kafka topic partitions,execution,"{'is_question': False, 'question_word': None, 'has_imperative': False, 'imperative_verb': None, 'has_uncertainty_marker': False, 'has_temporal_reference': False, 'mentions_action': False, 'mentions_system_state': False}",[],"['investigate', 'execute', 'summarize', 'ops']",[]
what is causing the node disk pressure warning,investigate,"{'is_question': True, 'question_word': 'what', 'has_imperative': False, 'imperative_verb': None, 'has_uncertainty_marker': False, 'has_temporal_reference': False, 'mentions_action': False, 'mentions_system_state': False}",['block_execute'],"['investigate', 'summarize', 'ops']",['execute']
scale job scheduler,execution,"{'is_question': False, 'question_word': None, 'has_imperative': True, 'imperative_verb': 'scale', 'has_uncertainty_marker': False, 'has_temporal_reference': False, 'mentions_action': True, 'mentions_system_state': False}",['allow_execute'],"['investigate', 'execute', 'summarize', 'ops']",[]
why is the batch job consuming all available memory,investigate,"{'is_question': True, 'question_word': 'why', 'has_imperative': False, 'imperative_verb': None, 'has_uncertainty_marker': False, 'has_temporal_reference': False, 'mentions_action': False, 'mentions_system_state': True}","['block_execute', 'require_diagnostic_investigate']","['investigate', 'summarize', 'ops']",['execute']
what time is it,out_of_scope,"{'is_question': True, 'question_word': 'what', 'has_imperative': False, 'imperative_verb': None, 'has_uncertainty_marker': False, 'has_temporal_reference': False, 'mentions_action': False, 'mentions_system_state': False}",['block_execute'],"['investigate', 'summarize', 'ops']",['execute']
how do I clean a cast iron pan,out_of_scope,"{'is_question': True, 'question_word': 'how', 'has_imperative': False, 'imperative_verb': None, 'has_uncertainty_marker': False, 'has_temporal_reference': False, 'mentions_action': True, 'mentions_system_state': False}",['block_execute'],"['investigate', 'summarize', 'ops']",['execute']
how do I make a quilt,out_of_scope,"{'is_question': True, 'question_word': 'how', 'has_imperative': False, 'imperative_verb': None, 'has_uncertainty_marker': False, 'has_temporal_reference': False, 'mentions_action': False, 'mentions_system_state': False}",['block_execute'],"['investigate', 'summarize', 'ops']",['execute']
how do I make pesto from scratch,out_of_scope,"{'is_question': True, 'question_word': 'how', 'has_imperative': False, 'imperative_verb': None, 'has_uncertainty_marker': False, 'has_temporal_reference': False, 'mentions_action': False, 'mentions_system_state': False}",['block_execute'],"['investigate', 'summarize', 'ops']",['execute']
who is florence nightingale,out_of_scope,"{'is_question': True, 'question_word': 'who', 'has_imperative': False, 'imperative_verb': None, 'has_uncertainty_marker': False, 'has_temporal_reference': False, 'mentions_action': False, 'mentions_system_state': False}",['block_execute'],"['investigate', 'summarize', 'ops']",['execute']
how do I learn to surf beginner tips,out_of_scope,"{'is_question': True, 'question_word': 'how', 'has_imperative': False, 'imperative_verb': None, 'has_uncertainty_marker': False, 'has_temporal_reference': False, 'mentions_action': False, 'mentions_system_state': False}",['block_execute'],"['investigate', 'summarize', 'ops']",['execute']
give me an overview of the platform reliability metrics,summarization,"{'is_question': False, 'question_word': None, 'has_imperative': False, 'imperative_verb': None, 'has_uncertainty_marker': False, 'has_temporal_reference': False, 'mentions_action': False, 'mentions_system_state': False}",[],"['investigate', 'execute', 'summarize', 'ops']",[]
enable the transparent hugepages for the database,execution,"{'is_question': False, 'question_word': None, 'has_imperative': False, 'imperative_verb': None, 'has_uncertainty_marker': False, 'has_temporal_reference': False, 'mentions_action': False, 'mentions_system_state': False}",[],"['investigate', 'execute', 'summarize', 'ops']",[]
provide a brief on the jvm memory pool utilization,summarization,"{'is_question': False, 'question_word': None, 'has_imperative': False, 'imperative_verb': None, 'has_uncertainty_marker': False, 'has_temporal_reference': False, 'mentions_action': False, 'mentions_system_state': True}",[],"['investigate', 'execute', 'summarize', 'ops']",[]
scale the worker pool to 20 instances,execution,"{'is_question': False, 'question_word': None, 'has_imperative': True, 'imperative_verb': 'scale', 'has_uncertainty_marker': False, 'has_temporal_reference': False, 'mentions_action': True, 'mentions_system_state': False}",['allow_execute'],"['investigate', 'execute', 'summarize', 'ops']",[]
provide a summary of the dns query patterns,summarization,"{'is_question': False, 'question_word': None, 'has_imperative': False, 'imperative_verb': None, 'has_uncertainty_marker': False, 'has_temporal_reference': False, 'mentions_action': False, 'mentions_system_state': False}",[],"['investigate', 'execute', 'summarize', 'ops']",[]
examine the kernel panic logs on host-42,investigate,"{'is_question': False, 'question_word': None, 'has_imperative': False, 'imperative_verb': None, 'has_uncertainty_marker': False, 'has_temporal_reference': False, 'mentions_action': False, 'mentions_system_state': False}",[],"['investigate', 'execute', 'summarize', 'ops']",[]
migrate the database schema to version 3.2,execution,"{'is_question': False, 'question_word': None, 'has_imperative': False, 'imperative_verb': None, 'has_uncertainty_marker': False, 'has_temporal_reference': False, 'mentions_action': False, 'mentions_system_state': False}",[],"['investigate', 'execute', 'summarize', 'ops']",[]
give me a summary of the top recurring failure modes,summarization,"{'is_question': False, 'question_word': None, 'has_imperative': False, 'imperative_verb': None, 'has_uncertainty_marker': False, 'has_temporal_reference': False, 'mentions_action': False, 'mentions_system_state': True}",[],"['investigate', 'execute', 'summarize', 'ops']",[]
check the semaphore deadlock in the process pool,investigate,"{'is_question': False, 'question_word': None, 'has_imperative': False, 'imperative_verb': None, 'has_uncertainty_marker': False, 'has_temporal_reference': False, 'mentions_action': True, 'mentions_system_state': False}",[],"['investigate', 'execute', 'summarize', 'ops']",[]
update the opensearch index template,execution,"{'is_question': False, 'question_word': None, 'has_imperative': True, 'imperative_verb': 'update', 'has_uncertainty_marker': False, 'has_temporal_reference': False, 'mentions_action': True, 'mentions_system_state': False}",['allow_execute'],"['investigate', 'execute', 'summarize', 'ops']",[]
why are retries increasing the backend load,investigate,"{'is_question': True, 'question_word': 'why', 'has_imperative': False, 'imperative_verb': None, 'has_uncertainty_marker': False, 'has_temporal_reference': False, 'mentions_action': False, 'mentions_system_state': False}",['block_execute'],"['investigate', 'summarize', 'ops']",['execute']
analyze the cause of the high cardinality in logs,investigate,"{'is_question': False, 'question_word': None, 'has_imperative': False, 'imperative_verb': None, 'has_uncertainty_marker': False, 'has_temporal_reference': False, 'mentions_action': False, 'mentions_system_state': False}",[],"['investigate', 'execute', 'summarize', 'ops']",[]
who is frida kahlo,out_of_scope,"{'is_question': True, 'question_word': 'who', 'has_imperative': False, 'imperative_verb': None, 'has_uncertainty_marker': False, 'has_temporal_reference': False, 'mentions_action': False, 'mentions_system_state': False}",['block_execute'],"['investigate', 'summarize', 'ops']",['execute']
enable the numa-aware memory allocation,execution,"{'is_question': False, 'question_word': None, 'has_imperative': False, 'imperative_verb': None, 'has_uncertainty_marker': False, 'has_temporal_reference': False, 'mentions_action': False, 'mentions_system_state': True}",[],"['investigate', 'execute', 'summarize', 'ops']",[]
what is climate change,out_of_scope,"{'is_question': True, 'question_word': 'what', 'has_imperative': False, 'imperative_verb': None, 'has_uncertainty_marker': False, 'has_temporal_reference': False, 'mentions_action': False, 'mentions_system_state': False}",['block_execute'],"['investigate', 'summarize', 'ops']",['execute']
why is the distributed transaction not committing,investigate,"{'is_question': True, 'question_word': 'why', 'has_imperative': False, 'imperative_verb': None, 'has_uncertainty_marker': False, 'has_temporal_reference': False, 'mentions_action': False, 'mentions_system_state': False}",['block_execute'],"['investigate', 'summarize', 'ops']",['execute']
tell me about the golden age of islam,out_of_scope,"{'is_question': False, 'question_word': None, 'has_imperative': False, 'imperative_verb': None, 'has_uncertainty_marker': False, 'has_temporal_reference': False, 'mentions_action': False, 'mentions_system_state': False}",[],"['investigate', 'execute', 'summarize', 'ops']",[]
switch traffic to the blue deployment,execution,"{'is_question': False, 'question_word': None, 'has_imperative': False, 'imperative_verb': None, 'has_uncertainty_marker': False, 'has_temporal_reference': False, 'mentions_action': True, 'mentions_system_state': False}",[],"['investigate', 'execute', 'summarize', 'ops']",[]
what is a solar system,out_of_scope,"{'is_question': True, 'question_word': 'what', 'has_imperative': False, 'imperative_verb': None, 'has_uncertainty_marker': False, 'has_temporal_reference': False, 'mentions_action': False, 'mentions_system_state': False}",['block_execute'],"['investigate', 'summarize', 'ops']",['execute']
give me a summary of the resource consumption by service,summarization,"{'is_question': False, 'question_word': None, 'has_imperative': False, 'imperative_verb': None, 'has_uncertainty_marker': False, 'has_temporal_reference': False, 'mentions_action': False, 'mentions_system_state': False}",[],"['investigate', 'execute', 'summarize', 'ops']",[]
give me a summary of the top 10 high-memory services,summarization,"{'is_question': False, 'question_word': None, 'has_imperative': False, 'imperative_verb': None, 'has_uncertainty_marker': False, 'has_temporal_reference': False, 'mentions_action': False, 'mentions_system_state': True}",[],"['investigate', 'execute', 'summarize', 'ops']",[]
what is philosophy,out_of_scope,"{'is_question': True, 'question_word': 'what', 'has_imperative': False, 'imperative_verb': None, 'has_uncertainty_marker': False, 'has_temporal_reference': False, 'mentions_action': False, 'mentions_system_state': False}",['block_execute'],"['investigate', 'summarize', 'ops']",['execute']
restart health check,execution,"{'is_question': False, 'question_word': None, 'has_imperative': True, 'imperative_verb': 'restart', 'has_uncertainty_marker': False, 'has_temporal_reference': False, 'mentions_action': True, 'mentions_system_state': False}",['allow_execute'],"['investigate', 'execute', 'summarize', 'ops']",[]
enable the graceful shutdown sequence on the workers,execution,"{'is_question': False, 'question_word': None, 'has_imperative': False, 'imperative_verb': None, 'has_uncertainty_marker': False, 'has_temporal_reference': False, 'mentions_action': False, 'mentions_system_state': True}",[],"['investigate', 'execute', 'summarize', 'ops']",[]
enable the maintenance page on the cdn,execution,"{'is_question': False, 'question_word': None, 'has_imperative': False, 'imperative_verb': None, 'has_uncertainty_marker': False, 'has_temporal_reference': False, 'mentions_action': False, 'mentions_system_state': False}",[],"['investigate', 'execute', 'summarize', 'ops']",[]
give me an overview of the cache performance metrics,summarization,"{'is_question': False, 'question_word': None, 'has_imperative': False, 'imperative_verb': None, 'has_uncertainty_marker': False, 'has_temporal_reference': False, 'mentions_action': False, 'mentions_system_state': False}",[],"['investigate', 'execute', 'summarize', 'ops']",[]
summarize monthly trends,summarization,"{'is_question': False, 'question_word': None, 'has_imperative': False, 'imperative_verb': None, 'has_uncertainty_marker': False, 'has_temporal_reference': False, 'mentions_action': True, 'mentions_system_state': False}",[],"['investigate', 'execute', 'summarize', 'ops']",[]
summarize the api gateway error breakdown for the week,summarization,"{'is_question': False, 'question_word': None, 'has_imperative': False, 'imperative_verb': None, 'has_uncertainty_marker': False, 'has_temporal_reference': False, 'mentions_action': True, 'mentions_system_state': True}",[],"['investigate', 'execute', 'summarize', 'ops']",[]
who is napoleon,out_of_scope,"{'is_question': True, 'question_word': 'who', 'has_imperative': False, 'imperative_verb': None, 'has_uncertainty_marker': False, 'has_temporal_reference': False, 'mentions_action': False, 'mentions_system_state': False}",['block_execute'],"['investigate', 'summarize', 'ops']",['execute']
summarize the api deprecation timeline and impact,summarization,"{'is_question': False, 'question_word': None, 'has_imperative': False, 'imperative_verb': None, 'has_uncertainty_marker': False, 'has_temporal_reference': False, 'mentions_action': True, 'mentions_system_state': False}",[],"['investigate', 'execute', 'summarize', 'ops']",[]
provide a recap of the compliance checks this quarter,summarization,"{'is_question': False, 'question_word': None, 'has_imperative': False, 'imperative_verb': None, 'has_uncertainty_marker': False, 'has_temporal_reference': False, 'mentions_action': True, 'mentions_system_state': False}",[],"['investigate', 'execute', 'summarize', 'ops']",[]
how do I fold a paper airplane,out_of_scope,"{'is_question': True, 'question_word': 'how', 'has_imperative': False, 'imperative_verb': None, 'has_uncertainty_marker': False, 'has_temporal_reference': False, 'mentions_action': False, 'mentions_system_state': False}",['block_execute'],"['investigate', 'summarize', 'ops']",['execute']
how do I build a model train,out_of_scope,"{'is_question': True, 'question_word': 'how', 'has_imperative': False, 'imperative_verb': None, 'has_uncertainty_marker': False, 'has_temporal_reference': False, 'mentions_action': False, 'mentions_system_state': False}",['block_execute'],"['investigate', 'summarize', 'ops']",['execute']
investigate the cpu steal time on the vm host,investigate,"{'is_question': False, 'question_word': None, 'has_imperative': False, 'imperative_verb': None, 'has_uncertainty_marker': False, 'has_temporal_reference': False, 'mentions_action': True, 'mentions_system_state': True}",[],"['investigate', 'execute', 'summarize', 'ops']",[]
give me a summary of the audit findings by control area,summarization,"{'is_question': False, 'question_word': None, 'has_imperative': False, 'imperative_verb': None, 'has_uncertainty_marker': False, 'has_temporal_reference': False, 'mentions_action': False, 'mentions_system_state': False}",[],"['investigate', 'execute', 'summarize', 'ops']",[]
how do I draw,out_of_scope,"{'is_question': True, 'question_word': 'how', 'has_imperative': False, 'imperative_verb': None, 'has_uncertainty_marker': False, 'has_temporal_reference': False, 'mentions_action': False, 'mentions_system_state': False}",['block_execute'],"['investigate', 'summarize', 'ops']",['execute']
check why the replica is not accepting writes,investigate,"{'is_question': False, 'question_word': None, 'has_imperative': False, 'imperative_verb': None, 'has_uncertainty_marker': False, 'has_temporal_reference': False, 'mentions_action': True, 'mentions_system_state': False}",[],"['investigate', 'execute', 'summarize', 'ops']",[]
configure the slack webhook for incident notifications,execution,"{'is_question': False, 'question_word': None, 'has_imperative': False, 'imperative_verb': None, 'has_uncertainty_marker': False, 'has_temporal_reference': False, 'mentions_action': False, 'mentions_system_state': False}",[],"['investigate', 'execute', 'summarize', 'ops']",[]
tell me about coral reefs,out_of_scope,"{'is_question': False, 'question_word': None, 'has_imperative': False, 'imperative_verb': None, 'has_uncertainty_marker': False, 'has_temporal_reference': False, 'mentions_action': False, 'mentions_system_state': False}",[],"['investigate', 'execute', 'summarize', 'ops']",[]
analyze the high rate of cache evictions,investigate,"{'is_question': False, 'question_word': None, 'has_imperative': False, 'imperative_verb': None, 'has_uncertainty_marker': False, 'has_temporal_reference': False, 'mentions_action': False, 'mentions_system_state': False}",[],"['investigate', 'execute', 'summarize', 'ops']",[]
bounce the application pool in iis,execution,"{'is_question': False, 'question_word': None, 'has_imperative': False, 'imperative_verb': None, 'has_uncertainty_marker': False, 'has_temporal_reference': False, 'mentions_action': False, 'mentions_system_state': False}",[],"['investigate', 'execute', 'summarize', 'ops']",[]
configure the secret zero bootstrap for the service,execution,"{'is_question': False, 'question_word': None, 'has_imperative': False, 'imperative_verb': None, 'has_uncertainty_marker': False, 'has_temporal_reference': False, 'mentions_action': False, 'mentions_system_state': False}",[],"['investigate', 'execute', 'summarize', 'ops']",[]
analyze the cpu soft irq time spikes,investigate,"{'is_question': False, 'question_word': None, 'has_imperative': False, 'imperative_verb': None, 'has_uncertainty_marker': False, 'has_temporal_reference': False, 'mentions_action': False, 'mentions_system_state': True}",[],"['investigate', 'execute', 'summarize', 'ops']",[]
label the nodes for the gpu workload,execution,"{'is_question': False, 'question_word': None, 'has_imperative': False, 'imperative_verb': None, 'has_uncertainty_marker': False, 'has_temporal_reference': False, 'mentions_action': False, 'mentions_system_state': False}",[],"['investigate', 'execute', 'summarize', 'ops']",[]
what is evolution,out_of_scope,"{'is_question': True, 'question_word': 'what', 'has_imperative': False, 'imperative_verb': None, 'has_uncertainty_marker': False, 'has_temporal_reference': False, 'mentions_action': False, 'mentions_system_state': False}",['block_execute'],"['investigate', 'summarize', 'ops']",['execute']
investigate the stale configmap being used after rollout,investigate,"{'is_question': False, 'question_word': None, 'has_imperative': False, 'imperative_verb': None, 'has_uncertainty_marker': False, 'has_temporal_reference': False, 'mentions_action': True, 'mentions_system_state': False}",[],"['investigate', 'execute', 'summarize', 'ops']",[]
apply the updated retention policy to the log bucket,execution,"{'is_question': False, 'question_word': None, 'has_imperative': True, 'imperative_verb': 'apply', 'has_uncertainty_marker': False, 'has_temporal_reference': False, 'mentions_action': True, 'mentions_system_state': False}",['allow_execute'],"['investigate', 'execute', 'summarize', 'ops']",[]
remove the stale cname record,execution,"{'is_question': False, 'question_word': None, 'has_imperative': True, 'imperative_verb': 'remove', 'has_uncertainty_marker': False, 'has_temporal_reference': False, 'mentions_action': True, 'mentions_system_state': False}",['allow_execute'],"['investigate', 'execute', 'summarize', 'ops']",[]
how do I make a terrarium,out_of_scope,"{'is_question': True, 'question_word': 'how', 'has_imperative': False, 'imperative_verb': None, 'has_uncertainty_marker': False, 'has_temporal_reference': False, 'mentions_action': False, 'mentions_system_state': False}",['block_execute'],"['investigate', 'summarize', 'ops']",['execute']
tell me about chameleons,out_of_scope,"{'is_question': False, 'question_word': None, 'has_imperative': False, 'imperative_verb': None, 'has_uncertainty_marker': False, 'has_temporal_reference': False, 'mentions_action': False, 'mentions_system_state': False}",[],"['investigate', 'execute', 'summarize', 'ops']",[]
sync the configuration from the control plane,execution,"{'is_question': False, 'question_word': None, 'has_imperative': False, 'imperative_verb': None, 'has_uncertainty_marker': False, 'has_temporal_reference': False, 'mentions_action': False, 'mentions_system_state': False}",[],"['investigate', 'execute', 'summarize', 'ops']",[]
who invented the airplane,out_of_scope,"{'is_question': True, 'question_word': 'who', 'has_imperative': False, 'imperative_verb': None, 'has_uncertainty_marker': False, 'has_temporal_reference': False, 'mentions_action': False, 'mentions_system_state': False}",['block_execute'],"['investigate', 'summarize', 'ops']",['execute']
restart the coordination service,execution,"{'is_question': False, 'question_word': None, 'has_imperative': True, 'imperative_verb': 'restart', 'has_uncertainty_marker': False, 'has_temporal_reference': False, 'mentions_action': True, 'mentions_system_state': False}",['allow_execute'],"['investigate', 'execute', 'summarize', 'ops']",[]
enable the brotli compression on the proxy,execution,"{'is_question': False, 'question_word': None, 'has_imperative': False, 'imperative_verb': None, 'has_uncertainty_marker': False, 'has_temporal_reference': False, 'mentions_action': False, 'mentions_system_state': False}",[],"['investigate', 'execute', 'summarize', 'ops']",[]
execute the blue green deployment switch,execution,"{'is_question': False, 'question_word': None, 'has_imperative': False, 'imperative_verb': None, 'has_uncertainty_marker': False, 'has_temporal_reference': False, 'mentions_action': True, 'mentions_system_state': False}",[],"['investigate', 'execute', 'summarize', 'ops']",[]
investigate the slow kafka consumer group commit,investigate,"{'is_question': False, 'question_word': None, 'has_imperative': False, 'imperative_verb': None, 'has_uncertainty_marker': False, 'has_temporal_reference': False, 'mentions_action': True, 'mentions_system_state': True}",[],"['investigate', 'execute', 'summarize', 'ops']",[]
apply the horizontal pod autoscaler policy,execution,"{'is_question': False, 'question_word': None, 'has_imperative': True, 'imperative_verb': 'apply', 'has_uncertainty_marker': False, 'has_temporal_reference': False, 'mentions_action': True, 'mentions_system_state': False}",['allow_execute'],"['investigate', 'execute', 'summarize', 'ops']",[]
summarize the load test results from yesterday,summarization,"{'is_question': False, 'question_word': None, 'has_imperative': False, 'imperative_verb': None, 'has_uncertainty_marker': False, 'has_temporal_reference': True, 'mentions_action': True, 'mentions_system_state': False}",[],"['investigate', 'execute', 'summarize', 'ops']",[]
enable circuit breaker,execution,"{'is_question': False, 'question_word': None, 'has_imperative': False, 'imperative_verb': None, 'has_uncertainty_marker': False, 'has_temporal_reference': False, 'mentions_action': False, 'mentions_system_state': False}",[],"['investigate', 'execute', 'summarize', 'ops']",[]
what is the most spoken language in the world,out_of_scope,"{'is_question': True, 'question_word': 'what', 'has_imperative': False, 'imperative_verb': None, 'has_uncertainty_marker': False, 'has_temporal_reference': False, 'mentions_action': False, 'mentions_system_state': False}",['block_execute'],"['investigate', 'summarize', 'ops']",['execute']
enable the slow query log on the database,execution,"{'is_question': False, 'question_word': None, 'has_imperative': False, 'imperative_verb': None, 'has_uncertainty_marker': False, 'has_temporal_reference': False, 'mentions_action': False, 'mentions_system_state': True}",[],"['investigate', 'execute', 'summarize', 'ops']",[]
check what is causing the repeated pod preemptions,investigate,"{'is_question': False, 'question_word': None, 'has_imperative': False, 'imperative_verb': None, 'has_uncertainty_marker': False, 'has_temporal_reference': False, 'mentions_action': True, 'mentions_system_state': False}",[],"['investigate', 'execute', 'summarize', 'ops']",[]
check what caused sync failure,investigate,"{'is_question': False, 'question_word': None, 'has_imperative': False, 'imperative_verb': None, 'has_uncertainty_marker': False, 'has_temporal_reference': False, 'mentions_action': True, 'mentions_system_state': True}",[],"['investigate', 'execute', 'summarize', 'ops']",[]
provide a recap of the capacity forecast model output,summarization,"{'is_question': False, 'question_word': None, 'has_imperative': False, 'imperative_verb': None, 'has_uncertainty_marker': False, 'has_temporal_reference': False, 'mentions_action': False, 'mentions_system_state': False}",[],"['investigate', 'execute', 'summarize', 'ops']",[]
what is entropy,out_of_scope,"{'is_question': True, 'question_word': 'what', 'has_imperative': False, 'imperative_verb': None, 'has_uncertainty_marker': False, 'has_temporal_reference': False, 'mentions_action': False, 'mentions_system_state': False}",['block_execute'],"['investigate', 'summarize', 'ops']",['execute']
why are the kubernetes events showing back-off restart,investigate,"{'is_question': True, 'question_word': 'why', 'has_imperative': False, 'imperative_verb': None, 'has_uncertainty_marker': False, 'has_temporal_reference': False, 'mentions_action': True, 'mentions_system_state': False}",['block_execute'],"['investigate', 'summarize', 'ops']",['execute']
give me an overview of the service catalog coverage gaps,summarization,"{'is_question': False, 'question_word': None, 'has_imperative': False, 'imperative_verb': None, 'has_uncertainty_marker': False, 'has_temporal_reference': False, 'mentions_action': False, 'mentions_system_state': False}",[],"['investigate', 'execute', 'summarize', 'ops']",[]
tell me about wolves,out_of_scope,"{'is_question': False, 'question_word': None, 'has_imperative': False, 'imperative_verb': None, 'has_uncertainty_marker': False, 'has_temporal_reference': False, 'mentions_action': False, 'mentions_system_state': False}",[],"['investigate', 'execute', 'summarize', 'ops']",[]
configure the cache-control headers on the web server,execution,"{'is_question': False, 'question_word': None, 'has_imperative': False, 'imperative_verb': None, 'has_uncertainty_marker': False, 'has_temporal_reference': False, 'mentions_action': False, 'mentions_system_state': False}",[],"['investigate', 'execute', 'summarize', 'ops']",[]
provide a brief on the api deprecation timeline,summarization,"{'is_question': False, 'question_word': None, 'has_imperative': False, 'imperative_verb': None, 'has_uncertainty_marker': False, 'has_temporal_reference': False, 'mentions_action': False, 'mentions_system_state': False}",[],"['investigate', 'execute', 'summarize', 'ops']",[]
give me an overview of the cold storage growth rate,summarization,"{'is_question': False, 'question_word': None, 'has_imperative': False, 'imperative_verb': None, 'has_uncertainty_marker': False, 'has_temporal_reference': False, 'mentions_action': False, 'mentions_system_state': False}",[],"['investigate', 'execute', 'summarize', 'ops']",[]
what is painting,out_of_scope,"{'is_question': True, 'question_word': 'what', 'has_imperative': False, 'imperative_verb': None, 'has_uncertainty_marker': False, 'has_temporal_reference': False, 'mentions_action': False, 'mentions_system_state': False}",['block_execute'],"['investigate', 'summarize', 'ops']",['execute']
summarize the network policy audit results,summarization,"{'is_question': False, 'question_word': None, 'has_imperative': False, 'imperative_verb': None, 'has_uncertainty_marker': False, 'has_temporal_reference': False, 'mentions_action': True, 'mentions_system_state': False}",[],"['investigate', 'execute', 'summarize', 'ops']",[]
give me an overview of the pod scheduling efficiency,summarization,"{'is_question': False, 'question_word': None, 'has_imperative': False, 'imperative_verb': None, 'has_uncertainty_marker': False, 'has_temporal_reference': False, 'mentions_action': False, 'mentions_system_state': False}",[],"['investigate', 'execute', 'summarize', 'ops']",[]
apply rate limiting,execution,"{'is_question': False, 'question_word': None, 'has_imperative': True, 'imperative_verb': 'apply', 'has_uncertainty_marker': False, 'has_temporal_reference': False, 'mentions_action': True, 'mentions_system_state': False}",['allow_execute'],"['investigate', 'execute', 'summarize', 'ops']",[]
check why the liveness probe keeps failing,investigate,"{'is_question': False, 'question_word': None, 'has_imperative': False, 'imperative_verb': None, 'has_uncertainty_marker': False, 'has_temporal_reference': False, 'mentions_action': True, 'mentions_system_state': True}",[],"['investigate', 'execute', 'summarize', 'ops']",[]
provide a brief on the observability coverage by service,summarization,"{'is_question': False, 'question_word': None, 'has_imperative': False, 'imperative_verb': None, 'has_uncertainty_marker': False, 'has_temporal_reference': False, 'mentions_action': False, 'mentions_system_state': False}",[],"['investigate', 'execute', 'summarize', 'ops']",[]
who wrote a midsummer night dream,out_of_scope,"{'is_question': True, 'question_word': 'who', 'has_imperative': False, 'imperative_verb': None, 'has_uncertainty_marker': False, 'has_temporal_reference': False, 'mentions_action': False, 'mentions_system_state': False}",['block_execute'],"['investigate', 'summarize', 'ops']",['execute']
tell me about the machu picchu history,out_of_scope,"{'is_question': False, 'question_word': None, 'has_imperative': False, 'imperative_verb': None, 'has_uncertainty_marker': False, 'has_temporal_reference': False, 'mentions_action': False, 'mentions_system_state': False}",[],"['investigate', 'execute', 'summarize', 'ops']",[]
investigate the multicast routing failure on the switch,investigate,"{'is_question': False, 'question_word': None, 'has_imperative': False, 'imperative_verb': None, 'has_uncertainty_marker': False, 'has_temporal_reference': False, 'mentions_action': True, 'mentions_system_state': True}",[],"['investigate', 'execute', 'summarize', 'ops']",[]
deploy the latest build to staging,execution,"{'is_question': False, 'question_word': None, 'has_imperative': True, 'imperative_verb': 'deploy', 'has_uncertainty_marker': False, 'has_temporal_reference': False, 'mentions_action': True, 'mentions_system_state': False}",['allow_execute'],"['investigate', 'execute', 'summarize', 'ops']",[]
analyze the failed deployment,investigate,"{'is_question': False, 'question_word': None, 'has_imperative': False, 'imperative_verb': None, 'has_uncertainty_marker': False, 'has_temporal_reference': False, 'mentions_action': True, 'mentions_system_state': True}",[],"['investigate', 'execute', 'summarize', 'ops']",[]
what is causing the session timeout in the middleware,investigate,"{'is_question': True, 'question_word': 'what', 'has_imperative': False, 'imperative_verb': None, 'has_uncertainty_marker': False, 'has_temporal_reference': False, 'mentions_action': False, 'mentions_system_state': False}",['block_execute'],"['investigate', 'summarize', 'ops']",['execute']
what is causing the frequent index rebuilds,investigate,"{'is_question': True, 'question_word': 'what', 'has_imperative': False, 'imperative_verb': None, 'has_uncertainty_marker': False, 'has_temporal_reference': False, 'mentions_action': False, 'mentions_system_state': False}",['block_execute'],"['investigate', 'summarize', 'ops']",['execute']
why is the etl pipeline producing duplicate records,investigate,"{'is_question': True, 'question_word': 'why', 'has_imperative': False, 'imperative_verb': None, 'has_uncertainty_marker': False, 'has_temporal_reference': False, 'mentions_action': False, 'mentions_system_state': False}",['block_execute'],"['investigate', 'summarize', 'ops']",['execute']
summarize the infrastructure drift detection report,summarization,"{'is_question': False, 'question_word': None, 'has_imperative': False, 'imperative_verb': None, 'has_uncertainty_marker': False, 'has_temporal_reference': False, 'mentions_action': True, 'mentions_system_state': False}",[],"['investigate', 'execute', 'summarize', 'ops']",[]
who composed the magic flute,out_of_scope,"{'is_question': True, 'question_word': 'who', 'has_imperative': False, 'imperative_verb': None, 'has_uncertainty_marker': False, 'has_temporal_reference': False, 'mentions_action': False, 'mentions_system_state': False}",['block_execute'],"['investigate', 'summarize', 'ops']",['execute']
summarize the security audit findings,summarization,"{'is_question': False, 'question_word': None, 'has_imperative': False, 'imperative_verb': None, 'has_uncertainty_marker': False, 'has_temporal_reference': False, 'mentions_action': True, 'mentions_system_state': False}",[],"['investigate', 'execute', 'summarize', 'ops']",[]
why is the dns resolution returning stale results,investigate,"{'is_question': True, 'question_word': 'why', 'has_imperative': False, 'imperative_verb': None, 'has_uncertainty_marker': False, 'has_temporal_reference': False, 'mentions_action': False, 'mentions_system_state': False}",['block_execute'],"['investigate', 'summarize', 'ops']",['execute']
run the cluster health verification script,execution,"{'is_question': False, 'question_word': None, 'has_imperative': False, 'imperative_verb': None, 'has_uncertainty_marker': False, 'has_temporal_reference': False, 'mentions_action': False, 'mentions_system_state': False}",[],"['investigate', 'execute', 'summarize', 'ops']",[]
rotate the ssl certificates on all endpoints,execution,"{'is_question': False, 'question_word': None, 'has_imperative': False, 'imperative_verb': None, 'has_uncertainty_marker': False, 'has_temporal_reference': False, 'mentions_action': False, 'mentions_system_state': False}",[],"['investigate', 'execute', 'summarize', 'ops']",[]
tell me about the sahara desert,out_of_scope,"{'is_question': False, 'question_word': None, 'has_imperative': False, 'imperative_verb': None, 'has_uncertainty_marker': False, 'has_temporal_reference': False, 'mentions_action': False, 'mentions_system_state': False}",[],"['investigate', 'execute', 'summarize', 'ops']",[]
summarize the test coverage and quality metrics,summarization,"{'is_question': False, 'question_word': None, 'has_imperative': False, 'imperative_verb': None, 'has_uncertainty_marker': False, 'has_temporal_reference': False, 'mentions_action': True, 'mentions_system_state': False}",[],"['investigate', 'execute', 'summarize', 'ops']",[]
tell me about penguins,out_of_scope,"{'is_question': False, 'question_word': None, 'has_imperative': False, 'imperative_verb': None, 'has_uncertainty_marker': False, 'has_temporal_reference': False, 'mentions_action': False, 'mentions_system_state': False}",[],"['investigate', 'execute', 'summarize', 'ops']",[]
disable the noisy alerting rule temporarily,execution,"{'is_question': False, 'question_word': None, 'has_imperative': False, 'imperative_verb': None, 'has_uncertainty_marker': False, 'has_temporal_reference': False, 'mentions_action': False, 'mentions_system_state': False}",[],"['investigate', 'execute', 'summarize', 'ops']",[]
configure the nfs export options for the new client,execution,"{'is_question': False, 'question_word': None, 'has_imperative': False, 'imperative_verb': None, 'has_uncertainty_marker': False, 'has_temporal_reference': False, 'mentions_action': False, 'mentions_system_state': False}",[],"['investigate', 'execute', 'summarize', 'ops']",[]
how do I make soap,out_of_scope,"{'is_question': True, 'question_word': 'how', 'has_imperative': False, 'imperative_verb': None, 'has_uncertainty_marker': False, 'has_temporal_reference': False, 'mentions_action': False, 'mentions_system_state': False}",['block_execute'],"['investigate', 'summarize', 'ops']",['execute']
how do I make natural dye,out_of_scope,"{'is_question': True, 'question_word': 'how', 'has_imperative': False, 'imperative_verb': None, 'has_uncertainty_marker': False, 'has_temporal_reference': False, 'mentions_action': False, 'mentions_system_state': False}",['block_execute'],"['investigate', 'summarize', 'ops']",['execute']
tell me about the gold rush,out_of_scope,"{'is_question': False, 'question_word': None, 'has_imperative': False, 'imperative_verb': None, 'has_uncertainty_marker': False, 'has_temporal_reference': False, 'mentions_action': False, 'mentions_system_state': False}",[],"['investigate', 'execute', 'summarize', 'ops']",[]
analyze the thread dump from app server,investigate,"{'is_question': False, 'question_word': None, 'has_imperative': False, 'imperative_verb': None, 'has_uncertainty_marker': False, 'has_temporal_reference': False, 'mentions_action': False, 'mentions_system_state': False}",[],"['investigate', 'execute', 'summarize', 'ops']",[]
tell me about ancient rome,out_of_scope,"{'is_question': False, 'question_word': None, 'has_imperative': False, 'imperative_verb': None, 'has_uncertainty_marker': False, 'has_temporal_reference': False, 'mentions_action': False, 'mentions_system_state': False}",[],"['investigate', 'execute', 'summarize', 'ops']",[]
why is replication lagging,investigate,"{'is_question': True, 'question_word': 'why', 'has_imperative': False, 'imperative_verb': None, 'has_uncertainty_marker': False, 'has_temporal_reference': False, 'mentions_action': False, 'mentions_system_state': False}",['block_execute'],"['investigate', 'summarize', 'ops']",['execute']
check what is causing the event loop blocking,investigate,"{'is_question': False, 'question_word': None, 'has_imperative': False, 'imperative_verb': None, 'has_uncertainty_marker': False, 'has_temporal_reference': False, 'mentions_action': True, 'mentions_system_state': False}",[],"['investigate', 'execute', 'summarize', 'ops']",[]
enable http2 on the reverse proxy,execution,"{'is_question': False, 'question_word': None, 'has_imperative': False, 'imperative_verb': None, 'has_uncertainty_marker': False, 'has_temporal_reference': False, 'mentions_action': False, 'mentions_system_state': False}",[],"['investigate', 'execute', 'summarize', 'ops']",[]
provide a brief on the availability by region,summarization,"{'is_question': False, 'question_word': None, 'has_imperative': False, 'imperative_verb': None, 'has_uncertainty_marker': False, 'has_temporal_reference': False, 'mentions_action': False, 'mentions_system_state': False}",[],"['investigate', 'execute', 'summarize', 'ops']",[]
investigate the segfault in the native module,investigate,"{'is_question': False, 'question_word': None, 'has_imperative': False, 'imperative_verb': None, 'has_uncertainty_marker': False, 'has_temporal_reference': False, 'mentions_action': True, 'mentions_system_state': False}",[],"['investigate', 'execute', 'summarize', 'ops']",[]
why are there checksum mismatches in the storage layer,investigate,"{'is_question': True, 'question_word': 'why', 'has_imperative': False, 'imperative_verb': None, 'has_uncertainty_marker': False, 'has_temporal_reference': False, 'mentions_action': True, 'mentions_system_state': False}",['block_execute'],"['investigate', 'summarize', 'ops']",['execute']
what is causing the write amplification on the database,investigate,"{'is_question': True, 'question_word': 'what', 'has_imperative': False, 'imperative_verb': None, 'has_uncertainty_marker': False, 'has_temporal_reference': False, 'mentions_action': False, 'mentions_system_state': False}",['block_execute'],"['investigate', 'summarize', 'ops']",['execute']
what is the speed of a bullet,out_of_scope,"{'is_question': True, 'question_word': 'what', 'has_imperative': False, 'imperative_verb': None, 'has_uncertainty_marker': False, 'has_temporal_reference': False, 'mentions_action': False, 'mentions_system_state': False}",['block_execute'],"['investigate', 'summarize', 'ops']",['execute']
tell me about fashion,out_of_scope,"{'is_question': False, 'question_word': None, 'has_imperative': False, 'imperative_verb': None, 'has_uncertainty_marker': False, 'has_temporal_reference': False, 'mentions_action': False, 'mentions_system_state': False}",[],"['investigate', 'execute', 'summarize', 'ops']",[]
who is the president,out_of_scope,"{'is_question': True, 'question_word': 'who', 'has_imperative': False, 'imperative_verb': None, 'has_uncertainty_marker': False, 'has_temporal_reference': False, 'mentions_action': False, 'mentions_system_state': False}",['block_execute'],"['investigate', 'summarize', 'ops']",['execute']
investigate the network timeout between microservices,investigate,"{'is_question': False, 'question_word': None, 'has_imperative': False, 'imperative_verb': None, 'has_uncertainty_marker': False, 'has_temporal_reference': False, 'mentions_action': True, 'mentions_system_state': False}",[],"['investigate', 'execute', 'summarize', 'ops']",[]
provide a brief on the change management board decisions,summarization,"{'is_question': False, 'question_word': None, 'has_imperative': False, 'imperative_verb': None, 'has_uncertainty_marker': False, 'has_temporal_reference': False, 'mentions_action': False, 'mentions_system_state': False}",[],"['investigate', 'execute', 'summarize', 'ops']",[]
why is the service mesh reporting timeout for internal calls,investigate,"{'is_question': True, 'question_word': 'why', 'has_imperative': False, 'imperative_verb': None, 'has_uncertainty_marker': False, 'has_temporal_reference': False, 'mentions_action': True, 'mentions_system_state': False}",['block_execute'],"['investigate', 'summarize', 'ops']",['execute']
what is a haiku,out_of_scope,"{'is_question': True, 'question_word': 'what', 'has_imperative': False, 'imperative_verb': None, 'has_uncertainty_marker': False, 'has_temporal_reference': False, 'mentions_action': False, 'mentions_system_state': False}",['block_execute'],"['investigate', 'summarize', 'ops']",['execute']
enable the preemptive cache warming job,execution,"{'is_question': False, 'question_word': None, 'has_imperative': False, 'imperative_verb': None, 'has_uncertainty_marker': False, 'has_temporal_reference': False, 'mentions_action': False, 'mentions_system_state': False}",[],"['investigate', 'execute', 'summarize', 'ops']",[]
capture a packet trace on the pod interface,execution,"{'is_question': False, 'question_word': None, 'has_imperative': False, 'imperative_verb': None, 'has_uncertainty_marker': False, 'has_temporal_reference': False, 'mentions_action': False, 'mentions_system_state': False}",[],"['investigate', 'execute', 'summarize', 'ops']",[]
what caused the data skew in the partitioned table,investigate,"{'is_question': True, 'question_word': 'what', 'has_imperative': False, 'imperative_verb': None, 'has_uncertainty_marker': False, 'has_temporal_reference': False, 'mentions_action': False, 'mentions_system_state': False}",['block_execute'],"['investigate', 'summarize', 'ops']",['execute']
investigate the mismatch between reported and actual cpu,investigate,"{'is_question': False, 'question_word': None, 'has_imperative': False, 'imperative_verb': None, 'has_uncertainty_marker': False, 'has_temporal_reference': False, 'mentions_action': True, 'mentions_system_state': True}",[],"['investigate', 'execute', 'summarize', 'ops']",[]
summarize queue depth,summarization,"{'is_question': False, 'question_word': None, 'has_imperative': False, 'imperative_verb': None, 'has_uncertainty_marker': False, 'has_temporal_reference': False, 'mentions_action': True, 'mentions_system_state': False}",[],"['investigate', 'execute', 'summarize', 'ops']",[]
summarize user impact,summarization,"{'is_question': False, 'question_word': None, 'has_imperative': False, 'imperative_verb': None, 'has_uncertainty_marker': False, 'has_temporal_reference': False, 'mentions_action': True, 'mentions_system_state': False}",[],"['investigate', 'execute', 'summarize', 'ops']",[]
what is causing the abnormal number of goroutines,investigate,"{'is_question': True, 'question_word': 'what', 'has_imperative': False, 'imperative_verb': None, 'has_uncertainty_marker': False, 'has_temporal_reference': False, 'mentions_action': False, 'mentions_system_state': False}",['block_execute'],"['investigate', 'summarize', 'ops']",['execute']
what is literature,out_of_scope,"{'is_question': True, 'question_word': 'what', 'has_imperative': False, 'imperative_verb': None, 'has_uncertainty_marker': False, 'has_temporal_reference': False, 'mentions_action': False, 'mentions_system_state': False}",['block_execute'],"['investigate', 'summarize', 'ops']",['execute']
give me an overview of the api usage patterns,summarization,"{'is_question': False, 'question_word': None, 'has_imperative': False, 'imperative_verb': None, 'has_uncertainty_marker': False, 'has_temporal_reference': False, 'mentions_action': False, 'mentions_system_state': False}",[],"['investigate', 'execute', 'summarize', 'ops']",[]
tell me about butterflies,out_of_scope,"{'is_question': False, 'question_word': None, 'has_imperative': False, 'imperative_verb': None, 'has_uncertainty_marker': False, 'has_temporal_reference': False, 'mentions_action': False, 'mentions_system_state': False}",[],"['investigate', 'execute', 'summarize', 'ops']",[]
apply the datadog apm sampling configuration,execution,"{'is_question': False, 'question_word': None, 'has_imperative': True, 'imperative_verb': 'apply', 'has_uncertainty_marker': False, 'has_temporal_reference': False, 'mentions_action': True, 'mentions_system_state': False}",['allow_execute'],"['investigate', 'execute', 'summarize', 'ops']",[]
what caused the alert flood at midnight,investigate,"{'is_question': True, 'question_word': 'what', 'has_imperative': False, 'imperative_verb': None, 'has_uncertainty_marker': False, 'has_temporal_reference': False, 'mentions_action': False, 'mentions_system_state': False}",['block_execute'],"['investigate', 'summarize', 'ops']",['execute']
what is an electron shell,out_of_scope,"{'is_question': True, 'question_word': 'what', 'has_imperative': False, 'imperative_verb': None, 'has_uncertainty_marker': False, 'has_temporal_reference': False, 'mentions_action': False, 'mentions_system_state': False}",['block_execute'],"['investigate', 'summarize', 'ops']",['execute']
give me an overview of the endpoint latency distribution,summarization,"{'is_question': False, 'question_word': None, 'has_imperative': False, 'imperative_verb': None, 'has_uncertainty_marker': False, 'has_temporal_reference': False, 'mentions_action': False, 'mentions_system_state': True}",[],"['investigate', 'execute', 'summarize', 'ops']",[]
run the node affinity migration for gpu pods,execution,"{'is_question': False, 'question_word': None, 'has_imperative': False, 'imperative_verb': None, 'has_uncertainty_marker': False, 'has_temporal_reference': False, 'mentions_action': False, 'mentions_system_state': False}",[],"['investigate', 'execute', 'summarize', 'ops']",[]
tell me about the maya civilization,out_of_scope,"{'is_question': False, 'question_word': None, 'has_imperative': False, 'imperative_verb': None, 'has_uncertainty_marker': False, 'has_temporal_reference': False, 'mentions_action': False, 'mentions_system_state': False}",[],"['investigate', 'execute', 'summarize', 'ops']",[]
upgrade the control plane to the new version,execution,"{'is_question': False, 'question_word': None, 'has_imperative': True, 'imperative_verb': 'upgrade', 'has_uncertainty_marker': False, 'has_temporal_reference': False, 'mentions_action': True, 'mentions_system_state': False}",['allow_execute'],"['investigate', 'execute', 'summarize', 'ops']",[]
analyze the slow shutdown of the worker process,investigate,"{'is_question': False, 'question_word': None, 'has_imperative': False, 'imperative_verb': None, 'has_uncertainty_marker': False, 'has_temporal_reference': False, 'mentions_action': False, 'mentions_system_state': True}",[],"['investigate', 'execute', 'summarize', 'ops']",[]
provide a summary of the data replication lag trends,summarization,"{'is_question': False, 'question_word': None, 'has_imperative': False, 'imperative_verb': None, 'has_uncertainty_marker': False, 'has_temporal_reference': False, 'mentions_action': False, 'mentions_system_state': False}",[],"['investigate', 'execute', 'summarize', 'ops']",[]
what is inflation,out_of_scope,"{'is_question': True, 'question_word': 'what', 'has_imperative': False, 'imperative_verb': None, 'has_uncertainty_marker': False, 'has_temporal_reference': False, 'mentions_action': False, 'mentions_system_state': False}",['block_execute'],"['investigate', 'summarize', 'ops']",['execute']
tell me about the silk road trade route,out_of_scope,"{'is_question': False, 'question_word': None, 'has_imperative': False, 'imperative_verb': None, 'has_uncertainty_marker': False, 'has_temporal_reference': False, 'mentions_action': False, 'mentions_system_state': False}",[],"['investigate', 'execute', 'summarize', 'ops']",[]
who is charles darwin,out_of_scope,"{'is_question': True, 'question_word': 'who', 'has_imperative': False, 'imperative_verb': None, 'has_uncertainty_marker': False, 'has_temporal_reference': False, 'mentions_action': False, 'mentions_system_state': False}",['block_execute'],"['investigate', 'summarize', 'ops']",['execute']
provide a recap of the database migration results,summarization,"{'is_question': False, 'question_word': None, 'has_imperative': False, 'imperative_verb': None, 'has_uncertainty_marker': False, 'has_temporal_reference': False, 'mentions_action': False, 'mentions_system_state': False}",[],"['investigate', 'execute', 'summarize', 'ops']",[]
why is the object storage throughput degraded,investigate,"{'is_question': True, 'question_word': 'why', 'has_imperative': False, 'imperative_verb': None, 'has_uncertainty_marker': False, 'has_temporal_reference': False, 'mentions_action': False, 'mentions_system_state': False}",['block_execute'],"['investigate', 'summarize', 'ops']",['execute']
set up the vpn tunnel to the partner network,execution,"{'is_question': False, 'question_word': None, 'has_imperative': False, 'imperative_verb': None, 'has_uncertainty_marker': False, 'has_temporal_reference': False, 'mentions_action': False, 'mentions_system_state': False}",[],"['investigate', 'execute', 'summarize', 'ops']",[]
configure the log shipping to the siem,execution,"{'is_question': False, 'question_word': None, 'has_imperative': False, 'imperative_verb': None, 'has_uncertainty_marker': False, 'has_temporal_reference': False, 'mentions_action': False, 'mentions_system_state': False}",[],"['investigate', 'execute', 'summarize', 'ops']",[]
analyze the inconsistency in the distributed counter,investigate,"{'is_question': False, 'question_word': None, 'has_imperative': False, 'imperative_verb': None, 'has_uncertainty_marker': False, 'has_temporal_reference': False, 'mentions_action': False, 'mentions_system_state': False}",[],"['investigate', 'execute', 'summarize', 'ops']",[]
how do I make sourdough bread,out_of_scope,"{'is_question': True, 'question_word': 'how', 'has_imperative': False, 'imperative_verb': None, 'has_uncertainty_marker': False, 'has_temporal_reference': False, 'mentions_action': False, 'mentions_system_state': False}",['block_execute'],"['investigate', 'summarize', 'ops']",['execute']
summarize the cluster health over the past 30 days,summarization,"{'is_question': False, 'question_word': None, 'has_imperative': False, 'imperative_verb': None, 'has_uncertainty_marker': False, 'has_temporal_reference': True, 'mentions_action': True, 'mentions_system_state': False}",[],"['investigate', 'execute', 'summarize', 'ops']",[]
reset network interface,execution,"{'is_question': False, 'question_word': None, 'has_imperative': False, 'imperative_verb': None, 'has_uncertainty_marker': False, 'has_temporal_reference': False, 'mentions_action': False, 'mentions_system_state': False}",[],"['investigate', 'execute', 'summarize', 'ops']",[]
summarize the service level objective performance,summarization,"{'is_question': False, 'question_word': None, 'has_imperative': False, 'imperative_verb': None, 'has_uncertainty_marker': False, 'has_temporal_reference': False, 'mentions_action': True, 'mentions_system_state': False}",[],"['investigate', 'execute', 'summarize', 'ops']",[]
deploy the new gateway api version,execution,"{'is_question': False, 'question_word': None, 'has_imperative': True, 'imperative_verb': 'deploy', 'has_uncertainty_marker': False, 'has_temporal_reference': False, 'mentions_action': True, 'mentions_system_state': False}",['allow_execute'],"['investigate', 'execute', 'summarize', 'ops']",[]
run the storage migration to the new array,execution,"{'is_question': False, 'question_word': None, 'has_imperative': False, 'imperative_verb': None, 'has_uncertainty_marker': False, 'has_temporal_reference': False, 'mentions_action': False, 'mentions_system_state': False}",[],"['investigate', 'execute', 'summarize', 'ops']",[]
analyze the numa imbalance on the multi-socket server,investigate,"{'is_question': False, 'question_word': None, 'has_imperative': False, 'imperative_verb': None, 'has_uncertainty_marker': False, 'has_temporal_reference': False, 'mentions_action': False, 'mentions_system_state': False}",[],"['investigate', 'execute', 'summarize', 'ops']",[]
what is a wormhole,out_of_scope,"{'is_question': True, 'question_word': 'what', 'has_imperative': False, 'imperative_verb': None, 'has_uncertainty_marker': False, 'has_temporal_reference': False, 'mentions_action': False, 'mentions_system_state': False}",['block_execute'],"['investigate', 'summarize', 'ops']",['execute']
tell me about the viking age,out_of_scope,"{'is_question': False, 'question_word': None, 'has_imperative': False, 'imperative_verb': None, 'has_uncertainty_marker': False, 'has_temporal_reference': False, 'mentions_action': False, 'mentions_system_state': False}",[],"['investigate', 'execute', 'summarize', 'ops']",[]
what is archaeology,out_of_scope,"{'is_question': True, 'question_word': 'what', 'has_imperative': False, 'imperative_verb': None, 'has_uncertainty_marker': False, 'has_temporal_reference': False, 'mentions_action': False, 'mentions_system_state': False}",['block_execute'],"['investigate', 'summarize', 'ops']",['execute']
give me a summary of the connection draining patterns,summarization,"{'is_question': False, 'question_word': None, 'has_imperative': False, 'imperative_verb': None, 'has_uncertainty_marker': False, 'has_temporal_reference': False, 'mentions_action': False, 'mentions_system_state': False}",[],"['investigate', 'execute', 'summarize', 'ops']",[]
summarize deployment changes,summarization,"{'is_question': False, 'question_word': None, 'has_imperative': False, 'imperative_verb': None, 'has_uncertainty_marker': False, 'has_temporal_reference': False, 'mentions_action': True, 'mentions_system_state': False}",[],"['investigate', 'execute', 'summarize', 'ops']",[]
apply security rules,execution,"{'is_question': False, 'question_word': None, 'has_imperative': True, 'imperative_verb': 'apply', 'has_uncertainty_marker': False, 'has_temporal_reference': False, 'mentions_action': True, 'mentions_system_state': False}",['allow_execute'],"['investigate', 'execute', 'summarize', 'ops']",[]
give me event summary,summarization,"{'is_question': False, 'question_word': None, 'has_imperative': False, 'imperative_verb': None, 'has_uncertainty_marker': False, 'has_temporal_reference': False, 'mentions_action': False, 'mentions_system_state': False}",[],"['investigate', 'execute', 'summarize', 'ops']",[]
tell me about mount everest,out_of_scope,"{'is_question': False, 'question_word': None, 'has_imperative': False, 'imperative_verb': None, 'has_uncertainty_marker': False, 'has_temporal_reference': False, 'mentions_action': False, 'mentions_system_state': False}",[],"['investigate', 'execute', 'summarize', 'ops']",[]
analyze the slow query logs for the past hour,investigate,"{'is_question': False, 'question_word': None, 'has_imperative': False, 'imperative_verb': None, 'has_uncertainty_marker': False, 'has_temporal_reference': True, 'mentions_action': False, 'mentions_system_state': True}",[],"['investigate', 'execute', 'summarize', 'ops']",[]
why is the secret rotation breaking dependent services,investigate,"{'is_question': True, 'question_word': 'why', 'has_imperative': False, 'imperative_verb': None, 'has_uncertainty_marker': False, 'has_temporal_reference': False, 'mentions_action': False, 'mentions_system_state': False}",['block_execute'],"['investigate', 'summarize', 'ops']",['execute']
what is the largest country by area,out_of_scope,"{'is_question': True, 'question_word': 'what', 'has_imperative': False, 'imperative_verb': None, 'has_uncertainty_marker': False, 'has_temporal_reference': False, 'mentions_action': False, 'mentions_system_state': False}",['block_execute'],"['investigate', 'summarize', 'ops']",['execute']
push the puppet manifest changes to production,execution,"{'is_question': False, 'question_word': None, 'has_imperative': True, 'imperative_verb': 'push', 'has_uncertainty_marker': False, 'has_temporal_reference': False, 'mentions_action': True, 'mentions_system_state': False}",['allow_execute'],"['investigate', 'execute', 'summarize', 'ops']",[]
run the smoke test suite after the deployment,execution,"{'is_question': False, 'question_word': None, 'has_imperative': False, 'imperative_verb': None, 'has_uncertainty_marker': False, 'has_temporal_reference': False, 'mentions_action': True, 'mentions_system_state': False}",[],"['investigate', 'execute', 'summarize', 'ops']",[]
what is renewable energy,out_of_scope,"{'is_question': True, 'question_word': 'what', 'has_imperative': False, 'imperative_verb': None, 'has_uncertainty_marker': False, 'has_temporal_reference': False, 'mentions_action': False, 'mentions_system_state': False}",['block_execute'],"['investigate', 'summarize', 'ops']",['execute']
who is claude monet,out_of_scope,"{'is_question': True, 'question_word': 'who', 'has_imperative': False, 'imperative_verb': None, 'has_uncertainty_marker': False, 'has_temporal_reference': False, 'mentions_action': False, 'mentions_system_state': False}",['block_execute'],"['investigate', 'summarize', 'ops']",['execute']
enable the kernel huge pages for the database host,execution,"{'is_question': False, 'question_word': None, 'has_imperative': False, 'imperative_verb': None, 'has_uncertainty_marker': False, 'has_temporal_reference': False, 'mentions_action': False, 'mentions_system_state': False}",[],"['investigate', 'execute', 'summarize', 'ops']",[]
check why the alerting rule is not firing,investigate,"{'is_question': False, 'question_word': None, 'has_imperative': False, 'imperative_verb': None, 'has_uncertainty_marker': False, 'has_temporal_reference': False, 'mentions_action': True, 'mentions_system_state': False}",[],"['investigate', 'execute', 'summarize', 'ops']",[]
check what triggered the node eviction,investigate,"{'is_question': False, 'question_word': None, 'has_imperative': False, 'imperative_verb': None, 'has_uncertainty_marker': False, 'has_temporal_reference': False, 'mentions_action': True, 'mentions_system_state': False}",[],"['investigate', 'execute', 'summarize', 'ops']",[]
restart the elasticsearch cluster rolling,execution,"{'is_question': False, 'question_word': None, 'has_imperative': True, 'imperative_verb': 'restart', 'has_uncertainty_marker': False, 'has_temporal_reference': False, 'mentions_action': True, 'mentions_system_state': False}",['allow_execute'],"['investigate', 'execute', 'summarize', 'ops']",[]
tell me about eagles,out_of_scope,"{'is_question': False, 'question_word': None, 'has_imperative': False, 'imperative_verb': None, 'has_uncertainty_marker': False, 'has_temporal_reference': False, 'mentions_action': False, 'mentions_system_state': False}",[],"['investigate', 'execute', 'summarize', 'ops']",[]
restart the gossip protocol seed nodes,execution,"{'is_question': False, 'question_word': None, 'has_imperative': True, 'imperative_verb': 'restart', 'has_uncertainty_marker': False, 'has_temporal_reference': False, 'mentions_action': True, 'mentions_system_state': False}",['allow_execute'],"['investigate', 'execute', 'summarize', 'ops']",[]
why are the job workers being starved of resources,investigate,"{'is_question': True, 'question_word': 'why', 'has_imperative': False, 'imperative_verb': None, 'has_uncertainty_marker': False, 'has_temporal_reference': False, 'mentions_action': False, 'mentions_system_state': False}",['block_execute'],"['investigate', 'summarize', 'ops']",['execute']
provide a brief recap of the service ownership audit,summarization,"{'is_question': False, 'question_word': None, 'has_imperative': False, 'imperative_verb': None, 'has_uncertainty_marker': False, 'has_temporal_reference': False, 'mentions_action': False, 'mentions_system_state': False}",[],"['investigate', 'execute', 'summarize', 'ops']",[]
give me a summary of the distributed tracing insights,summarization,"{'is_question': False, 'question_word': None, 'has_imperative': False, 'imperative_verb': None, 'has_uncertainty_marker': False, 'has_temporal_reference': False, 'mentions_action': False, 'mentions_system_state': False}",[],"['investigate', 'execute', 'summarize', 'ops']",[]
who wrote war and peace,out_of_scope,"{'is_question': True, 'question_word': 'who', 'has_imperative': False, 'imperative_verb': None, 'has_uncertainty_marker': False, 'has_temporal_reference': False, 'mentions_action': False, 'mentions_system_state': False}",['block_execute'],"['investigate', 'summarize', 'ops']",['execute']
how do I write poetry,out_of_scope,"{'is_question': True, 'question_word': 'how', 'has_imperative': False, 'imperative_verb': None, 'has_uncertainty_marker': False, 'has_temporal_reference': False, 'mentions_action': False, 'mentions_system_state': False}",['block_execute'],"['investigate', 'summarize', 'ops']",['execute']
configure the cosign policy for image verification,execution,"{'is_question': False, 'question_word': None, 'has_imperative': False, 'imperative_verb': None, 'has_uncertainty_marker': False, 'has_temporal_reference': False, 'mentions_action': False, 'mentions_system_state': False}",[],"['investigate', 'execute', 'summarize', 'ops']",[]
what is the speed of sound,out_of_scope,"{'is_question': True, 'question_word': 'what', 'has_imperative': False, 'imperative_verb': None, 'has_uncertainty_marker': False, 'has_temporal_reference': False, 'mentions_action': False, 'mentions_system_state': False}",['block_execute'],"['investigate', 'summarize', 'ops']",['execute']
what is the law of thermodynamics,out_of_scope,"{'is_question': True, 'question_word': 'what', 'has_imperative': False, 'imperative_verb': None, 'has_uncertainty_marker': False, 'has_temporal_reference': False, 'mentions_action': False, 'mentions_system_state': False}",['block_execute'],"['investigate', 'summarize', 'ops']",['execute']
give me a summary of the api error taxonomy this sprint,summarization,"{'is_question': False, 'question_word': None, 'has_imperative': False, 'imperative_verb': None, 'has_uncertainty_marker': False, 'has_temporal_reference': False, 'mentions_action': False, 'mentions_system_state': True}",[],"['investigate', 'execute', 'summarize', 'ops']",[]
investigate the hot partition in the event stream,investigate,"{'is_question': False, 'question_word': None, 'has_imperative': False, 'imperative_verb': None, 'has_uncertainty_marker': False, 'has_temporal_reference': False, 'mentions_action': True, 'mentions_system_state': False}",[],"['investigate', 'execute', 'summarize', 'ops']",[]
who is edgar allan poe,out_of_scope,"{'is_question': True, 'question_word': 'who', 'has_imperative': False, 'imperative_verb': None, 'has_uncertainty_marker': False, 'has_temporal_reference': False, 'mentions_action': False, 'mentions_system_state': False}",['block_execute'],"['investigate', 'summarize', 'ops']",['execute']
configure the session affinity timeout,execution,"{'is_question': False, 'question_word': None, 'has_imperative': False, 'imperative_verb': None, 'has_uncertainty_marker': False, 'has_temporal_reference': False, 'mentions_action': False, 'mentions_system_state': False}",[],"['investigate', 'execute', 'summarize', 'ops']",[]
how do I make a dreamcatcher,out_of_scope,"{'is_question': True, 'question_word': 'how', 'has_imperative': False, 'imperative_verb': None, 'has_uncertainty_marker': False, 'has_temporal_reference': False, 'mentions_action': False, 'mentions_system_state': False}",['block_execute'],"['investigate', 'summarize', 'ops']",['execute']
provide a recap of the endpoint coverage by synthetic monitors,summarization,"{'is_question': False, 'question_word': None, 'has_imperative': False, 'imperative_verb': None, 'has_uncertainty_marker': False, 'has_temporal_reference': False, 'mentions_action': False, 'mentions_system_state': False}",[],"['investigate', 'execute', 'summarize', 'ops']",[]
tell me about the roman empire,out_of_scope,"{'is_question': False, 'question_word': None, 'has_imperative': False, 'imperative_verb': None, 'has_uncertainty_marker': False, 'has_temporal_reference': False, 'mentions_action': False, 'mentions_system_state': False}",[],"['investigate', 'execute', 'summarize', 'ops']",[]
tell me about the tang dynasty,out_of_scope,"{'is_question': False, 'question_word': None, 'has_imperative': False, 'imperative_verb': None, 'has_uncertainty_marker': False, 'has_temporal_reference': False, 'mentions_action': False, 'mentions_system_state': False}",[],"['investigate', 'execute', 'summarize', 'ops']",[]
investigate the request timeout during peak traffic,investigate,"{'is_question': False, 'question_word': None, 'has_imperative': False, 'imperative_verb': None, 'has_uncertainty_marker': False, 'has_temporal_reference': False, 'mentions_action': True, 'mentions_system_state': False}",[],"['investigate', 'execute', 'summarize', 'ops']",[]
who is pablo picasso,out_of_scope,"{'is_question': True, 'question_word': 'who', 'has_imperative': False, 'imperative_verb': None, 'has_uncertainty_marker': False, 'has_temporal_reference': False, 'mentions_action': False, 'mentions_system_state': False}",['block_execute'],"['investigate', 'summarize', 'ops']",['execute']
give me an overview of the container runtime health,summarization,"{'is_question': False, 'question_word': None, 'has_imperative': False, 'imperative_verb': None, 'has_uncertainty_marker': False, 'has_temporal_reference': False, 'mentions_action': False, 'mentions_system_state': False}",[],"['investigate', 'execute', 'summarize', 'ops']",[]
tell me about the byzantine empire,out_of_scope,"{'is_question': False, 'question_word': None, 'has_imperative': False, 'imperative_verb': None, 'has_uncertainty_marker': False, 'has_temporal_reference': False, 'mentions_action': False, 'mentions_system_state': False}",[],"['investigate', 'execute', 'summarize', 'ops']",[]
apply the cors policy update on the gateway,execution,"{'is_question': False, 'question_word': None, 'has_imperative': True, 'imperative_verb': 'apply', 'has_uncertainty_marker': False, 'has_temporal_reference': False, 'mentions_action': True, 'mentions_system_state': False}",['allow_execute'],"['investigate', 'execute', 'summarize', 'ops']",[]
configure the pgbouncer pool size,execution,"{'is_question': False, 'question_word': None, 'has_imperative': False, 'imperative_verb': None, 'has_uncertainty_marker': False, 'has_temporal_reference': False, 'mentions_action': False, 'mentions_system_state': False}",[],"['investigate', 'execute', 'summarize', 'ops']",[]
tell me about thunderstorms,out_of_scope,"{'is_question': False, 'question_word': None, 'has_imperative': False, 'imperative_verb': None, 'has_uncertainty_marker': False, 'has_temporal_reference': False, 'mentions_action': False, 'mentions_system_state': False}",[],"['investigate', 'execute', 'summarize', 'ops']",[]
configure the topology spread constraints,execution,"{'is_question': False, 'question_word': None, 'has_imperative': False, 'imperative_verb': None, 'has_uncertainty_marker': False, 'has_temporal_reference': False, 'mentions_action': False, 'mentions_system_state': False}",[],"['investigate', 'execute', 'summarize', 'ops']",[]
investigate the frequent oom kills in the sidecar,investigate,"{'is_question': False, 'question_word': None, 'has_imperative': False, 'imperative_verb': None, 'has_uncertainty_marker': False, 'has_temporal_reference': False, 'mentions_action': True, 'mentions_system_state': False}",[],"['investigate', 'execute', 'summarize', 'ops']",[]
how do tides work,out_of_scope,"{'is_question': True, 'question_word': 'how', 'has_imperative': False, 'imperative_verb': None, 'has_uncertainty_marker': False, 'has_temporal_reference': False, 'mentions_action': False, 'mentions_system_state': False}",['block_execute'],"['investigate', 'summarize', 'ops']",['execute']
configure the connection timeout to 30 seconds,execution,"{'is_question': False, 'question_word': None, 'has_imperative': False, 'imperative_verb': None, 'has_uncertainty_marker': False, 'has_temporal_reference': False, 'mentions_action': False, 'mentions_system_state': False}",[],"['investigate', 'execute', 'summarize', 'ops']",[]
give me a summary of the compute reservation coverage,summarization,"{'is_question': False, 'question_word': None, 'has_imperative': False, 'imperative_verb': None, 'has_uncertainty_marker': False, 'has_temporal_reference': False, 'mentions_action': False, 'mentions_system_state': False}",[],"['investigate', 'execute', 'summarize', 'ops']",[]
who is wassily kandinsky,out_of_scope,"{'is_question': True, 'question_word': 'who', 'has_imperative': False, 'imperative_verb': None, 'has_uncertainty_marker': False, 'has_temporal_reference': False, 'mentions_action': False, 'mentions_system_state': False}",['block_execute'],"['investigate', 'summarize', 'ops']",['execute']
what is the milky way galaxy,out_of_scope,"{'is_question': True, 'question_word': 'what', 'has_imperative': False, 'imperative_verb': None, 'has_uncertainty_marker': False, 'has_temporal_reference': False, 'mentions_action': False, 'mentions_system_state': False}",['block_execute'],"['investigate', 'summarize', 'ops']",['execute']
trigger the failback to the primary region,execution,"{'is_question': False, 'question_word': None, 'has_imperative': False, 'imperative_verb': None, 'has_uncertainty_marker': False, 'has_temporal_reference': False, 'mentions_action': False, 'mentions_system_state': True}",[],"['investigate', 'execute', 'summarize', 'ops']",[]
update the helm chart values and upgrade release,execution,"{'is_question': False, 'question_word': None, 'has_imperative': True, 'imperative_verb': 'update', 'has_uncertainty_marker': False, 'has_temporal_reference': False, 'mentions_action': True, 'mentions_system_state': False}",['allow_execute'],"['investigate', 'execute', 'summarize', 'ops']",[]
why are there duplicate messages in the event stream,investigate,"{'is_question': True, 'question_word': 'why', 'has_imperative': False, 'imperative_verb': None, 'has_uncertainty_marker': False, 'has_temporal_reference': False, 'mentions_action': False, 'mentions_system_state': False}",['block_execute'],"['investigate', 'summarize', 'ops']",['execute']
how do I speak italian,out_of_scope,"{'is_question': True, 'question_word': 'how', 'has_imperative': False, 'imperative_verb': None, 'has_uncertainty_marker': False, 'has_temporal_reference': False, 'mentions_action': False, 'mentions_system_state': False}",['block_execute'],"['investigate', 'summarize', 'ops']",['execute']
what is a chromosomal mutation,out_of_scope,"{'is_question': True, 'question_word': 'what', 'has_imperative': False, 'imperative_verb': None, 'has_uncertainty_marker': False, 'has_temporal_reference': False, 'mentions_action': False, 'mentions_system_state': False}",['block_execute'],"['investigate', 'summarize', 'ops']",['execute']
summarize the uptime report for all critical services,summarization,"{'is_question': False, 'question_word': None, 'has_imperative': False, 'imperative_verb': None, 'has_uncertainty_marker': False, 'has_temporal_reference': False, 'mentions_action': True, 'mentions_system_state': True}",[],"['investigate', 'execute', 'summarize', 'ops']",[]
tell me about the titanic,out_of_scope,"{'is_question': False, 'question_word': None, 'has_imperative': False, 'imperative_verb': None, 'has_uncertainty_marker': False, 'has_temporal_reference': False, 'mentions_action': False, 'mentions_system_state': False}",[],"['investigate', 'execute', 'summarize', 'ops']",[]
provide a recap of the patch compliance status,summarization,"{'is_question': False, 'question_word': None, 'has_imperative': False, 'imperative_verb': None, 'has_uncertainty_marker': False, 'has_temporal_reference': False, 'mentions_action': True, 'mentions_system_state': True}",[],"['investigate', 'execute', 'summarize', 'ops']",[]
enable maintenance mode on the website,execution,"{'is_question': False, 'question_word': None, 'has_imperative': False, 'imperative_verb': None, 'has_uncertainty_marker': False, 'has_temporal_reference': False, 'mentions_action': False, 'mentions_system_state': False}",[],"['investigate', 'execute', 'summarize', 'ops']",[]
switch the routing policy to latency-based,execution,"{'is_question': False, 'question_word': None, 'has_imperative': False, 'imperative_verb': None, 'has_uncertainty_marker': False, 'has_temporal_reference': False, 'mentions_action': False, 'mentions_system_state': True}",[],"['investigate', 'execute', 'summarize', 'ops']",[]
give me a summary of the chaos experiment outcomes,summarization,"{'is_question': False, 'question_word': None, 'has_imperative': False, 'imperative_verb': None, 'has_uncertainty_marker': False, 'has_temporal_reference': False, 'mentions_action': False, 'mentions_system_state': False}",[],"['investigate', 'execute', 'summarize', 'ops']",[]
who is beethoven,out_of_scope,"{'is_question': True, 'question_word': 'who', 'has_imperative': False, 'imperative_verb': None, 'has_uncertainty_marker': False, 'has_temporal_reference': False, 'mentions_action': False, 'mentions_system_state': False}",['block_execute'],"['investigate', 'summarize', 'ops']",['execute']
what caused the spike in garbage collection time,investigate,"{'is_question': True, 'question_word': 'what', 'has_imperative': False, 'imperative_verb': None, 'has_uncertainty_marker': False, 'has_temporal_reference': False, 'mentions_action': False, 'mentions_system_state': True}","['block_execute', 'require_diagnostic_investigate']","['investigate', 'summarize', 'ops']",['execute']
approve the manual gate in the release pipeline,execution,"{'is_question': False, 'question_word': None, 'has_imperative': False, 'imperative_verb': None, 'has_uncertainty_marker': False, 'has_temporal_reference': False, 'mentions_action': False, 'mentions_system_state': False}",[],"['investigate', 'execute', 'summarize', 'ops']",[]
give me an overview of the secret management compliance,summarization,"{'is_question': False, 'question_word': None, 'has_imperative': False, 'imperative_verb': None, 'has_uncertainty_marker': False, 'has_temporal_reference': False, 'mentions_action': False, 'mentions_system_state': False}",[],"['investigate', 'execute', 'summarize', 'ops']",[]
tell me about the great wall of china,out_of_scope,"{'is_question': False, 'question_word': None, 'has_imperative': False, 'imperative_verb': None, 'has_uncertainty_marker': False, 'has_temporal_reference': False, 'mentions_action': False, 'mentions_system_state': False}",[],"['investigate', 'execute', 'summarize', 'ops']",[]
scale down the stateful set to zero replicas,execution,"{'is_question': False, 'question_word': None, 'has_imperative': True, 'imperative_verb': 'scale', 'has_uncertainty_marker': False, 'has_temporal_reference': False, 'mentions_action': True, 'mentions_system_state': True}",['allow_execute'],"['investigate', 'execute', 'summarize', 'ops']",[]
give me an overview of the fleet patching status,summarization,"{'is_question': False, 'question_word': None, 'has_imperative': False, 'imperative_verb': None, 'has_uncertainty_marker': False, 'has_temporal_reference': False, 'mentions_action': True, 'mentions_system_state': True}",[],"['investigate', 'execute', 'summarize', 'ops']",[]
provide a summary of the ci cd pipeline performance,summarization,"{'is_question': False, 'question_word': None, 'has_imperative': False, 'imperative_verb': None, 'has_uncertainty_marker': False, 'has_temporal_reference': False, 'mentions_action': False, 'mentions_system_state': False}",[],"['investigate', 'execute', 'summarize', 'ops']",[]
what is the history of tea,out_of_scope,"{'is_question': True, 'question_word': 'what', 'has_imperative': False, 'imperative_verb': None, 'has_uncertainty_marker': False, 'has_temporal_reference': False, 'mentions_action': False, 'mentions_system_state': False}",['block_execute'],"['investigate', 'summarize', 'ops']",['execute']
summarize the sla compliance for the past month,summarization,"{'is_question': False, 'question_word': None, 'has_imperative': False, 'imperative_verb': None, 'has_uncertainty_marker': False, 'has_temporal_reference': True, 'mentions_action': True, 'mentions_system_state': False}",[],"['investigate', 'execute', 'summarize', 'ops']",[]
how do I meditate properly,out_of_scope,"{'is_question': True, 'question_word': 'how', 'has_imperative': False, 'imperative_verb': None, 'has_uncertainty_marker': False, 'has_temporal_reference': False, 'mentions_action': False, 'mentions_system_state': False}",['block_execute'],"['investigate', 'summarize', 'ops']",['execute']
summarize the write path latency breakdown by layer,summarization,"{'is_question': False, 'question_word': None, 'has_imperative': False, 'imperative_verb': None, 'has_uncertainty_marker': False, 'has_temporal_reference': False, 'mentions_action': True, 'mentions_system_state': True}",[],"['investigate', 'execute', 'summarize', 'ops']",[]
what is a light year,out_of_scope,"{'is_question': True, 'question_word': 'what', 'has_imperative': False, 'imperative_verb': None, 'has_uncertainty_marker': False, 'has_temporal_reference': False, 'mentions_action': False, 'mentions_system_state': False}",['block_execute'],"['investigate', 'summarize', 'ops']",['execute']
how do I speak japanese,out_of_scope,"{'is_question': True, 'question_word': 'how', 'has_imperative': False, 'imperative_verb': None, 'has_uncertainty_marker': False, 'has_temporal_reference': False, 'mentions_action': False, 'mentions_system_state': False}",['block_execute'],"['investigate', 'summarize', 'ops']",['execute']
enable open file cache on the web server,execution,"{'is_question': False, 'question_word': None, 'has_imperative': False, 'imperative_verb': None, 'has_uncertainty_marker': False, 'has_temporal_reference': False, 'mentions_action': False, 'mentions_system_state': False}",[],"['investigate', 'execute', 'summarize', 'ops']",[]
set up the service mesh mutual tls,execution,"{'is_question': False, 'question_word': None, 'has_imperative': False, 'imperative_verb': None, 'has_uncertainty_marker': False, 'has_temporal_reference': False, 'mentions_action': False, 'mentions_system_state': False}",[],"['investigate', 'execute', 'summarize', 'ops']",[]
what is astrophysics,out_of_scope,"{'is_question': True, 'question_word': 'what', 'has_imperative': False, 'imperative_verb': None, 'has_uncertainty_marker': False, 'has_temporal_reference': False, 'mentions_action': False, 'mentions_system_state': False}",['block_execute'],"['investigate', 'summarize', 'ops']",['execute']
give me a summary of the event-driven architecture reliability,summarization,"{'is_question': False, 'question_word': None, 'has_imperative': False, 'imperative_verb': None, 'has_uncertainty_marker': False, 'has_temporal_reference': False, 'mentions_action': False, 'mentions_system_state': False}",[],"['investigate', 'execute', 'summarize', 'ops']",[]
what is the greenhouse effect,out_of_scope,"{'is_question': True, 'question_word': 'what', 'has_imperative': False, 'imperative_verb': None, 'has_uncertainty_marker': False, 'has_temporal_reference': False, 'mentions_action': False, 'mentions_system_state': False}",['block_execute'],"['investigate', 'summarize', 'ops']",['execute']
enable the geo-restriction policy on the cdn,execution,"{'is_question': False, 'question_word': None, 'has_imperative': False, 'imperative_verb': None, 'has_uncertainty_marker': False, 'has_temporal_reference': False, 'mentions_action': False, 'mentions_system_state': False}",[],"['investigate', 'execute', 'summarize', 'ops']",[]
who invented the printing press,out_of_scope,"{'is_question': True, 'question_word': 'who', 'has_imperative': False, 'imperative_verb': None, 'has_uncertainty_marker': False, 'has_temporal_reference': False, 'mentions_action': False, 'mentions_system_state': False}",['block_execute'],"['investigate', 'summarize', 'ops']",['execute']
give me an overview of the application security posture,summarization,"{'is_question': False, 'question_word': None, 'has_imperative': False, 'imperative_verb': None, 'has_uncertainty_marker': False, 'has_temporal_reference': False, 'mentions_action': False, 'mentions_system_state': False}",[],"['investigate', 'execute', 'summarize', 'ops']",[]
evict stale entries from the distributed cache,execution,"{'is_question': False, 'question_word': None, 'has_imperative': False, 'imperative_verb': None, 'has_uncertainty_marker': False, 'has_temporal_reference': False, 'mentions_action': False, 'mentions_system_state': False}",[],"['investigate', 'execute', 'summarize', 'ops']",[]
what is the pythagorean theorem,out_of_scope,"{'is_question': True, 'question_word': 'what', 'has_imperative': False, 'imperative_verb': None, 'has_uncertainty_marker': False, 'has_temporal_reference': False, 'mentions_action': False, 'mentions_system_state': False}",['block_execute'],"['investigate', 'summarize', 'ops']",['execute']
how do I play the violin,out_of_scope,"{'is_question': True, 'question_word': 'how', 'has_imperative': False, 'imperative_verb': None, 'has_uncertainty_marker': False, 'has_temporal_reference': False, 'mentions_action': False, 'mentions_system_state': False}",['block_execute'],"['investigate', 'summarize', 'ops']",['execute']
restart service mesh,execution,"{'is_question': False, 'question_word': None, 'has_imperative': True, 'imperative_verb': 'restart', 'has_uncertainty_marker': False, 'has_temporal_reference': False, 'mentions_action': True, 'mentions_system_state': False}",['allow_execute'],"['investigate', 'execute', 'summarize', 'ops']",[]
what caused the rollback to fail midway,investigate,"{'is_question': True, 'question_word': 'what', 'has_imperative': False, 'imperative_verb': None, 'has_uncertainty_marker': False, 'has_temporal_reference': False, 'mentions_action': True, 'mentions_system_state': True}","['block_execute', 'require_diagnostic_investigate']","['investigate', 'summarize', 'ops']",['execute']
sync the parameter store values to the pods,execution,"{'is_question': False, 'question_word': None, 'has_imperative': False, 'imperative_verb': None, 'has_uncertainty_marker': False, 'has_temporal_reference': False, 'mentions_action': False, 'mentions_system_state': False}",[],"['investigate', 'execute', 'summarize', 'ops']",[]
how do I do yoga,out_of_scope,"{'is_question': True, 'question_word': 'how', 'has_imperative': False, 'imperative_verb': None, 'has_uncertainty_marker': False, 'has_temporal_reference': False, 'mentions_action': False, 'mentions_system_state': False}",['block_execute'],"['investigate', 'summarize', 'ops']",['execute']
check why the batch processing job is stuck,investigate,"{'is_question': False, 'question_word': None, 'has_imperative': False, 'imperative_verb': None, 'has_uncertainty_marker': False, 'has_temporal_reference': False, 'mentions_action': True, 'mentions_system_state': False}",[],"['investigate', 'execute', 'summarize', 'ops']",[]
tell me about the polynesian navigation,out_of_scope,"{'is_question': False, 'question_word': None, 'has_imperative': False, 'imperative_verb': None, 'has_uncertainty_marker': False, 'has_temporal_reference': False, 'mentions_action': False, 'mentions_system_state': False}",[],"['investigate', 'execute', 'summarize', 'ops']",[]
what is the longest river,out_of_scope,"{'is_question': True, 'question_word': 'what', 'has_imperative': False, 'imperative_verb': None, 'has_uncertainty_marker': False, 'has_temporal_reference': False, 'mentions_action': False, 'mentions_system_state': False}",['block_execute'],"['investigate', 'summarize', 'ops']",['execute']
provide a brief on the endpoint deprecation usage,summarization,"{'is_question': False, 'question_word': None, 'has_imperative': False, 'imperative_verb': None, 'has_uncertainty_marker': False, 'has_temporal_reference': False, 'mentions_action': False, 'mentions_system_state': False}",[],"['investigate', 'execute', 'summarize', 'ops']",[]
flush all active user sessions from the cache,execution,"{'is_question': False, 'question_word': None, 'has_imperative': False, 'imperative_verb': None, 'has_uncertainty_marker': False, 'has_temporal_reference': False, 'mentions_action': False, 'mentions_system_state': False}",[],"['investigate', 'execute', 'summarize', 'ops']",[]
summarize the service mesh traffic routing changes,summarization,"{'is_question': False, 'question_word': None, 'has_imperative': False, 'imperative_verb': None, 'has_uncertainty_marker': False, 'has_temporal_reference': False, 'mentions_action': True, 'mentions_system_state': False}",[],"['investigate', 'execute', 'summarize', 'ops']",[]
why is the bloom filter returning false positives,investigate,"{'is_question': True, 'question_word': 'why', 'has_imperative': False, 'imperative_verb': None, 'has_uncertainty_marker': False, 'has_temporal_reference': False, 'mentions_action': False, 'mentions_system_state': False}",['block_execute'],"['investigate', 'summarize', 'ops']",['execute']
who is stephen hawking,out_of_scope,"{'is_question': True, 'question_word': 'who', 'has_imperative': False, 'imperative_verb': None, 'has_uncertainty_marker': False, 'has_temporal_reference': False, 'mentions_action': False, 'mentions_system_state': False}",['block_execute'],"['investigate', 'summarize', 'ops']",['execute']
who is marco polo,out_of_scope,"{'is_question': True, 'question_word': 'who', 'has_imperative': False, 'imperative_verb': None, 'has_uncertainty_marker': False, 'has_temporal_reference': False, 'mentions_action': False, 'mentions_system_state': False}",['block_execute'],"['investigate', 'summarize', 'ops']",['execute']
what is the tallest building in the world,out_of_scope,"{'is_question': True, 'question_word': 'what', 'has_imperative': False, 'imperative_verb': None, 'has_uncertainty_marker': False, 'has_temporal_reference': False, 'mentions_action': False, 'mentions_system_state': False}",['block_execute'],"['investigate', 'summarize', 'ops']",['execute']
what is artificial intelligence,out_of_scope,"{'is_question': True, 'question_word': 'what', 'has_imperative': False, 'imperative_verb': None, 'has_uncertainty_marker': False, 'has_temporal_reference': False, 'mentions_action': False, 'mentions_system_state': False}",['block_execute'],"['investigate', 'summarize', 'ops']",['execute']
tell me about the french revolution,out_of_scope,"{'is_question': False, 'question_word': None, 'has_imperative': False, 'imperative_verb': None, 'has_uncertainty_marker': False, 'has_temporal_reference': False, 'mentions_action': False, 'mentions_system_state': False}",[],"['investigate', 'execute', 'summarize', 'ops']",[]
provide a recap of the change management decisions,summarization,"{'is_question': False, 'question_word': None, 'has_imperative': False, 'imperative_verb': None, 'has_uncertainty_marker': False, 'has_temporal_reference': False, 'mentions_action': False, 'mentions_system_state': False}",[],"['investigate', 'execute', 'summarize', 'ops']",[]
what caused the deployment to break backward compatibility,investigate,"{'is_question': True, 'question_word': 'what', 'has_imperative': False, 'imperative_verb': None, 'has_uncertainty_marker': False, 'has_temporal_reference': False, 'mentions_action': True, 'mentions_system_state': False}",['block_execute'],"['investigate', 'summarize', 'ops']",['execute']
give me a summary of the disk growth trends by volume,summarization,"{'is_question': False, 'question_word': None, 'has_imperative': False, 'imperative_verb': None, 'has_uncertainty_marker': False, 'has_temporal_reference': False, 'mentions_action': False, 'mentions_system_state': False}",[],"['investigate', 'execute', 'summarize', 'ops']",[]
summarize service status,summarization,"{'is_question': False, 'question_word': None, 'has_imperative': False, 'imperative_verb': None, 'has_uncertainty_marker': False, 'has_temporal_reference': False, 'mentions_action': True, 'mentions_system_state': True}",[],"['investigate', 'execute', 'summarize', 'ops']",[]
tell me about the french impressionism,out_of_scope,"{'is_question': False, 'question_word': None, 'has_imperative': False, 'imperative_verb': None, 'has_uncertainty_marker': False, 'has_temporal_reference': False, 'mentions_action': False, 'mentions_system_state': False}",[],"['investigate', 'execute', 'summarize', 'ops']",[]
provide an overview of the deployment activity this sprint,summarization,"{'is_question': False, 'question_word': None, 'has_imperative': False, 'imperative_verb': None, 'has_uncertainty_marker': False, 'has_temporal_reference': False, 'mentions_action': True, 'mentions_system_state': False}",[],"['investigate', 'execute', 'summarize', 'ops']",[]
tell me about rainforests,out_of_scope,"{'is_question': False, 'question_word': None, 'has_imperative': False, 'imperative_verb': None, 'has_uncertainty_marker': False, 'has_temporal_reference': False, 'mentions_action': False, 'mentions_system_state': False}",[],"['investigate', 'execute', 'summarize', 'ops']",[]
check what is causing the container image pull failure,investigate,"{'is_question': False, 'question_word': None, 'has_imperative': False, 'imperative_verb': None, 'has_uncertainty_marker': False, 'has_temporal_reference': False, 'mentions_action': True, 'mentions_system_state': True}",[],"['investigate', 'execute', 'summarize', 'ops']",[]
give me an overview of the user-facing error rate trends,summarization,"{'is_question': False, 'question_word': None, 'has_imperative': False, 'imperative_verb': None, 'has_uncertainty_marker': False, 'has_temporal_reference': False, 'mentions_action': False, 'mentions_system_state': True}",[],"['investigate', 'execute', 'summarize', 'ops']",[]
enable the continuous profiling on the service,execution,"{'is_question': False, 'question_word': None, 'has_imperative': False, 'imperative_verb': None, 'has_uncertainty_marker': False, 'has_temporal_reference': False, 'mentions_action': False, 'mentions_system_state': False}",[],"['investigate', 'execute', 'summarize', 'ops']",[]
summarize the inter-service call failure rates,summarization,"{'is_question': False, 'question_word': None, 'has_imperative': False, 'imperative_verb': None, 'has_uncertainty_marker': False, 'has_temporal_reference': False, 'mentions_action': True, 'mentions_system_state': True}",[],"['investigate', 'execute', 'summarize', 'ops']",[]
summarize the infrastructure readiness for the launch,summarization,"{'is_question': False, 'question_word': None, 'has_imperative': False, 'imperative_verb': None, 'has_uncertainty_marker': False, 'has_temporal_reference': False, 'mentions_action': True, 'mentions_system_state': False}",[],"['investigate', 'execute', 'summarize', 'ops']",[]
add the new disk to the lvm volume group,execution,"{'is_question': False, 'question_word': None, 'has_imperative': False, 'imperative_verb': None, 'has_uncertainty_marker': False, 'has_temporal_reference': False, 'mentions_action': False, 'mentions_system_state': False}",[],"['investigate', 'execute', 'summarize', 'ops']",[]
how do birds navigate during migration,out_of_scope,"{'is_question': True, 'question_word': 'how', 'has_imperative': False, 'imperative_verb': None, 'has_uncertainty_marker': False, 'has_temporal_reference': False, 'mentions_action': False, 'mentions_system_state': False}",['block_execute'],"['investigate', 'summarize', 'ops']",['execute']
flush the connection state on the stateful firewall,execution,"{'is_question': False, 'question_word': None, 'has_imperative': False, 'imperative_verb': None, 'has_uncertainty_marker': False, 'has_temporal_reference': False, 'mentions_action': False, 'mentions_system_state': False}",[],"['investigate', 'execute', 'summarize', 'ops']",[]
investigate the evicted pods in the production namespace,investigate,"{'is_question': False, 'question_word': None, 'has_imperative': False, 'imperative_verb': None, 'has_uncertainty_marker': False, 'has_temporal_reference': False, 'mentions_action': True, 'mentions_system_state': False}",[],"['investigate', 'execute', 'summarize', 'ops']",[]
enable the request coalescing on the cache layer,execution,"{'is_question': False, 'question_word': None, 'has_imperative': False, 'imperative_verb': None, 'has_uncertainty_marker': False, 'has_temporal_reference': False, 'mentions_action': False, 'mentions_system_state': False}",[],"['investigate', 'execute', 'summarize', 'ops']",[]
what is your favorite color,out_of_scope,"{'is_question': True, 'question_word': 'what', 'has_imperative': False, 'imperative_verb': None, 'has_uncertainty_marker': False, 'has_temporal_reference': False, 'mentions_action': False, 'mentions_system_state': False}",['block_execute'],"['investigate', 'summarize', 'ops']",['execute']
tell me about the sumerians,out_of_scope,"{'is_question': False, 'question_word': None, 'has_imperative': False, 'imperative_verb': None, 'has_uncertainty_marker': False, 'has_temporal_reference': False, 'mentions_action': False, 'mentions_system_state': False}",[],"['investigate', 'execute', 'summarize', 'ops']",[]
what is zoology,out_of_scope,"{'is_question': True, 'question_word': 'what', 'has_imperative': False, 'imperative_verb': None, 'has_uncertainty_marker': False, 'has_temporal_reference': False, 'mentions_action': False, 'mentions_system_state': False}",['block_execute'],"['investigate', 'summarize', 'ops']",['execute']
how do I make a smoothie,out_of_scope,"{'is_question': True, 'question_word': 'how', 'has_imperative': False, 'imperative_verb': None, 'has_uncertainty_marker': False, 'has_temporal_reference': False, 'mentions_action': False, 'mentions_system_state': False}",['block_execute'],"['investigate', 'summarize', 'ops']",['execute']
why is the persistent volume not being bound,investigate,"{'is_question': True, 'question_word': 'why', 'has_imperative': False, 'imperative_verb': None, 'has_uncertainty_marker': False, 'has_temporal_reference': False, 'mentions_action': False, 'mentions_system_state': False}",['block_execute'],"['investigate', 'summarize', 'ops']",['execute']
give me a summary of the failed deployments this month,summarization,"{'is_question': False, 'question_word': None, 'has_imperative': False, 'imperative_verb': None, 'has_uncertainty_marker': False, 'has_temporal_reference': False, 'mentions_action': True, 'mentions_system_state': True}",[],"['investigate', 'execute', 'summarize', 'ops']",[]
flush the varnish cache for the stale content,execution,"{'is_question': False, 'question_word': None, 'has_imperative': False, 'imperative_verb': None, 'has_uncertainty_marker': False, 'has_temporal_reference': False, 'mentions_action': False, 'mentions_system_state': False}",[],"['investigate', 'execute', 'summarize', 'ops']",[]
summarize the monitoring coverage by service tier,summarization,"{'is_question': False, 'question_word': None, 'has_imperative': False, 'imperative_verb': None, 'has_uncertainty_marker': False, 'has_temporal_reference': False, 'mentions_action': True, 'mentions_system_state': False}",[],"['investigate', 'execute', 'summarize', 'ops']",[]
who is virginia woolf,out_of_scope,"{'is_question': True, 'question_word': 'who', 'has_imperative': False, 'imperative_verb': None, 'has_uncertainty_marker': False, 'has_temporal_reference': False, 'mentions_action': False, 'mentions_system_state': False}",['block_execute'],"['investigate', 'summarize', 'ops']",['execute']
provide ecosystem summary,summarization,"{'is_question': False, 'question_word': None, 'has_imperative': False, 'imperative_verb': None, 'has_uncertainty_marker': False, 'has_temporal_reference': False, 'mentions_action': False, 'mentions_system_state': False}",[],"['investigate', 'execute', 'summarize', 'ops']",[]
set up the monitoring alerts for the new service,execution,"{'is_question': False, 'question_word': None, 'has_imperative': False, 'imperative_verb': None, 'has_uncertainty_marker': False, 'has_temporal_reference': False, 'mentions_action': False, 'mentions_system_state': False}",[],"['investigate', 'execute', 'summarize', 'ops']",[]
why are there conflicting iptables rules,investigate,"{'is_question': True, 'question_word': 'why', 'has_imperative': False, 'imperative_verb': None, 'has_uncertainty_marker': False, 'has_temporal_reference': False, 'mentions_action': False, 'mentions_system_state': False}",['block_execute'],"['investigate', 'summarize', 'ops']",['execute']
summarize test results,summarization,"{'is_question': False, 'question_word': None, 'has_imperative': False, 'imperative_verb': None, 'has_uncertainty_marker': False, 'has_temporal_reference': False, 'mentions_action': True, 'mentions_system_state': False}",[],"['investigate', 'execute', 'summarize', 'ops']",[]
summarize the dependency freshness across repositories,summarization,"{'is_question': False, 'question_word': None, 'has_imperative': False, 'imperative_verb': None, 'has_uncertainty_marker': False, 'has_temporal_reference': False, 'mentions_action': True, 'mentions_system_state': False}",[],"['investigate', 'execute', 'summarize', 'ops']",[]
delete the unused container images on all nodes,execution,"{'is_question': False, 'question_word': None, 'has_imperative': True, 'imperative_verb': 'delete', 'has_uncertainty_marker': False, 'has_temporal_reference': False, 'mentions_action': True, 'mentions_system_state': False}",['allow_execute'],"['investigate', 'execute', 'summarize', 'ops']",[]
configure the max in-flight requests for the service,execution,"{'is_question': False, 'question_word': None, 'has_imperative': False, 'imperative_verb': None, 'has_uncertainty_marker': False, 'has_temporal_reference': False, 'mentions_action': False, 'mentions_system_state': False}",[],"['investigate', 'execute', 'summarize', 'ops']",[]
why is the object lock conflicting with replication,investigate,"{'is_question': True, 'question_word': 'why', 'has_imperative': False, 'imperative_verb': None, 'has_uncertainty_marker': False, 'has_temporal_reference': False, 'mentions_action': False, 'mentions_system_state': False}",['block_execute'],"['investigate', 'summarize', 'ops']",['execute']
what caused the database query plan regression,investigate,"{'is_question': True, 'question_word': 'what', 'has_imperative': False, 'imperative_verb': None, 'has_uncertainty_marker': False, 'has_temporal_reference': False, 'mentions_action': False, 'mentions_system_state': False}",['block_execute'],"['investigate', 'summarize', 'ops']",['execute']
apply the terraform changes to the dev environment,execution,"{'is_question': False, 'question_word': None, 'has_imperative': True, 'imperative_verb': 'apply', 'has_uncertainty_marker': False, 'has_temporal_reference': False, 'mentions_action': True, 'mentions_system_state': False}",['allow_execute'],"['investigate', 'execute', 'summarize', 'ops']",[]
purge old logs,execution,"{'is_question': False, 'question_word': None, 'has_imperative': False, 'imperative_verb': None, 'has_uncertainty_marker': False, 'has_temporal_reference': False, 'mentions_action': False, 'mentions_system_state': False}",[],"['investigate', 'execute', 'summarize', 'ops']",[]
what is sculpture,out_of_scope,"{'is_question': True, 'question_word': 'what', 'has_imperative': False, 'imperative_verb': None, 'has_uncertainty_marker': False, 'has_temporal_reference': False, 'mentions_action': False, 'mentions_system_state': False}",['block_execute'],"['investigate', 'summarize', 'ops']",['execute']
analyze the failed health probes in the cluster,investigate,"{'is_question': False, 'question_word': None, 'has_imperative': False, 'imperative_verb': None, 'has_uncertainty_marker': False, 'has_temporal_reference': False, 'mentions_action': False, 'mentions_system_state': True}",[],"['investigate', 'execute', 'summarize', 'ops']",[]
what is plate tectonics,out_of_scope,"{'is_question': True, 'question_word': 'what', 'has_imperative': False, 'imperative_verb': None, 'has_uncertainty_marker': False, 'has_temporal_reference': False, 'mentions_action': False, 'mentions_system_state': False}",['block_execute'],"['investigate', 'summarize', 'ops']",['execute']
look into the http connection pool timeout,investigate,"{'is_question': False, 'question_word': None, 'has_imperative': False, 'imperative_verb': None, 'has_uncertainty_marker': False, 'has_temporal_reference': False, 'mentions_action': False, 'mentions_system_state': False}",[],"['investigate', 'execute', 'summarize', 'ops']",[]
provide a recap of the database deadlock frequency,summarization,"{'is_question': False, 'question_word': None, 'has_imperative': False, 'imperative_verb': None, 'has_uncertainty_marker': False, 'has_temporal_reference': False, 'mentions_action': False, 'mentions_system_state': False}",[],"['investigate', 'execute', 'summarize', 'ops']",[]
tell me about the seven wonders of the world,out_of_scope,"{'is_question': False, 'question_word': None, 'has_imperative': False, 'imperative_verb': None, 'has_uncertainty_marker': False, 'has_temporal_reference': False, 'mentions_action': False, 'mentions_system_state': False}",[],"['investigate', 'execute', 'summarize', 'ops']",[]
give me a recap of the storage utilization trends,summarization,"{'is_question': False, 'question_word': None, 'has_imperative': False, 'imperative_verb': None, 'has_uncertainty_marker': False, 'has_temporal_reference': False, 'mentions_action': False, 'mentions_system_state': False}",[],"['investigate', 'execute', 'summarize', 'ops']",[]
how does the aurora borealis form,out_of_scope,"{'is_question': True, 'question_word': 'how', 'has_imperative': False, 'imperative_verb': None, 'has_uncertainty_marker': False, 'has_temporal_reference': False, 'mentions_action': False, 'mentions_system_state': False}",['block_execute'],"['investigate', 'summarize', 'ops']",['execute']
tell me about the battle of waterloo,out_of_scope,"{'is_question': False, 'question_word': None, 'has_imperative': False, 'imperative_verb': None, 'has_uncertainty_marker': False, 'has_temporal_reference': False, 'mentions_action': False, 'mentions_system_state': False}",[],"['investigate', 'execute', 'summarize', 'ops']",[]
update the tls cipher suite configuration,execution,"{'is_question': False, 'question_word': None, 'has_imperative': True, 'imperative_verb': 'update', 'has_uncertainty_marker': False, 'has_temporal_reference': False, 'mentions_action': True, 'mentions_system_state': False}",['allow_execute'],"['investigate', 'execute', 'summarize', 'ops']",[]
run the data migration script for the new schema,execution,"{'is_question': False, 'question_word': None, 'has_imperative': False, 'imperative_verb': None, 'has_uncertainty_marker': False, 'has_temporal_reference': False, 'mentions_action': False, 'mentions_system_state': False}",[],"['investigate', 'execute', 'summarize', 'ops']",[]
how do I make my own hot sauce,out_of_scope,"{'is_question': True, 'question_word': 'how', 'has_imperative': False, 'imperative_verb': None, 'has_uncertainty_marker': False, 'has_temporal_reference': False, 'mentions_action': False, 'mentions_system_state': False}",['block_execute'],"['investigate', 'summarize', 'ops']",['execute']
summarize the network topology changes this sprint,summarization,"{'is_question': False, 'question_word': None, 'has_imperative': False, 'imperative_verb': None, 'has_uncertainty_marker': False, 'has_temporal_reference': False, 'mentions_action': True, 'mentions_system_state': False}",[],"['investigate', 'execute', 'summarize', 'ops']",[]
investigate the sudden increase in 5xx errors,investigate,"{'is_question': False, 'question_word': None, 'has_imperative': False, 'imperative_verb': None, 'has_uncertainty_marker': False, 'has_temporal_reference': False, 'mentions_action': True, 'mentions_system_state': True}",[],"['investigate', 'execute', 'summarize', 'ops']",[]
summarize the open incidents and their current state,summarization,"{'is_question': False, 'question_word': None, 'has_imperative': False, 'imperative_verb': None, 'has_uncertainty_marker': False, 'has_temporal_reference': False, 'mentions_action': True, 'mentions_system_state': False}",[],"['investigate', 'execute', 'summarize', 'ops']",[]
give me an overview of the read write ratio by service,summarization,"{'is_question': False, 'question_word': None, 'has_imperative': False, 'imperative_verb': None, 'has_uncertainty_marker': False, 'has_temporal_reference': False, 'mentions_action': False, 'mentions_system_state': False}",[],"['investigate', 'execute', 'summarize', 'ops']",[]
tell me about the ming emperors,out_of_scope,"{'is_question': False, 'question_word': None, 'has_imperative': False, 'imperative_verb': None, 'has_uncertainty_marker': False, 'has_temporal_reference': False, 'mentions_action': False, 'mentions_system_state': False}",[],"['investigate', 'execute', 'summarize', 'ops']",[]
why is the object store showing inconsistent reads,investigate,"{'is_question': True, 'question_word': 'why', 'has_imperative': False, 'imperative_verb': None, 'has_uncertainty_marker': False, 'has_temporal_reference': False, 'mentions_action': True, 'mentions_system_state': False}",['block_execute'],"['investigate', 'summarize', 'ops']",['execute']
analyze the latency spikes during peak hours,investigate,"{'is_question': False, 'question_word': None, 'has_imperative': False, 'imperative_verb': None, 'has_uncertainty_marker': False, 'has_temporal_reference': False, 'mentions_action': False, 'mentions_system_state': True}",[],"['investigate', 'execute', 'summarize', 'ops']",[]
what is cellular respiration,out_of_scope,"{'is_question': True, 'question_word': 'what', 'has_imperative': False, 'imperative_verb': None, 'has_uncertainty_marker': False, 'has_temporal_reference': False, 'mentions_action': False, 'mentions_system_state': False}",['block_execute'],"['investigate', 'summarize', 'ops']",['execute']
give me a summary of the certificate status across services,summarization,"{'is_question': False, 'question_word': None, 'has_imperative': False, 'imperative_verb': None, 'has_uncertainty_marker': False, 'has_temporal_reference': False, 'mentions_action': False, 'mentions_system_state': True}",[],"['investigate', 'execute', 'summarize', 'ops']",[]
increase the connection pool size to 200,execution,"{'is_question': False, 'question_word': None, 'has_imperative': False, 'imperative_verb': None, 'has_uncertainty_marker': False, 'has_temporal_reference': False, 'mentions_action': False, 'mentions_system_state': False}",[],"['investigate', 'execute', 'summarize', 'ops']",[]
what caused the thundering herd on cache expiry,investigate,"{'is_question': True, 'question_word': 'what', 'has_imperative': False, 'imperative_verb': None, 'has_uncertainty_marker': False, 'has_temporal_reference': False, 'mentions_action': False, 'mentions_system_state': False}",['block_execute'],"['investigate', 'summarize', 'ops']",['execute']
why is the rpc client timing out during service restart,investigate,"{'is_question': True, 'question_word': 'why', 'has_imperative': False, 'imperative_verb': None, 'has_uncertainty_marker': False, 'has_temporal_reference': False, 'mentions_action': True, 'mentions_system_state': False}",['block_execute'],"['investigate', 'summarize', 'ops']",['execute']
what is causing the repeated connection draining on alb,investigate,"{'is_question': True, 'question_word': 'what', 'has_imperative': False, 'imperative_verb': None, 'has_uncertainty_marker': False, 'has_temporal_reference': False, 'mentions_action': False, 'mentions_system_state': False}",['block_execute'],"['investigate', 'summarize', 'ops']",['execute']
investigate the config map update causing service restart,investigate,"{'is_question': False, 'question_word': None, 'has_imperative': False, 'imperative_verb': None, 'has_uncertainty_marker': False, 'has_temporal_reference': False, 'mentions_action': True, 'mentions_system_state': False}",[],"['investigate', 'execute', 'summarize', 'ops']",[]
how do I make coffee,out_of_scope,"{'is_question': True, 'question_word': 'how', 'has_imperative': False, 'imperative_verb': None, 'has_uncertainty_marker': False, 'has_temporal_reference': False, 'mentions_action': False, 'mentions_system_state': False}",['block_execute'],"['investigate', 'summarize', 'ops']",['execute']
restart background worker,execution,"{'is_question': False, 'question_word': None, 'has_imperative': True, 'imperative_verb': 'restart', 'has_uncertainty_marker': False, 'has_temporal_reference': False, 'mentions_action': True, 'mentions_system_state': False}",['allow_execute'],"['investigate', 'execute', 'summarize', 'ops']",[]
what is the history of the olympic games,out_of_scope,"{'is_question': True, 'question_word': 'what', 'has_imperative': False, 'imperative_verb': None, 'has_uncertainty_marker': False, 'has_temporal_reference': False, 'mentions_action': False, 'mentions_system_state': False}",['block_execute'],"['investigate', 'summarize', 'ops']",['execute']
how do I make mead,out_of_scope,"{'is_question': True, 'question_word': 'how', 'has_imperative': False, 'imperative_verb': None, 'has_uncertainty_marker': False, 'has_temporal_reference': False, 'mentions_action': False, 'mentions_system_state': False}",['block_execute'],"['investigate', 'summarize', 'ops']",['execute']
apply the updated service account iam bindings,execution,"{'is_question': False, 'question_word': None, 'has_imperative': True, 'imperative_verb': 'apply', 'has_uncertainty_marker': False, 'has_temporal_reference': False, 'mentions_action': True, 'mentions_system_state': False}",['allow_execute'],"['investigate', 'execute', 'summarize', 'ops']",[]
provide a recap of the service discovery health checks,summarization,"{'is_question': False, 'question_word': None, 'has_imperative': False, 'imperative_verb': None, 'has_uncertainty_marker': False, 'has_temporal_reference': False, 'mentions_action': True, 'mentions_system_state': False}",[],"['investigate', 'execute', 'summarize', 'ops']",[]
investigate the database slowdown,investigate,"{'is_question': False, 'question_word': None, 'has_imperative': False, 'imperative_verb': None, 'has_uncertainty_marker': False, 'has_temporal_reference': False, 'mentions_action': True, 'mentions_system_state': True}",[],"['investigate', 'execute', 'summarize', 'ops']",[]
provide a brief on the release deployment frequency,summarization,"{'is_question': False, 'question_word': None, 'has_imperative': False, 'imperative_verb': None, 'has_uncertainty_marker': False, 'has_temporal_reference': False, 'mentions_action': True, 'mentions_system_state': False}",[],"['investigate', 'execute', 'summarize', 'ops']",[]
configure the codeowners file for the new team,execution,"{'is_question': False, 'question_word': None, 'has_imperative': False, 'imperative_verb': None, 'has_uncertainty_marker': False, 'has_temporal_reference': False, 'mentions_action': False, 'mentions_system_state': False}",[],"['investigate', 'execute', 'summarize', 'ops']",[]
apply the storage class changes for the volumes,execution,"{'is_question': False, 'question_word': None, 'has_imperative': True, 'imperative_verb': 'apply', 'has_uncertainty_marker': False, 'has_temporal_reference': False, 'mentions_action': True, 'mentions_system_state': False}",['allow_execute'],"['investigate', 'execute', 'summarize', 'ops']",[]
provide a brief on the security incident response timeline,summarization,"{'is_question': False, 'question_word': None, 'has_imperative': False, 'imperative_verb': None, 'has_uncertainty_marker': False, 'has_temporal_reference': False, 'mentions_action': False, 'mentions_system_state': False}",[],"['investigate', 'execute', 'summarize', 'ops']",[]
summarize the operational readiness review findings,summarization,"{'is_question': False, 'question_word': None, 'has_imperative': False, 'imperative_verb': None, 'has_uncertainty_marker': False, 'has_temporal_reference': False, 'mentions_action': True, 'mentions_system_state': False}",[],"['investigate', 'execute', 'summarize', 'ops']",[]
provide a recap of the planned maintenance windows,summarization,"{'is_question': False, 'question_word': None, 'has_imperative': False, 'imperative_verb': None, 'has_uncertainty_marker': False, 'has_temporal_reference': False, 'mentions_action': False, 'mentions_system_state': False}",[],"['investigate', 'execute', 'summarize', 'ops']",[]
who wrote pride and prejudice,out_of_scope,"{'is_question': True, 'question_word': 'who', 'has_imperative': False, 'imperative_verb': None, 'has_uncertainty_marker': False, 'has_temporal_reference': False, 'mentions_action': False, 'mentions_system_state': False}",['block_execute'],"['investigate', 'summarize', 'ops']",['execute']
why did health check fail,investigate,"{'is_question': True, 'question_word': 'why', 'has_imperative': False, 'imperative_verb': None, 'has_uncertainty_marker': False, 'has_temporal_reference': False, 'mentions_action': True, 'mentions_system_state': True}","['block_execute', 'require_diagnostic_investigate']","['investigate', 'summarize', 'ops']",['execute']
why is the dns lookup causing increased latency,investigate,"{'is_question': True, 'question_word': 'why', 'has_imperative': False, 'imperative_verb': None, 'has_uncertainty_marker': False, 'has_temporal_reference': False, 'mentions_action': False, 'mentions_system_state': True}","['block_execute', 'require_diagnostic_investigate']","['investigate', 'summarize', 'ops']",['execute']
investigate the anomalously high network egress cost,investigate,"{'is_question': False, 'question_word': None, 'has_imperative': False, 'imperative_verb': None, 'has_uncertainty_marker': False, 'has_temporal_reference': False, 'mentions_action': True, 'mentions_system_state': False}",[],"['investigate', 'execute', 'summarize', 'ops']",[]
mount the nfs share on the batch server,execution,"{'is_question': False, 'question_word': None, 'has_imperative': False, 'imperative_verb': None, 'has_uncertainty_marker': False, 'has_temporal_reference': False, 'mentions_action': False, 'mentions_system_state': False}",[],"['investigate', 'execute', 'summarize', 'ops']",[]
tell me about tigers,out_of_scope,"{'is_question': False, 'question_word': None, 'has_imperative': False, 'imperative_verb': None, 'has_uncertainty_marker': False, 'has_temporal_reference': False, 'mentions_action': False, 'mentions_system_state': False}",[],"['investigate', 'execute', 'summarize', 'ops']",[]
summarize dependency status,summarization,"{'is_question': False, 'question_word': None, 'has_imperative': False, 'imperative_verb': None, 'has_uncertainty_marker': False, 'has_temporal_reference': False, 'mentions_action': True, 'mentions_system_state': True}",[],"['investigate', 'execute', 'summarize', 'ops']",[]
provide a recap of the service-level objectives this period,summarization,"{'is_question': False, 'question_word': None, 'has_imperative': False, 'imperative_verb': None, 'has_uncertainty_marker': False, 'has_temporal_reference': False, 'mentions_action': False, 'mentions_system_state': False}",[],"['investigate', 'execute', 'summarize', 'ops']",[]
provide a recap of the slow transaction breakdown,summarization,"{'is_question': False, 'question_word': None, 'has_imperative': False, 'imperative_verb': None, 'has_uncertainty_marker': False, 'has_temporal_reference': False, 'mentions_action': False, 'mentions_system_state': True}",[],"['investigate', 'execute', 'summarize', 'ops']",[]
how do I start composting,out_of_scope,"{'is_question': True, 'question_word': 'how', 'has_imperative': False, 'imperative_verb': None, 'has_uncertainty_marker': False, 'has_temporal_reference': False, 'mentions_action': True, 'mentions_system_state': False}",['block_execute'],"['investigate', 'summarize', 'ops']",['execute']
give me rollback summary,summarization,"{'is_question': False, 'question_word': None, 'has_imperative': False, 'imperative_verb': None, 'has_uncertainty_marker': False, 'has_temporal_reference': False, 'mentions_action': True, 'mentions_system_state': False}",[],"['investigate', 'execute', 'summarize', 'ops']",[]
why is the cgroup memory limit being exceeded,investigate,"{'is_question': True, 'question_word': 'why', 'has_imperative': False, 'imperative_verb': None, 'has_uncertainty_marker': False, 'has_temporal_reference': False, 'mentions_action': False, 'mentions_system_state': True}","['block_execute', 'require_diagnostic_investigate']","['investigate', 'summarize', 'ops']",['execute']
summarize the capacity planning recommendations,summarization,"{'is_question': False, 'question_word': None, 'has_imperative': False, 'imperative_verb': None, 'has_uncertainty_marker': False, 'has_temporal_reference': False, 'mentions_action': True, 'mentions_system_state': False}",[],"['investigate', 'execute', 'summarize', 'ops']",[]
why is the load test showing degraded throughput,investigate,"{'is_question': True, 'question_word': 'why', 'has_imperative': False, 'imperative_verb': None, 'has_uncertainty_marker': False, 'has_temporal_reference': False, 'mentions_action': True, 'mentions_system_state': False}",['block_execute'],"['investigate', 'summarize', 'ops']",['execute']
investigate queue backlog,investigate,"{'is_question': False, 'question_word': None, 'has_imperative': False, 'imperative_verb': None, 'has_uncertainty_marker': False, 'has_temporal_reference': False, 'mentions_action': True, 'mentions_system_state': False}",[],"['investigate', 'execute', 'summarize', 'ops']",[]
tell me about sports,out_of_scope,"{'is_question': False, 'question_word': None, 'has_imperative': False, 'imperative_verb': None, 'has_uncertainty_marker': False, 'has_temporal_reference': False, 'mentions_action': False, 'mentions_system_state': False}",[],"['investigate', 'execute', 'summarize', 'ops']",[]
scale up the database replica,execution,"{'is_question': False, 'question_word': None, 'has_imperative': True, 'imperative_verb': 'scale', 'has_uncertainty_marker': False, 'has_temporal_reference': False, 'mentions_action': True, 'mentions_system_state': False}",['allow_execute'],"['investigate', 'execute', 'summarize', 'ops']",[]
run the network policy connectivity test,execution,"{'is_question': False, 'question_word': None, 'has_imperative': False, 'imperative_verb': None, 'has_uncertainty_marker': False, 'has_temporal_reference': False, 'mentions_action': False, 'mentions_system_state': False}",[],"['investigate', 'execute', 'summarize', 'ops']",[]
who is copernicus,out_of_scope,"{'is_question': True, 'question_word': 'who', 'has_imperative': False, 'imperative_verb': None, 'has_uncertainty_marker': False, 'has_temporal_reference': False, 'mentions_action': False, 'mentions_system_state': False}",['block_execute'],"['investigate', 'summarize', 'ops']",['execute']
summarize the uptime trend for payment services,summarization,"{'is_question': False, 'question_word': None, 'has_imperative': False, 'imperative_verb': None, 'has_uncertainty_marker': False, 'has_temporal_reference': False, 'mentions_action': True, 'mentions_system_state': True}",[],"['investigate', 'execute', 'summarize', 'ops']",[]
who is the author of harry potter,out_of_scope,"{'is_question': True, 'question_word': 'who', 'has_imperative': False, 'imperative_verb': None, 'has_uncertainty_marker': False, 'has_temporal_reference': False, 'mentions_action': False, 'mentions_system_state': False}",['block_execute'],"['investigate', 'summarize', 'ops']",['execute']
how do I learn to swim,out_of_scope,"{'is_question': True, 'question_word': 'how', 'has_imperative': False, 'imperative_verb': None, 'has_uncertainty_marker': False, 'has_temporal_reference': False, 'mentions_action': False, 'mentions_system_state': False}",['block_execute'],"['investigate', 'summarize', 'ops']",['execute']
restart api gateway,execution,"{'is_question': False, 'question_word': None, 'has_imperative': True, 'imperative_verb': 'restart', 'has_uncertainty_marker': False, 'has_temporal_reference': False, 'mentions_action': True, 'mentions_system_state': False}",['allow_execute'],"['investigate', 'execute', 'summarize', 'ops']",[]
investigate the flaky test failures in ci environment,investigate,"{'is_question': False, 'question_word': None, 'has_imperative': False, 'imperative_verb': None, 'has_uncertainty_marker': False, 'has_temporal_reference': False, 'mentions_action': True, 'mentions_system_state': True}",[],"['investigate', 'execute', 'summarize', 'ops']",[]
investigate the connection leak in the service,investigate,"{'is_question': False, 'question_word': None, 'has_imperative': False, 'imperative_verb': None, 'has_uncertainty_marker': False, 'has_temporal_reference': False, 'mentions_action': True, 'mentions_system_state': True}",[],"['investigate', 'execute', 'summarize', 'ops']",[]
check why the distributed lock is not being released,investigate,"{'is_question': False, 'question_word': None, 'has_imperative': False, 'imperative_verb': None, 'has_uncertainty_marker': False, 'has_temporal_reference': False, 'mentions_action': True, 'mentions_system_state': False}",[],"['investigate', 'execute', 'summarize', 'ops']",[]
tell me about whales,out_of_scope,"{'is_question': False, 'question_word': None, 'has_imperative': False, 'imperative_verb': None, 'has_uncertainty_marker': False, 'has_temporal_reference': False, 'mentions_action': False, 'mentions_system_state': False}",[],"['investigate', 'execute', 'summarize', 'ops']",[]
summarize the api response times over the past month,summarization,"{'is_question': False, 'question_word': None, 'has_imperative': False, 'imperative_verb': None, 'has_uncertainty_marker': False, 'has_temporal_reference': True, 'mentions_action': True, 'mentions_system_state': False}",[],"['investigate', 'execute', 'summarize', 'ops']",[]
give me an overview of the error distribution across services,summarization,"{'is_question': False, 'question_word': None, 'has_imperative': False, 'imperative_verb': None, 'has_uncertainty_marker': False, 'has_temporal_reference': False, 'mentions_action': False, 'mentions_system_state': True}",[],"['investigate', 'execute', 'summarize', 'ops']",[]
what is the national animal of australia,out_of_scope,"{'is_question': True, 'question_word': 'what', 'has_imperative': False, 'imperative_verb': None, 'has_uncertainty_marker': False, 'has_temporal_reference': False, 'mentions_action': False, 'mentions_system_state': False}",['block_execute'],"['investigate', 'summarize', 'ops']",['execute']
what is astronomy,out_of_scope,"{'is_question': True, 'question_word': 'what', 'has_imperative': False, 'imperative_verb': None, 'has_uncertainty_marker': False, 'has_temporal_reference': False, 'mentions_action': False, 'mentions_system_state': False}",['block_execute'],"['investigate', 'summarize', 'ops']",['execute']
close the inactive elasticsearch indices,execution,"{'is_question': False, 'question_word': None, 'has_imperative': False, 'imperative_verb': None, 'has_uncertainty_marker': False, 'has_temporal_reference': False, 'mentions_action': False, 'mentions_system_state': False}",[],"['investigate', 'execute', 'summarize', 'ops']",[]
why is the primary database not accepting connections,investigate,"{'is_question': True, 'question_word': 'why', 'has_imperative': False, 'imperative_verb': None, 'has_uncertainty_marker': False, 'has_temporal_reference': False, 'mentions_action': False, 'mentions_system_state': False}",['block_execute'],"['investigate', 'summarize', 'ops']",['execute']
set up the pagerduty escalation policy,execution,"{'is_question': False, 'question_word': None, 'has_imperative': False, 'imperative_verb': None, 'has_uncertainty_marker': False, 'has_temporal_reference': False, 'mentions_action': False, 'mentions_system_state': False}",[],"['investigate', 'execute', 'summarize', 'ops']",[]
update the oauth client credentials,execution,"{'is_question': False, 'question_word': None, 'has_imperative': True, 'imperative_verb': 'update', 'has_uncertainty_marker': False, 'has_temporal_reference': False, 'mentions_action': True, 'mentions_system_state': False}",['allow_execute'],"['investigate', 'execute', 'summarize', 'ops']",[]
give me an overview of the request success rate by service,summarization,"{'is_question': False, 'question_word': None, 'has_imperative': False, 'imperative_verb': None, 'has_uncertainty_marker': False, 'has_temporal_reference': False, 'mentions_action': False, 'mentions_system_state': False}",[],"['investigate', 'execute', 'summarize', 'ops']",[]
summarize resource usage,summarization,"{'is_question': False, 'question_word': None, 'has_imperative': False, 'imperative_verb': None, 'has_uncertainty_marker': False, 'has_temporal_reference': False, 'mentions_action': True, 'mentions_system_state': False}",[],"['investigate', 'execute', 'summarize', 'ops']",[]
provide an overview of the deployment lead time trends,summarization,"{'is_question': False, 'question_word': None, 'has_imperative': False, 'imperative_verb': None, 'has_uncertainty_marker': False, 'has_temporal_reference': False, 'mentions_action': True, 'mentions_system_state': False}",[],"['investigate', 'execute', 'summarize', 'ops']",[]
what is a tidal wave,out_of_scope,"{'is_question': True, 'question_word': 'what', 'has_imperative': False, 'imperative_verb': None, 'has_uncertainty_marker': False, 'has_temporal_reference': False, 'mentions_action': False, 'mentions_system_state': False}",['block_execute'],"['investigate', 'summarize', 'ops']",['execute']
analyze the io latency breakdown on nvme drives,investigate,"{'is_question': False, 'question_word': None, 'has_imperative': False, 'imperative_verb': None, 'has_uncertainty_marker': False, 'has_temporal_reference': False, 'mentions_action': False, 'mentions_system_state': True}",[],"['investigate', 'execute', 'summarize', 'ops']",[]
summarize alert trends,summarization,"{'is_question': False, 'question_word': None, 'has_imperative': False, 'imperative_verb': None, 'has_uncertainty_marker': False, 'has_temporal_reference': False, 'mentions_action': True, 'mentions_system_state': False}",[],"['investigate', 'execute', 'summarize', 'ops']",[]
summarize the storage tier migration progress,summarization,"{'is_question': False, 'question_word': None, 'has_imperative': False, 'imperative_verb': None, 'has_uncertainty_marker': False, 'has_temporal_reference': False, 'mentions_action': True, 'mentions_system_state': False}",[],"['investigate', 'execute', 'summarize', 'ops']",[]
summarize the feature flag rollout status,summarization,"{'is_question': False, 'question_word': None, 'has_imperative': False, 'imperative_verb': None, 'has_uncertainty_marker': False, 'has_temporal_reference': False, 'mentions_action': True, 'mentions_system_state': True}",[],"['investigate', 'execute', 'summarize', 'ops']",[]
check why the health check endpoint is slow,investigate,"{'is_question': False, 'question_word': None, 'has_imperative': False, 'imperative_verb': None, 'has_uncertainty_marker': False, 'has_temporal_reference': False, 'mentions_action': True, 'mentions_system_state': True}",[],"['investigate', 'execute', 'summarize', 'ops']",[]
apply hotfix,execution,"{'is_question': False, 'question_word': None, 'has_imperative': True, 'imperative_verb': 'apply', 'has_uncertainty_marker': False, 'has_temporal_reference': False, 'mentions_action': True, 'mentions_system_state': False}",['allow_execute'],"['investigate', 'execute', 'summarize', 'ops']",[]
why are the pod logs showing oom killed errors,investigate,"{'is_question': True, 'question_word': 'why', 'has_imperative': False, 'imperative_verb': None, 'has_uncertainty_marker': False, 'has_temporal_reference': False, 'mentions_action': True, 'mentions_system_state': True}","['block_execute', 'require_diagnostic_investigate']","['investigate', 'summarize', 'ops']",['execute']
apply the signed commit requirement on main branch,execution,"{'is_question': False, 'question_word': None, 'has_imperative': True, 'imperative_verb': 'apply', 'has_uncertainty_marker': False, 'has_temporal_reference': False, 'mentions_action': True, 'mentions_system_state': False}",['allow_execute'],"['investigate', 'execute', 'summarize', 'ops']",[]
why is the pod eviction disrupting the stateful workload,investigate,"{'is_question': True, 'question_word': 'why', 'has_imperative': False, 'imperative_verb': None, 'has_uncertainty_marker': False, 'has_temporal_reference': False, 'mentions_action': False, 'mentions_system_state': False}",['block_execute'],"['investigate', 'summarize', 'ops']",['execute']
how do I grow a bonsai tree,out_of_scope,"{'is_question': True, 'question_word': 'how', 'has_imperative': False, 'imperative_verb': None, 'has_uncertainty_marker': False, 'has_temporal_reference': False, 'mentions_action': False, 'mentions_system_state': False}",['block_execute'],"['investigate', 'summarize', 'ops']",['execute']
apply the egress network policy,execution,"{'is_question': False, 'question_word': None, 'has_imperative': True, 'imperative_verb': 'apply', 'has_uncertainty_marker': False, 'has_temporal_reference': False, 'mentions_action': True, 'mentions_system_state': False}",['allow_execute'],"['investigate', 'execute', 'summarize', 'ops']",[]
give me an overview of the telemetry pipeline health,summarization,"{'is_question': False, 'question_word': None, 'has_imperative': False, 'imperative_verb': None, 'has_uncertainty_marker': False, 'has_temporal_reference': False, 'mentions_action': False, 'mentions_system_state': False}",[],"['investigate', 'execute', 'summarize', 'ops']",[]
what is machine learning,out_of_scope,"{'is_question': True, 'question_word': 'what', 'has_imperative': False, 'imperative_verb': None, 'has_uncertainty_marker': False, 'has_temporal_reference': False, 'mentions_action': False, 'mentions_system_state': False}",['block_execute'],"['investigate', 'summarize', 'ops']",['execute']
configure the vault policy for the new service,execution,"{'is_question': False, 'question_word': None, 'has_imperative': False, 'imperative_verb': None, 'has_uncertainty_marker': False, 'has_temporal_reference': False, 'mentions_action': False, 'mentions_system_state': False}",[],"['investigate', 'execute', 'summarize', 'ops']",[]
run the dependency update bot on the repository,execution,"{'is_question': False, 'question_word': None, 'has_imperative': False, 'imperative_verb': None, 'has_uncertainty_marker': False, 'has_temporal_reference': False, 'mentions_action': True, 'mentions_system_state': False}",[],"['investigate', 'execute', 'summarize', 'ops']",[]
give me a summary of the log ingestion volume trends,summarization,"{'is_question': False, 'question_word': None, 'has_imperative': False, 'imperative_verb': None, 'has_uncertainty_marker': False, 'has_temporal_reference': False, 'mentions_action': False, 'mentions_system_state': False}",[],"['investigate', 'execute', 'summarize', 'ops']",[]
flush the iptables nat rules,execution,"{'is_question': False, 'question_word': None, 'has_imperative': False, 'imperative_verb': None, 'has_uncertainty_marker': False, 'has_temporal_reference': False, 'mentions_action': False, 'mentions_system_state': False}",[],"['investigate', 'execute', 'summarize', 'ops']",[]
investigate the ssl renegotiation overhead,investigate,"{'is_question': False, 'question_word': None, 'has_imperative': False, 'imperative_verb': None, 'has_uncertainty_marker': False, 'has_temporal_reference': False, 'mentions_action': True, 'mentions_system_state': False}",[],"['investigate', 'execute', 'summarize', 'ops']",[]
create the ingress rule for the new subdomain,execution,"{'is_question': False, 'question_word': None, 'has_imperative': False, 'imperative_verb': None, 'has_uncertainty_marker': False, 'has_temporal_reference': False, 'mentions_action': False, 'mentions_system_state': False}",[],"['investigate', 'execute', 'summarize', 'ops']",[]
set up the bulkhead pattern for the downstream service,execution,"{'is_question': False, 'question_word': None, 'has_imperative': False, 'imperative_verb': None, 'has_uncertainty_marker': False, 'has_temporal_reference': False, 'mentions_action': False, 'mentions_system_state': True}",[],"['investigate', 'execute', 'summarize', 'ops']",[]
provide a brief on the disaster recovery drill results,summarization,"{'is_question': False, 'question_word': None, 'has_imperative': False, 'imperative_verb': None, 'has_uncertainty_marker': False, 'has_temporal_reference': False, 'mentions_action': False, 'mentions_system_state': False}",[],"['investigate', 'execute', 'summarize', 'ops']",[]
give me a summary of the top services by error volume,summarization,"{'is_question': False, 'question_word': None, 'has_imperative': False, 'imperative_verb': None, 'has_uncertainty_marker': False, 'has_temporal_reference': False, 'mentions_action': False, 'mentions_system_state': True}",[],"['investigate', 'execute', 'summarize', 'ops']",[]
disable the feature flag for dark mode,execution,"{'is_question': False, 'question_word': None, 'has_imperative': False, 'imperative_verb': None, 'has_uncertainty_marker': False, 'has_temporal_reference': False, 'mentions_action': False, 'mentions_system_state': False}",[],"['investigate', 'execute', 'summarize', 'ops']",[]
analyze the socket backlog on the listener,investigate,"{'is_question': False, 'question_word': None, 'has_imperative': False, 'imperative_verb': None, 'has_uncertainty_marker': False, 'has_temporal_reference': False, 'mentions_action': False, 'mentions_system_state': False}",[],"['investigate', 'execute', 'summarize', 'ops']",[]
provide a brief on the traffic split during the canary,summarization,"{'is_question': False, 'question_word': None, 'has_imperative': False, 'imperative_verb': None, 'has_uncertainty_marker': False, 'has_temporal_reference': False, 'mentions_action': False, 'mentions_system_state': False}",[],"['investigate', 'execute', 'summarize', 'ops']",[]
archive the old build artifacts from the registry,execution,"{'is_question': False, 'question_word': None, 'has_imperative': False, 'imperative_verb': None, 'has_uncertainty_marker': False, 'has_temporal_reference': False, 'mentions_action': False, 'mentions_system_state': False}",[],"['investigate', 'execute', 'summarize', 'ops']",[]
give me a summary of the feature flag states in production,summarization,"{'is_question': False, 'question_word': None, 'has_imperative': False, 'imperative_verb': None, 'has_uncertainty_marker': False, 'has_temporal_reference': False, 'mentions_action': False, 'mentions_system_state': False}",[],"['investigate', 'execute', 'summarize', 'ops']",[]
summarize the service deprecation and migration status,summarization,"{'is_question': False, 'question_word': None, 'has_imperative': False, 'imperative_verb': None, 'has_uncertainty_marker': False, 'has_temporal_reference': False, 'mentions_action': True, 'mentions_system_state': True}",[],"['investigate', 'execute', 'summarize', 'ops']",[]
how do I make cheese at home,out_of_scope,"{'is_question': True, 'question_word': 'how', 'has_imperative': False, 'imperative_verb': None, 'has_uncertainty_marker': False, 'has_temporal_reference': False, 'mentions_action': False, 'mentions_system_state': False}",['block_execute'],"['investigate', 'summarize', 'ops']",['execute']
why are database writes slowing down,investigate,"{'is_question': True, 'question_word': 'why', 'has_imperative': False, 'imperative_verb': None, 'has_uncertainty_marker': False, 'has_temporal_reference': False, 'mentions_action': False, 'mentions_system_state': True}","['block_execute', 'require_diagnostic_investigate']","['investigate', 'summarize', 'ops']",['execute']
run the storage filesystem consistency check,execution,"{'is_question': False, 'question_word': None, 'has_imperative': False, 'imperative_verb': None, 'has_uncertainty_marker': False, 'has_temporal_reference': False, 'mentions_action': True, 'mentions_system_state': False}",[],"['investigate', 'execute', 'summarize', 'ops']",[]
set the resource limits on the logging sidecar,execution,"{'is_question': False, 'question_word': None, 'has_imperative': False, 'imperative_verb': None, 'has_uncertainty_marker': False, 'has_temporal_reference': False, 'mentions_action': False, 'mentions_system_state': False}",[],"['investigate', 'execute', 'summarize', 'ops']",[]
what is pharmacology,out_of_scope,"{'is_question': True, 'question_word': 'what', 'has_imperative': False, 'imperative_verb': None, 'has_uncertainty_marker': False, 'has_temporal_reference': False, 'mentions_action': False, 'mentions_system_state': False}",['block_execute'],"['investigate', 'summarize', 'ops']",['execute']
why is disk usage at 90 percent,investigate,"{'is_question': True, 'question_word': 'why', 'has_imperative': False, 'imperative_verb': None, 'has_uncertainty_marker': False, 'has_temporal_reference': False, 'mentions_action': False, 'mentions_system_state': False}",['block_execute'],"['investigate', 'summarize', 'ops']",['execute']
give me an overview of the deployment environment parity,summarization,"{'is_question': False, 'question_word': None, 'has_imperative': False, 'imperative_verb': None, 'has_uncertainty_marker': False, 'has_temporal_reference': False, 'mentions_action': True, 'mentions_system_state': False}",[],"['investigate', 'execute', 'summarize', 'ops']",[]
run the performance benchmark suite,execution,"{'is_question': False, 'question_word': None, 'has_imperative': False, 'imperative_verb': None, 'has_uncertainty_marker': False, 'has_temporal_reference': False, 'mentions_action': False, 'mentions_system_state': False}",[],"['investigate', 'execute', 'summarize', 'ops']",[]
trigger the automated rollback procedure,execution,"{'is_question': False, 'question_word': None, 'has_imperative': False, 'imperative_verb': None, 'has_uncertainty_marker': False, 'has_temporal_reference': False, 'mentions_action': True, 'mentions_system_state': False}",[],"['investigate', 'execute', 'summarize', 'ops']",[]
what caused the breach of the sla threshold,investigate,"{'is_question': True, 'question_word': 'what', 'has_imperative': False, 'imperative_verb': None, 'has_uncertainty_marker': False, 'has_temporal_reference': False, 'mentions_action': False, 'mentions_system_state': False}",['block_execute'],"['investigate', 'summarize', 'ops']",['execute']
restart the coredns deployment after config change,execution,"{'is_question': False, 'question_word': None, 'has_imperative': True, 'imperative_verb': 'restart', 'has_uncertainty_marker': False, 'has_temporal_reference': False, 'mentions_action': True, 'mentions_system_state': False}",['allow_execute'],"['investigate', 'execute', 'summarize', 'ops']",[]
look into the nfs mount hanging issue,investigate,"{'is_question': False, 'question_word': None, 'has_imperative': False, 'imperative_verb': None, 'has_uncertainty_marker': False, 'has_temporal_reference': False, 'mentions_action': False, 'mentions_system_state': False}",[],"['investigate', 'execute', 'summarize', 'ops']",[]
provide health check summary,summarization,"{'is_question': False, 'question_word': None, 'has_imperative': False, 'imperative_verb': None, 'has_uncertainty_marker': False, 'has_temporal_reference': False, 'mentions_action': True, 'mentions_system_state': False}",[],"['investigate', 'execute', 'summarize', 'ops']",[]
upgrade the worker node pool to the target version,execution,"{'is_question': False, 'question_word': None, 'has_imperative': True, 'imperative_verb': 'upgrade', 'has_uncertainty_marker': False, 'has_temporal_reference': False, 'mentions_action': True, 'mentions_system_state': False}",['allow_execute'],"['investigate', 'execute', 'summarize', 'ops']",[]
investigate the concurrent write conflicts in the db,investigate,"{'is_question': False, 'question_word': None, 'has_imperative': False, 'imperative_verb': None, 'has_uncertainty_marker': False, 'has_temporal_reference': False, 'mentions_action': True, 'mentions_system_state': False}",[],"['investigate', 'execute', 'summarize', 'ops']",[]
what is causing the connection reset errors,investigate,"{'is_question': True, 'question_word': 'what', 'has_imperative': False, 'imperative_verb': None, 'has_uncertainty_marker': False, 'has_temporal_reference': False, 'mentions_action': False, 'mentions_system_state': True}","['block_execute', 'require_diagnostic_investigate']","['investigate', 'summarize', 'ops']",['execute']
how do I play soccer,out_of_scope,"{'is_question': True, 'question_word': 'how', 'has_imperative': False, 'imperative_verb': None, 'has_uncertainty_marker': False, 'has_temporal_reference': False, 'mentions_action': False, 'mentions_system_state': False}",['block_execute'],"['investigate', 'summarize', 'ops']",['execute']
why did the kubernetes job fail,investigate,"{'is_question': True, 'question_word': 'why', 'has_imperative': False, 'imperative_verb': None, 'has_uncertainty_marker': False, 'has_temporal_reference': False, 'mentions_action': False, 'mentions_system_state': True}","['block_execute', 'require_diagnostic_investigate']","['investigate', 'summarize', 'ops']",['execute']
block the suspicious ip range at the firewall,execution,"{'is_question': False, 'question_word': None, 'has_imperative': False, 'imperative_verb': None, 'has_uncertainty_marker': False, 'has_temporal_reference': False, 'mentions_action': False, 'mentions_system_state': False}",[],"['investigate', 'execute', 'summarize', 'ops']",[]
what is causing the jitter in the rpc response times,investigate,"{'is_question': True, 'question_word': 'what', 'has_imperative': False, 'imperative_verb': None, 'has_uncertainty_marker': False, 'has_temporal_reference': False, 'mentions_action': False, 'mentions_system_state': False}",['block_execute'],"['investigate', 'summarize', 'ops']",['execute']
restart the load balancer,execution,"{'is_question': False, 'question_word': None, 'has_imperative': True, 'imperative_verb': 'restart', 'has_uncertainty_marker': False, 'has_temporal_reference': False, 'mentions_action': True, 'mentions_system_state': False}",['allow_execute'],"['investigate', 'execute', 'summarize', 'ops']",[]
how do I make limoncello,out_of_scope,"{'is_question': True, 'question_word': 'how', 'has_imperative': False, 'imperative_verb': None, 'has_uncertainty_marker': False, 'has_temporal_reference': False, 'mentions_action': False, 'mentions_system_state': False}",['block_execute'],"['investigate', 'summarize', 'ops']",['execute']
what is photosynthesis,out_of_scope,"{'is_question': True, 'question_word': 'what', 'has_imperative': False, 'imperative_verb': None, 'has_uncertainty_marker': False, 'has_temporal_reference': False, 'mentions_action': False, 'mentions_system_state': False}",['block_execute'],"['investigate', 'summarize', 'ops']",['execute']
who is socrates,out_of_scope,"{'is_question': True, 'question_word': 'who', 'has_imperative': False, 'imperative_verb': None, 'has_uncertainty_marker': False, 'has_temporal_reference': False, 'mentions_action': False, 'mentions_system_state': False}",['block_execute'],"['investigate', 'summarize', 'ops']",['execute']
tell me about owls,out_of_scope,"{'is_question': False, 'question_word': None, 'has_imperative': False, 'imperative_verb': None, 'has_uncertainty_marker': False, 'has_temporal_reference': False, 'mentions_action': False, 'mentions_system_state': False}",[],"['investigate', 'execute', 'summarize', 'ops']",[]
apply database migration,execution,"{'is_question': False, 'question_word': None, 'has_imperative': True, 'imperative_verb': 'apply', 'has_uncertainty_marker': False, 'has_temporal_reference': False, 'mentions_action': True, 'mentions_system_state': False}",['allow_execute'],"['investigate', 'execute', 'summarize', 'ops']",[]
what is a proton,out_of_scope,"{'is_question': True, 'question_word': 'what', 'has_imperative': False, 'imperative_verb': None, 'has_uncertainty_marker': False, 'has_temporal_reference': False, 'mentions_action': False, 'mentions_system_state': False}",['block_execute'],"['investigate', 'summarize', 'ops']",['execute']
investigate the 502 bad gateway errors on frontend,investigate,"{'is_question': False, 'question_word': None, 'has_imperative': False, 'imperative_verb': None, 'has_uncertainty_marker': False, 'has_temporal_reference': False, 'mentions_action': True, 'mentions_system_state': True}",[],"['investigate', 'execute', 'summarize', 'ops']",[]
summarize the synthetic monitoring test results,summarization,"{'is_question': False, 'question_word': None, 'has_imperative': False, 'imperative_verb': None, 'has_uncertainty_marker': False, 'has_temporal_reference': False, 'mentions_action': True, 'mentions_system_state': False}",[],"['investigate', 'execute', 'summarize', 'ops']",[]
what caused the raft consensus timeout,investigate,"{'is_question': True, 'question_word': 'what', 'has_imperative': False, 'imperative_verb': None, 'has_uncertainty_marker': False, 'has_temporal_reference': False, 'mentions_action': False, 'mentions_system_state': False}",['block_execute'],"['investigate', 'summarize', 'ops']",['execute']
what is the history of coffee,out_of_scope,"{'is_question': True, 'question_word': 'what', 'has_imperative': False, 'imperative_verb': None, 'has_uncertainty_marker': False, 'has_temporal_reference': False, 'mentions_action': False, 'mentions_system_state': False}",['block_execute'],"['investigate', 'summarize', 'ops']",['execute']
drain and replace the node for os upgrade,execution,"{'is_question': False, 'question_word': None, 'has_imperative': False, 'imperative_verb': None, 'has_uncertainty_marker': False, 'has_temporal_reference': False, 'mentions_action': True, 'mentions_system_state': False}",[],"['investigate', 'execute', 'summarize', 'ops']",[]
kill the hanging process,execution,"{'is_question': False, 'question_word': None, 'has_imperative': True, 'imperative_verb': 'kill', 'has_uncertainty_marker': False, 'has_temporal_reference': False, 'mentions_action': True, 'mentions_system_state': False}",['allow_execute'],"['investigate', 'execute', 'summarize', 'ops']",[]
provide an overview of the technical debt remediation,summarization,"{'is_question': False, 'question_word': None, 'has_imperative': False, 'imperative_verb': None, 'has_uncertainty_marker': False, 'has_temporal_reference': False, 'mentions_action': False, 'mentions_system_state': False}",[],"['investigate', 'execute', 'summarize', 'ops']",[]
how do I knit a sweater,out_of_scope,"{'is_question': True, 'question_word': 'how', 'has_imperative': False, 'imperative_verb': None, 'has_uncertainty_marker': False, 'has_temporal_reference': False, 'mentions_action': False, 'mentions_system_state': False}",['block_execute'],"['investigate', 'summarize', 'ops']",['execute']
tell me about books,out_of_scope,"{'is_question': False, 'question_word': None, 'has_imperative': False, 'imperative_verb': None, 'has_uncertainty_marker': False, 'has_temporal_reference': False, 'mentions_action': False, 'mentions_system_state': False}",[],"['investigate', 'execute', 'summarize', 'ops']",[]
terminate a random pod to test resilience,execution,"{'is_question': False, 'question_word': None, 'has_imperative': True, 'imperative_verb': 'terminate', 'has_uncertainty_marker': False, 'has_temporal_reference': False, 'mentions_action': True, 'mentions_system_state': False}",['allow_execute'],"['investigate', 'execute', 'summarize', 'ops']",[]
configure the async io thread pool size,execution,"{'is_question': False, 'question_word': None, 'has_imperative': False, 'imperative_verb': None, 'has_uncertainty_marker': False, 'has_temporal_reference': False, 'mentions_action': False, 'mentions_system_state': False}",[],"['investigate', 'execute', 'summarize', 'ops']",[]
provide a recap of the api contract violations,summarization,"{'is_question': False, 'question_word': None, 'has_imperative': False, 'imperative_verb': None, 'has_uncertainty_marker': False, 'has_temporal_reference': False, 'mentions_action': False, 'mentions_system_state': False}",[],"['investigate', 'execute', 'summarize', 'ops']",[]
tell me a joke,out_of_scope,"{'is_question': False, 'question_word': None, 'has_imperative': False, 'imperative_verb': None, 'has_uncertainty_marker': False, 'has_temporal_reference': False, 'mentions_action': False, 'mentions_system_state': False}",[],"['investigate', 'execute', 'summarize', 'ops']",[]
apply the jit compiler optimization flags,execution,"{'is_question': False, 'question_word': None, 'has_imperative': True, 'imperative_verb': 'apply', 'has_uncertainty_marker': False, 'has_temporal_reference': False, 'mentions_action': True, 'mentions_system_state': False}",['allow_execute'],"['investigate', 'execute', 'summarize', 'ops']",[]
vacuum database,execution,"{'is_question': False, 'question_word': None, 'has_imperative': False, 'imperative_verb': None, 'has_uncertainty_marker': False, 'has_temporal_reference': False, 'mentions_action': False, 'mentions_system_state': False}",[],"['investigate', 'execute', 'summarize', 'ops']",[]
summarize the message queue throughput metrics,summarization,"{'is_question': False, 'question_word': None, 'has_imperative': False, 'imperative_verb': None, 'has_uncertainty_marker': False, 'has_temporal_reference': False, 'mentions_action': True, 'mentions_system_state': False}",[],"['investigate', 'execute', 'summarize', 'ops']",[]
how do I make bread,out_of_scope,"{'is_question': True, 'question_word': 'how', 'has_imperative': False, 'imperative_verb': None, 'has_uncertainty_marker': False, 'has_temporal_reference': False, 'mentions_action': False, 'mentions_system_state': False}",['block_execute'],"['investigate', 'summarize', 'ops']",['execute']
tell me about the black plague,out_of_scope,"{'is_question': False, 'question_word': None, 'has_imperative': False, 'imperative_verb': None, 'has_uncertainty_marker': False, 'has_temporal_reference': False, 'mentions_action': False, 'mentions_system_state': False}",[],"['investigate', 'execute', 'summarize', 'ops']",[]
investigate the high read amplification factor on lsm,investigate,"{'is_question': False, 'question_word': None, 'has_imperative': False, 'imperative_verb': None, 'has_uncertainty_marker': False, 'has_temporal_reference': False, 'mentions_action': True, 'mentions_system_state': False}",[],"['investigate', 'execute', 'summarize', 'ops']",[]
what is an atom,out_of_scope,"{'is_question': True, 'question_word': 'what', 'has_imperative': False, 'imperative_verb': None, 'has_uncertainty_marker': False, 'has_temporal_reference': False, 'mentions_action': False, 'mentions_system_state': False}",['block_execute'],"['investigate', 'summarize', 'ops']",['execute']
investigate why the service is not reachable,investigate,"{'is_question': False, 'question_word': None, 'has_imperative': False, 'imperative_verb': None, 'has_uncertainty_marker': False, 'has_temporal_reference': False, 'mentions_action': True, 'mentions_system_state': False}",[],"['investigate', 'execute', 'summarize', 'ops']",[]
run the disk defragmentation on the storage volume,execution,"{'is_question': False, 'question_word': None, 'has_imperative': False, 'imperative_verb': None, 'has_uncertainty_marker': False, 'has_temporal_reference': False, 'mentions_action': False, 'mentions_system_state': False}",[],"['investigate', 'execute', 'summarize', 'ops']",[]
trigger the argocd sync for the production environment,execution,"{'is_question': False, 'question_word': None, 'has_imperative': False, 'imperative_verb': None, 'has_uncertainty_marker': False, 'has_temporal_reference': False, 'mentions_action': False, 'mentions_system_state': False}",[],"['investigate', 'execute', 'summarize', 'ops']",[]
repair the xfs filesystem after unclean shutdown,execution,"{'is_question': False, 'question_word': None, 'has_imperative': False, 'imperative_verb': None, 'has_uncertainty_marker': False, 'has_temporal_reference': False, 'mentions_action': True, 'mentions_system_state': True}",[],"['investigate', 'execute', 'summarize', 'ops']",[]
investigate the page cache thrashing issue,investigate,"{'is_question': False, 'question_word': None, 'has_imperative': False, 'imperative_verb': None, 'has_uncertainty_marker': False, 'has_temporal_reference': False, 'mentions_action': True, 'mentions_system_state': False}",[],"['investigate', 'execute', 'summarize', 'ops']",[]
provide a recap of the release deployment lead time,summarization,"{'is_question': False, 'question_word': None, 'has_imperative': False, 'imperative_verb': None, 'has_uncertainty_marker': False, 'has_temporal_reference': False, 'mentions_action': True, 'mentions_system_state': False}",[],"['investigate', 'execute', 'summarize', 'ops']",[]
set the kubernetes api server admission webhook,execution,"{'is_question': False, 'question_word': None, 'has_imperative': False, 'imperative_verb': None, 'has_uncertainty_marker': False, 'has_temporal_reference': False, 'mentions_action': False, 'mentions_system_state': False}",[],"['investigate', 'execute', 'summarize', 'ops']",[]
enable the ddos protection on the edge layer,execution,"{'is_question': False, 'question_word': None, 'has_imperative': False, 'imperative_verb': None, 'has_uncertainty_marker': False, 'has_temporal_reference': False, 'mentions_action': False, 'mentions_system_state': False}",[],"['investigate', 'execute', 'summarize', 'ops']",[]
apply the network policy to restrict egress,execution,"{'is_question': False, 'question_word': None, 'has_imperative': True, 'imperative_verb': 'apply', 'has_uncertainty_marker': False, 'has_temporal_reference': False, 'mentions_action': True, 'mentions_system_state': False}",['allow_execute'],"['investigate', 'execute', 'summarize', 'ops']",[]
check if the api latency is correlated to gc pauses,investigate,"{'is_question': False, 'question_word': None, 'has_imperative': False, 'imperative_verb': None, 'has_uncertainty_marker': False, 'has_temporal_reference': False, 'mentions_action': True, 'mentions_system_state': True}",[],"['investigate', 'execute', 'summarize', 'ops']",[]
configure the log retention policy to 90 days,execution,"{'is_question': False, 'question_word': None, 'has_imperative': False, 'imperative_verb': None, 'has_uncertainty_marker': False, 'has_temporal_reference': True, 'mentions_action': False, 'mentions_system_state': False}",[],"['investigate', 'execute', 'summarize', 'ops']",[]
apply the helm values override for the hotfix,execution,"{'is_question': False, 'question_word': None, 'has_imperative': True, 'imperative_verb': 'apply', 'has_uncertainty_marker': False, 'has_temporal_reference': False, 'mentions_action': True, 'mentions_system_state': False}",['allow_execute'],"['investigate', 'execute', 'summarize', 'ops']",[]
who is harriet tubman,out_of_scope,"{'is_question': True, 'question_word': 'who', 'has_imperative': False, 'imperative_verb': None, 'has_uncertainty_marker': False, 'has_temporal_reference': False, 'mentions_action': False, 'mentions_system_state': False}",['block_execute'],"['investigate', 'summarize', 'ops']",['execute']
check the correlation between cpu spike and deployments,investigate,"{'is_question': False, 'question_word': None, 'has_imperative': False, 'imperative_verb': None, 'has_uncertainty_marker': False, 'has_temporal_reference': False, 'mentions_action': True, 'mentions_system_state': True}",[],"['investigate', 'execute', 'summarize', 'ops']",[]
analyze performance metrics,investigate,"{'is_question': False, 'question_word': None, 'has_imperative': False, 'imperative_verb': None, 'has_uncertainty_marker': False, 'has_temporal_reference': False, 'mentions_action': False, 'mentions_system_state': False}",[],"['investigate', 'execute', 'summarize', 'ops']",[]
how do I build a small pond,out_of_scope,"{'is_question': True, 'question_word': 'how', 'has_imperative': False, 'imperative_verb': None, 'has_uncertainty_marker': False, 'has_temporal_reference': False, 'mentions_action': False, 'mentions_system_state': False}",['block_execute'],"['investigate', 'summarize', 'ops']",['execute']
why is the zookeeper session expiring frequently,investigate,"{'is_question': True, 'question_word': 'why', 'has_imperative': False, 'imperative_verb': None, 'has_uncertainty_marker': False, 'has_temporal_reference': False, 'mentions_action': False, 'mentions_system_state': False}",['block_execute'],"['investigate', 'summarize', 'ops']",['execute']
configure the sonarqube quality gate policy,execution,"{'is_question': False, 'question_word': None, 'has_imperative': False, 'imperative_verb': None, 'has_uncertainty_marker': False, 'has_temporal_reference': False, 'mentions_action': False, 'mentions_system_state': False}",[],"['investigate', 'execute', 'summarize', 'ops']",[]
give me an overview of the data consistency check results,summarization,"{'is_question': False, 'question_word': None, 'has_imperative': False, 'imperative_verb': None, 'has_uncertainty_marker': False, 'has_temporal_reference': False, 'mentions_action': True, 'mentions_system_state': False}",[],"['investigate', 'execute', 'summarize', 'ops']",[]
provide a recap of the resolved alerts from overnight,summarization,"{'is_question': False, 'question_word': None, 'has_imperative': False, 'imperative_verb': None, 'has_uncertainty_marker': False, 'has_temporal_reference': False, 'mentions_action': False, 'mentions_system_state': False}",[],"['investigate', 'execute', 'summarize', 'ops']",[]
what is dark energy,out_of_scope,"{'is_question': True, 'question_word': 'what', 'has_imperative': False, 'imperative_verb': None, 'has_uncertainty_marker': False, 'has_temporal_reference': False, 'mentions_action': False, 'mentions_system_state': False}",['block_execute'],"['investigate', 'summarize', 'ops']",['execute']
what caused the service to skip the retry logic,investigate,"{'is_question': True, 'question_word': 'what', 'has_imperative': False, 'imperative_verb': None, 'has_uncertainty_marker': False, 'has_temporal_reference': False, 'mentions_action': False, 'mentions_system_state': False}",['block_execute'],"['investigate', 'summarize', 'ops']",['execute']
clear log files,execution,"{'is_question': False, 'question_word': None, 'has_imperative': True, 'imperative_verb': 'clear', 'has_uncertainty_marker': False, 'has_temporal_reference': False, 'mentions_action': True, 'mentions_system_state': False}",['allow_execute'],"['investigate', 'execute', 'summarize', 'ops']",[]
apply the cpu and memory limits to all pods,execution,"{'is_question': False, 'question_word': None, 'has_imperative': True, 'imperative_verb': 'apply', 'has_uncertainty_marker': False, 'has_temporal_reference': False, 'mentions_action': True, 'mentions_system_state': True}",['allow_execute'],"['investigate', 'execute', 'summarize', 'ops']",[]
how do I build a go-kart,out_of_scope,"{'is_question': True, 'question_word': 'how', 'has_imperative': False, 'imperative_verb': None, 'has_uncertainty_marker': False, 'has_temporal_reference': False, 'mentions_action': False, 'mentions_system_state': False}",['block_execute'],"['investigate', 'summarize', 'ops']",['execute']
investigate the cluster node reporting not ready,investigate,"{'is_question': False, 'question_word': None, 'has_imperative': False, 'imperative_verb': None, 'has_uncertainty_marker': False, 'has_temporal_reference': False, 'mentions_action': True, 'mentions_system_state': False}",[],"['investigate', 'execute', 'summarize', 'ops']",[]
summarize the changes made during the maintenance window,summarization,"{'is_question': False, 'question_word': None, 'has_imperative': False, 'imperative_verb': None, 'has_uncertainty_marker': False, 'has_temporal_reference': False, 'mentions_action': True, 'mentions_system_state': False}",[],"['investigate', 'execute', 'summarize', 'ops']",[]
how do I paint a wall,out_of_scope,"{'is_question': True, 'question_word': 'how', 'has_imperative': False, 'imperative_verb': None, 'has_uncertainty_marker': False, 'has_temporal_reference': False, 'mentions_action': False, 'mentions_system_state': False}",['block_execute'],"['investigate', 'summarize', 'ops']",['execute']
give me an overview of the pipeline execution times,summarization,"{'is_question': False, 'question_word': None, 'has_imperative': False, 'imperative_verb': None, 'has_uncertainty_marker': False, 'has_temporal_reference': False, 'mentions_action': False, 'mentions_system_state': False}",[],"['investigate', 'execute', 'summarize', 'ops']",[]
how do I make turkish coffee,out_of_scope,"{'is_question': True, 'question_word': 'how', 'has_imperative': False, 'imperative_verb': None, 'has_uncertainty_marker': False, 'has_temporal_reference': False, 'mentions_action': False, 'mentions_system_state': False}",['block_execute'],"['investigate', 'summarize', 'ops']",['execute']
check what is causing the increased tail latency,investigate,"{'is_question': False, 'question_word': None, 'has_imperative': False, 'imperative_verb': None, 'has_uncertainty_marker': False, 'has_temporal_reference': False, 'mentions_action': True, 'mentions_system_state': True}",[],"['investigate', 'execute', 'summarize', 'ops']",[]
summarize the deployment frequency by team,summarization,"{'is_question': False, 'question_word': None, 'has_imperative': False, 'imperative_verb': None, 'has_uncertainty_marker': False, 'has_temporal_reference': False, 'mentions_action': True, 'mentions_system_state': False}",[],"['investigate', 'execute', 'summarize', 'ops']",[]
clean up the stale branches from the remote,execution,"{'is_question': False, 'question_word': None, 'has_imperative': True, 'imperative_verb': 'clean', 'has_uncertainty_marker': False, 'has_temporal_reference': False, 'mentions_action': True, 'mentions_system_state': False}",['allow_execute'],"['investigate', 'execute', 'summarize', 'ops']",[]
disable the debug endpoint on the production service,execution,"{'is_question': False, 'question_word': None, 'has_imperative': False, 'imperative_verb': None, 'has_uncertainty_marker': False, 'has_temporal_reference': False, 'mentions_action': False, 'mentions_system_state': False}",[],"['investigate', 'execute', 'summarize', 'ops']",[]
tell me about history,out_of_scope,"{'is_question': False, 'question_word': None, 'has_imperative': False, 'imperative_verb': None, 'has_uncertainty_marker': False, 'has_temporal_reference': False, 'mentions_action': False, 'mentions_system_state': False}",[],"['investigate', 'execute', 'summarize', 'ops']",[]
provide a recap of the rate limiting effectiveness,summarization,"{'is_question': False, 'question_word': None, 'has_imperative': False, 'imperative_verb': None, 'has_uncertainty_marker': False, 'has_temporal_reference': False, 'mentions_action': False, 'mentions_system_state': False}",[],"['investigate', 'execute', 'summarize', 'ops']",[]
give me latency summary,summarization,"{'is_question': False, 'question_word': None, 'has_imperative': False, 'imperative_verb': None, 'has_uncertainty_marker': False, 'has_temporal_reference': False, 'mentions_action': False, 'mentions_system_state': True}",[],"['investigate', 'execute', 'summarize', 'ops']",[]
who was the first person to climb everest,out_of_scope,"{'is_question': True, 'question_word': 'who', 'has_imperative': False, 'imperative_verb': None, 'has_uncertainty_marker': False, 'has_temporal_reference': False, 'mentions_action': False, 'mentions_system_state': False}",['block_execute'],"['investigate', 'summarize', 'ops']",['execute']
who painted the sistine chapel,out_of_scope,"{'is_question': True, 'question_word': 'who', 'has_imperative': False, 'imperative_verb': None, 'has_uncertainty_marker': False, 'has_temporal_reference': False, 'mentions_action': False, 'mentions_system_state': False}",['block_execute'],"['investigate', 'summarize', 'ops']",['execute']
what is quantum entanglement,out_of_scope,"{'is_question': True, 'question_word': 'what', 'has_imperative': False, 'imperative_verb': None, 'has_uncertainty_marker': False, 'has_temporal_reference': False, 'mentions_action': False, 'mentions_system_state': False}",['block_execute'],"['investigate', 'summarize', 'ops']",['execute']
tell me about ancient egypt,out_of_scope,"{'is_question': False, 'question_word': None, 'has_imperative': False, 'imperative_verb': None, 'has_uncertainty_marker': False, 'has_temporal_reference': False, 'mentions_action': False, 'mentions_system_state': False}",[],"['investigate', 'execute', 'summarize', 'ops']",[]
investigate the unexpected data loss after failover,investigate,"{'is_question': False, 'question_word': None, 'has_imperative': False, 'imperative_verb': None, 'has_uncertainty_marker': False, 'has_temporal_reference': False, 'mentions_action': True, 'mentions_system_state': True}",[],"['investigate', 'execute', 'summarize', 'ops']",[]
how do I make risotto,out_of_scope,"{'is_question': True, 'question_word': 'how', 'has_imperative': False, 'imperative_verb': None, 'has_uncertainty_marker': False, 'has_temporal_reference': False, 'mentions_action': False, 'mentions_system_state': False}",['block_execute'],"['investigate', 'summarize', 'ops']",['execute']
run the cluster upgrade preflight checks,execution,"{'is_question': False, 'question_word': None, 'has_imperative': False, 'imperative_verb': None, 'has_uncertainty_marker': False, 'has_temporal_reference': False, 'mentions_action': True, 'mentions_system_state': False}",[],"['investigate', 'execute', 'summarize', 'ops']",[]
summarize network traffic,summarization,"{'is_question': False, 'question_word': None, 'has_imperative': False, 'imperative_verb': None, 'has_uncertainty_marker': False, 'has_temporal_reference': False, 'mentions_action': True, 'mentions_system_state': False}",[],"['investigate', 'execute', 'summarize', 'ops']",[]
provide a brief on the backup storage growth rate,summarization,"{'is_question': False, 'question_word': None, 'has_imperative': False, 'imperative_verb': None, 'has_uncertainty_marker': False, 'has_temporal_reference': False, 'mentions_action': False, 'mentions_system_state': False}",[],"['investigate', 'execute', 'summarize', 'ops']",[]
summarize troubleshooting steps,summarization,"{'is_question': False, 'question_word': None, 'has_imperative': False, 'imperative_verb': None, 'has_uncertainty_marker': False, 'has_temporal_reference': False, 'mentions_action': True, 'mentions_system_state': False}",[],"['investigate', 'execute', 'summarize', 'ops']",[]
provide a recap of the service migration progress,summarization,"{'is_question': False, 'question_word': None, 'has_imperative': False, 'imperative_verb': None, 'has_uncertainty_marker': False, 'has_temporal_reference': False, 'mentions_action': False, 'mentions_system_state': False}",[],"['investigate', 'execute', 'summarize', 'ops']",[]
reconfigure the bgp session with the upstream provider,execution,"{'is_question': False, 'question_word': None, 'has_imperative': True, 'imperative_verb': 'reconfigure', 'has_uncertainty_marker': False, 'has_temporal_reference': False, 'mentions_action': True, 'mentions_system_state': False}",['allow_execute'],"['investigate', 'execute', 'summarize', 'ops']",[]
what is photon,out_of_scope,"{'is_question': True, 'question_word': 'what', 'has_imperative': False, 'imperative_verb': None, 'has_uncertainty_marker': False, 'has_temporal_reference': False, 'mentions_action': False, 'mentions_system_state': False}",['block_execute'],"['investigate', 'summarize', 'ops']",['execute']
rebuild index on table,execution,"{'is_question': False, 'question_word': None, 'has_imperative': False, 'imperative_verb': None, 'has_uncertainty_marker': False, 'has_temporal_reference': False, 'mentions_action': False, 'mentions_system_state': False}",[],"['investigate', 'execute', 'summarize', 'ops']",[]
what caused the service failure,investigate,"{'is_question': True, 'question_word': 'what', 'has_imperative': False, 'imperative_verb': None, 'has_uncertainty_marker': False, 'has_temporal_reference': False, 'mentions_action': False, 'mentions_system_state': True}","['block_execute', 'require_diagnostic_investigate']","['investigate', 'summarize', 'ops']",['execute']
trigger failover,execution,"{'is_question': False, 'question_word': None, 'has_imperative': False, 'imperative_verb': None, 'has_uncertainty_marker': False, 'has_temporal_reference': False, 'mentions_action': False, 'mentions_system_state': True}",[],"['investigate', 'execute', 'summarize', 'ops']",[]
why are there too many open file descriptors,investigate,"{'is_question': True, 'question_word': 'why', 'has_imperative': False, 'imperative_verb': None, 'has_uncertainty_marker': False, 'has_temporal_reference': False, 'mentions_action': False, 'mentions_system_state': False}",['block_execute'],"['investigate', 'summarize', 'ops']",['execute']
increase the file descriptor limit to 65535,execution,"{'is_question': False, 'question_word': None, 'has_imperative': False, 'imperative_verb': None, 'has_uncertainty_marker': False, 'has_temporal_reference': False, 'mentions_action': False, 'mentions_system_state': False}",[],"['investigate', 'execute', 'summarize', 'ops']",[]
set up the upstream health checks on nginx,execution,"{'is_question': False, 'question_word': None, 'has_imperative': False, 'imperative_verb': None, 'has_uncertainty_marker': False, 'has_temporal_reference': False, 'mentions_action': True, 'mentions_system_state': False}",[],"['investigate', 'execute', 'summarize', 'ops']",[]
investigate the frequent leader re-elections in raft,investigate,"{'is_question': False, 'question_word': None, 'has_imperative': False, 'imperative_verb': None, 'has_uncertainty_marker': False, 'has_temporal_reference': False, 'mentions_action': True, 'mentions_system_state': False}",[],"['investigate', 'execute', 'summarize', 'ops']",[]
restart the prometheus and grafana stack,execution,"{'is_question': False, 'question_word': None, 'has_imperative': True, 'imperative_verb': 'restart', 'has_uncertainty_marker': False, 'has_temporal_reference': False, 'mentions_action': True, 'mentions_system_state': False}",['allow_execute'],"['investigate', 'execute', 'summarize', 'ops']",[]
rotate the kubelet serving certificates,execution,"{'is_question': False, 'question_word': None, 'has_imperative': False, 'imperative_verb': None, 'has_uncertainty_marker': False, 'has_temporal_reference': False, 'mentions_action': False, 'mentions_system_state': False}",[],"['investigate', 'execute', 'summarize', 'ops']",[]
investigate the cpu steal time on virtual machines,investigate,"{'is_question': False, 'question_word': None, 'has_imperative': False, 'imperative_verb': None, 'has_uncertainty_marker': False, 'has_temporal_reference': False, 'mentions_action': True, 'mentions_system_state': True}",[],"['investigate', 'execute', 'summarize', 'ops']",[]
who composed the four seasons,out_of_scope,"{'is_question': True, 'question_word': 'who', 'has_imperative': False, 'imperative_verb': None, 'has_uncertainty_marker': False, 'has_temporal_reference': False, 'mentions_action': False, 'mentions_system_state': False}",['block_execute'],"['investigate', 'summarize', 'ops']",['execute']
what caused the connection refused on the rpc port,investigate,"{'is_question': True, 'question_word': 'what', 'has_imperative': False, 'imperative_verb': None, 'has_uncertainty_marker': False, 'has_temporal_reference': False, 'mentions_action': False, 'mentions_system_state': False}",['block_execute'],"['investigate', 'summarize', 'ops']",['execute']
provide a brief on the ml model serving latency trends,summarization,"{'is_question': False, 'question_word': None, 'has_imperative': False, 'imperative_verb': None, 'has_uncertainty_marker': False, 'has_temporal_reference': False, 'mentions_action': False, 'mentions_system_state': True}",[],"['investigate', 'execute', 'summarize', 'ops']",[]
apply the backpressure policy to the queue consumer,execution,"{'is_question': False, 'question_word': None, 'has_imperative': True, 'imperative_verb': 'apply', 'has_uncertainty_marker': False, 'has_temporal_reference': False, 'mentions_action': True, 'mentions_system_state': False}",['allow_execute'],"['investigate', 'execute', 'summarize', 'ops']",[]
apply the external secrets operator configuration,execution,"{'is_question': False, 'question_word': None, 'has_imperative': True, 'imperative_verb': 'apply', 'has_uncertainty_marker': False, 'has_temporal_reference': False, 'mentions_action': True, 'mentions_system_state': False}",['allow_execute'],"['investigate', 'execute', 'summarize', 'ops']",[]
what is sociology,out_of_scope,"{'is_question': True, 'question_word': 'what', 'has_imperative': False, 'imperative_verb': None, 'has_uncertainty_marker': False, 'has_temporal_reference': False, 'mentions_action': False, 'mentions_system_state': False}",['block_execute'],"['investigate', 'summarize', 'ops']",['execute']
why is the database vacuum process not completing,investigate,"{'is_question': True, 'question_word': 'why', 'has_imperative': False, 'imperative_verb': None, 'has_uncertainty_marker': False, 'has_temporal_reference': False, 'mentions_action': False, 'mentions_system_state': False}",['block_execute'],"['investigate', 'summarize', 'ops']",['execute']
how do I learn ballet,out_of_scope,"{'is_question': True, 'question_word': 'how', 'has_imperative': False, 'imperative_verb': None, 'has_uncertainty_marker': False, 'has_temporal_reference': False, 'mentions_action': False, 'mentions_system_state': False}",['block_execute'],"['investigate', 'summarize', 'ops']",['execute']
tell me about the moon landing,out_of_scope,"{'is_question': False, 'question_word': None, 'has_imperative': False, 'imperative_verb': None, 'has_uncertainty_marker': False, 'has_temporal_reference': False, 'mentions_action': False, 'mentions_system_state': False}",[],"['investigate', 'execute', 'summarize', 'ops']",[]
execute the database cleanup stored procedure,execution,"{'is_question': False, 'question_word': None, 'has_imperative': False, 'imperative_verb': None, 'has_uncertainty_marker': False, 'has_temporal_reference': False, 'mentions_action': True, 'mentions_system_state': False}",[],"['investigate', 'execute', 'summarize', 'ops']",[]
why is the consumer group rebalancing frequently,investigate,"{'is_question': True, 'question_word': 'why', 'has_imperative': False, 'imperative_verb': None, 'has_uncertainty_marker': False, 'has_temporal_reference': False, 'mentions_action': False, 'mentions_system_state': False}",['block_execute'],"['investigate', 'summarize', 'ops']",['execute']
give me a recap of the infrastructure as code changes,summarization,"{'is_question': False, 'question_word': None, 'has_imperative': False, 'imperative_verb': None, 'has_uncertainty_marker': False, 'has_temporal_reference': False, 'mentions_action': False, 'mentions_system_state': False}",[],"['investigate', 'execute', 'summarize', 'ops']",[]
give me cost summary,summarization,"{'is_question': False, 'question_word': None, 'has_imperative': False, 'imperative_verb': None, 'has_uncertainty_marker': False, 'has_temporal_reference': False, 'mentions_action': False, 'mentions_system_state': False}",[],"['investigate', 'execute', 'summarize', 'ops']",[]
why is the storage iops quota being exceeded,investigate,"{'is_question': True, 'question_word': 'why', 'has_imperative': False, 'imperative_verb': None, 'has_uncertainty_marker': False, 'has_temporal_reference': False, 'mentions_action': False, 'mentions_system_state': False}",['block_execute'],"['investigate', 'summarize', 'ops']",['execute']
summarize the incident from yesterday,summarization,"{'is_question': False, 'question_word': None, 'has_imperative': False, 'imperative_verb': None, 'has_uncertainty_marker': False, 'has_temporal_reference': True, 'mentions_action': True, 'mentions_system_state': False}",[],"['investigate', 'execute', 'summarize', 'ops']",[]
configure the cgroup memory limit for the container,execution,"{'is_question': False, 'question_word': None, 'has_imperative': False, 'imperative_verb': None, 'has_uncertainty_marker': False, 'has_temporal_reference': False, 'mentions_action': False, 'mentions_system_state': True}",[],"['investigate', 'execute', 'summarize', 'ops']",[]
run the backup verification on the latest snapshot,execution,"{'is_question': False, 'question_word': None, 'has_imperative': False, 'imperative_verb': None, 'has_uncertainty_marker': False, 'has_temporal_reference': False, 'mentions_action': False, 'mentions_system_state': False}",[],"['investigate', 'execute', 'summarize', 'ops']",[]
investigate the metadata server latency spike,investigate,"{'is_question': False, 'question_word': None, 'has_imperative': False, 'imperative_verb': None, 'has_uncertainty_marker': False, 'has_temporal_reference': False, 'mentions_action': True, 'mentions_system_state': True}",[],"['investigate', 'execute', 'summarize', 'ops']",[]
what is the law of conservation of mass,out_of_scope,"{'is_question': True, 'question_word': 'what', 'has_imperative': False, 'imperative_verb': None, 'has_uncertainty_marker': False, 'has_temporal_reference': False, 'mentions_action': False, 'mentions_system_state': False}",['block_execute'],"['investigate', 'summarize', 'ops']",['execute']
restart cluster coordinator,execution,"{'is_question': False, 'question_word': None, 'has_imperative': True, 'imperative_verb': 'restart', 'has_uncertainty_marker': False, 'has_temporal_reference': False, 'mentions_action': True, 'mentions_system_state': False}",['allow_execute'],"['investigate', 'execute', 'summarize', 'ops']",[]
summarize the database query performance trends,summarization,"{'is_question': False, 'question_word': None, 'has_imperative': False, 'imperative_verb': None, 'has_uncertainty_marker': False, 'has_temporal_reference': False, 'mentions_action': True, 'mentions_system_state': False}",[],"['investigate', 'execute', 'summarize', 'ops']",[]
tell me about the amazon river,out_of_scope,"{'is_question': False, 'question_word': None, 'has_imperative': False, 'imperative_verb': None, 'has_uncertainty_marker': False, 'has_temporal_reference': False, 'mentions_action': False, 'mentions_system_state': False}",[],"['investigate', 'execute', 'summarize', 'ops']",[]
how do I change a tire,out_of_scope,"{'is_question': True, 'question_word': 'how', 'has_imperative': False, 'imperative_verb': None, 'has_uncertainty_marker': False, 'has_temporal_reference': False, 'mentions_action': False, 'mentions_system_state': False}",['block_execute'],"['investigate', 'summarize', 'ops']",['execute']
who wrote the great gatsby,out_of_scope,"{'is_question': True, 'question_word': 'who', 'has_imperative': False, 'imperative_verb': None, 'has_uncertainty_marker': False, 'has_temporal_reference': False, 'mentions_action': False, 'mentions_system_state': False}",['block_execute'],"['investigate', 'summarize', 'ops']",['execute']
give me an overview of the security scanning results,summarization,"{'is_question': False, 'question_word': None, 'has_imperative': False, 'imperative_verb': None, 'has_uncertainty_marker': False, 'has_temporal_reference': False, 'mentions_action': False, 'mentions_system_state': False}",[],"['investigate', 'execute', 'summarize', 'ops']",[]
who wrote les miserables,out_of_scope,"{'is_question': True, 'question_word': 'who', 'has_imperative': False, 'imperative_verb': None, 'has_uncertainty_marker': False, 'has_temporal_reference': False, 'mentions_action': False, 'mentions_system_state': False}",['block_execute'],"['investigate', 'summarize', 'ops']",['execute']
show me errors from the last deployment,investigate,"{'is_question': False, 'question_word': None, 'has_imperative': False, 'imperative_verb': None, 'has_uncertainty_marker': False, 'has_temporal_reference': True, 'mentions_action': True, 'mentions_system_state': True}",[],"['investigate', 'execute', 'summarize', 'ops']",[]
who built the eiffel tower,out_of_scope,"{'is_question': True, 'question_word': 'who', 'has_imperative': False, 'imperative_verb': None, 'has_uncertainty_marker': False, 'has_temporal_reference': False, 'mentions_action': False, 'mentions_system_state': False}",['block_execute'],"['investigate', 'summarize', 'ops']",['execute']
what is biology,out_of_scope,"{'is_question': True, 'question_word': 'what', 'has_imperative': False, 'imperative_verb': None, 'has_uncertainty_marker': False, 'has_temporal_reference': False, 'mentions_action': False, 'mentions_system_state': False}",['block_execute'],"['investigate', 'summarize', 'ops']",['execute']
give me compliance summary,summarization,"{'is_question': False, 'question_word': None, 'has_imperative': False, 'imperative_verb': None, 'has_uncertainty_marker': False, 'has_temporal_reference': False, 'mentions_action': False, 'mentions_system_state': False}",[],"['investigate', 'execute', 'summarize', 'ops']",[]
investigate cpu spike on web-server-3,investigate,"{'is_question': False, 'question_word': None, 'has_imperative': False, 'imperative_verb': None, 'has_uncertainty_marker': False, 'has_temporal_reference': False, 'mentions_action': True, 'mentions_system_state': True}",[],"['investigate', 'execute', 'summarize', 'ops']",[]
run the certificate renewal automation,execution,"{'is_question': False, 'question_word': None, 'has_imperative': False, 'imperative_verb': None, 'has_uncertainty_marker': False, 'has_temporal_reference': False, 'mentions_action': False, 'mentions_system_state': False}",[],"['investigate', 'execute', 'summarize', 'ops']",[]
what is democracy,out_of_scope,"{'is_question': True, 'question_word': 'what', 'has_imperative': False, 'imperative_verb': None, 'has_uncertainty_marker': False, 'has_temporal_reference': False, 'mentions_action': False, 'mentions_system_state': False}",['block_execute'],"['investigate', 'summarize', 'ops']",['execute']
trigger the database vacuum on the large table,execution,"{'is_question': False, 'question_word': None, 'has_imperative': False, 'imperative_verb': None, 'has_uncertainty_marker': False, 'has_temporal_reference': False, 'mentions_action': False, 'mentions_system_state': False}",[],"['investigate', 'execute', 'summarize', 'ops']",[]
investigate memory fragmentation,investigate,"{'is_question': False, 'question_word': None, 'has_imperative': False, 'imperative_verb': None, 'has_uncertainty_marker': False, 'has_temporal_reference': False, 'mentions_action': True, 'mentions_system_state': True}",[],"['investigate', 'execute', 'summarize', 'ops']",[]
who discovered gravity,out_of_scope,"{'is_question': True, 'question_word': 'who', 'has_imperative': False, 'imperative_verb': None, 'has_uncertainty_marker': False, 'has_temporal_reference': False, 'mentions_action': False, 'mentions_system_state': False}",['block_execute'],"['investigate', 'summarize', 'ops']",['execute']
enable ssl termination on the load balancer,execution,"{'is_question': False, 'question_word': None, 'has_imperative': False, 'imperative_verb': None, 'has_uncertainty_marker': False, 'has_temporal_reference': False, 'mentions_action': False, 'mentions_system_state': False}",[],"['investigate', 'execute', 'summarize', 'ops']",[]
what caused the lease expiration on the distributed lock,investigate,"{'is_question': True, 'question_word': 'what', 'has_imperative': False, 'imperative_verb': None, 'has_uncertainty_marker': False, 'has_temporal_reference': False, 'mentions_action': False, 'mentions_system_state': False}",['block_execute'],"['investigate', 'summarize', 'ops']",['execute']
who is aristotle,out_of_scope,"{'is_question': True, 'question_word': 'who', 'has_imperative': False, 'imperative_verb': None, 'has_uncertainty_marker': False, 'has_temporal_reference': False, 'mentions_action': False, 'mentions_system_state': False}",['block_execute'],"['investigate', 'summarize', 'ops']",['execute']
provide a recap of the tracing coverage expansion,summarization,"{'is_question': False, 'question_word': None, 'has_imperative': False, 'imperative_verb': None, 'has_uncertainty_marker': False, 'has_temporal_reference': False, 'mentions_action': False, 'mentions_system_state': False}",[],"['investigate', 'execute', 'summarize', 'ops']",[]
analyze the checkpoint failure on the database,investigate,"{'is_question': False, 'question_word': None, 'has_imperative': False, 'imperative_verb': None, 'has_uncertainty_marker': False, 'has_temporal_reference': False, 'mentions_action': True, 'mentions_system_state': True}",[],"['investigate', 'execute', 'summarize', 'ops']",[]
silence the alert during the planned maintenance,execution,"{'is_question': False, 'question_word': None, 'has_imperative': False, 'imperative_verb': None, 'has_uncertainty_marker': False, 'has_temporal_reference': False, 'mentions_action': False, 'mentions_system_state': False}",[],"['investigate', 'execute', 'summarize', 'ops']",[]
what is an isotope,out_of_scope,"{'is_question': True, 'question_word': 'what', 'has_imperative': False, 'imperative_verb': None, 'has_uncertainty_marker': False, 'has_temporal_reference': False, 'mentions_action': False, 'mentions_system_state': False}",['block_execute'],"['investigate', 'summarize', 'ops']",['execute']
give me a summary of the observability coverage,summarization,"{'is_question': False, 'question_word': None, 'has_imperative': False, 'imperative_verb': None, 'has_uncertainty_marker': False, 'has_temporal_reference': False, 'mentions_action': False, 'mentions_system_state': False}",[],"['investigate', 'execute', 'summarize', 'ops']",[]
create the read replica in the secondary region,execution,"{'is_question': False, 'question_word': None, 'has_imperative': False, 'imperative_verb': None, 'has_uncertainty_marker': False, 'has_temporal_reference': False, 'mentions_action': False, 'mentions_system_state': False}",[],"['investigate', 'execute', 'summarize', 'ops']",[]
how do I make ghee,out_of_scope,"{'is_question': True, 'question_word': 'how', 'has_imperative': False, 'imperative_verb': None, 'has_uncertainty_marker': False, 'has_temporal_reference': False, 'mentions_action': False, 'mentions_system_state': False}",['block_execute'],"['investigate', 'summarize', 'ops']",['execute']
how do I do push ups,out_of_scope,"{'is_question': True, 'question_word': 'how', 'has_imperative': False, 'imperative_verb': None, 'has_uncertainty_marker': False, 'has_temporal_reference': False, 'mentions_action': True, 'mentions_system_state': False}",['block_execute'],"['investigate', 'summarize', 'ops']",['execute']
how do I make jam,out_of_scope,"{'is_question': True, 'question_word': 'how', 'has_imperative': False, 'imperative_verb': None, 'has_uncertainty_marker': False, 'has_temporal_reference': False, 'mentions_action': False, 'mentions_system_state': False}",['block_execute'],"['investigate', 'summarize', 'ops']",['execute']
who won the tour de france recently,out_of_scope,"{'is_question': True, 'question_word': 'who', 'has_imperative': False, 'imperative_verb': None, 'has_uncertainty_marker': False, 'has_temporal_reference': False, 'mentions_action': False, 'mentions_system_state': False}",['block_execute'],"['investigate', 'summarize', 'ops']",['execute']
what is causing the recurring service crash,investigate,"{'is_question': True, 'question_word': 'what', 'has_imperative': False, 'imperative_verb': None, 'has_uncertainty_marker': False, 'has_temporal_reference': False, 'mentions_action': False, 'mentions_system_state': True}","['block_execute', 'require_diagnostic_investigate']","['investigate', 'summarize', 'ops']",['execute']
enable the opa policy enforcement,execution,"{'is_question': False, 'question_word': None, 'has_imperative': False, 'imperative_verb': None, 'has_uncertainty_marker': False, 'has_temporal_reference': False, 'mentions_action': False, 'mentions_system_state': False}",[],"['investigate', 'execute', 'summarize', 'ops']",[]
tell me about the phoenician alphabet,out_of_scope,"{'is_question': False, 'question_word': None, 'has_imperative': False, 'imperative_verb': None, 'has_uncertainty_marker': False, 'has_temporal_reference': False, 'mentions_action': False, 'mentions_system_state': False}",[],"['investigate', 'execute', 'summarize', 'ops']",[]
summarize the canary deployment observations,summarization,"{'is_question': False, 'question_word': None, 'has_imperative': False, 'imperative_verb': None, 'has_uncertainty_marker': False, 'has_temporal_reference': False, 'mentions_action': True, 'mentions_system_state': False}",[],"['investigate', 'execute', 'summarize', 'ops']",[]
summarize the monthly infrastructure cost report,summarization,"{'is_question': False, 'question_word': None, 'has_imperative': False, 'imperative_verb': None, 'has_uncertainty_marker': False, 'has_temporal_reference': False, 'mentions_action': True, 'mentions_system_state': False}",[],"['investigate', 'execute', 'summarize', 'ops']",[]
summarize configuration changes,summarization,"{'is_question': False, 'question_word': None, 'has_imperative': False, 'imperative_verb': None, 'has_uncertainty_marker': False, 'has_temporal_reference': False, 'mentions_action': True, 'mentions_system_state': False}",[],"['investigate', 'execute', 'summarize', 'ops']",[]
summarize the platform availability monthly report,summarization,"{'is_question': False, 'question_word': None, 'has_imperative': False, 'imperative_verb': None, 'has_uncertainty_marker': False, 'has_temporal_reference': False, 'mentions_action': True, 'mentions_system_state': False}",[],"['investigate', 'execute', 'summarize', 'ops']",[]
run the certificate expiry check across all services,execution,"{'is_question': False, 'question_word': None, 'has_imperative': False, 'imperative_verb': None, 'has_uncertainty_marker': False, 'has_temporal_reference': False, 'mentions_action': True, 'mentions_system_state': False}",[],"['investigate', 'execute', 'summarize', 'ops']",[]
provide maintenance summary,summarization,"{'is_question': False, 'question_word': None, 'has_imperative': False, 'imperative_verb': None, 'has_uncertainty_marker': False, 'has_temporal_reference': False, 'mentions_action': False, 'mentions_system_state': False}",[],"['investigate', 'execute', 'summarize', 'ops']",[]
test the service-to-service communication path,execution,"{'is_question': False, 'question_word': None, 'has_imperative': False, 'imperative_verb': None, 'has_uncertainty_marker': False, 'has_temporal_reference': False, 'mentions_action': False, 'mentions_system_state': False}",[],"['investigate', 'execute', 'summarize', 'ops']",[]
why is the service container starting but not ready,investigate,"{'is_question': True, 'question_word': 'why', 'has_imperative': False, 'imperative_verb': None, 'has_uncertainty_marker': False, 'has_temporal_reference': False, 'mentions_action': True, 'mentions_system_state': False}",['block_execute'],"['investigate', 'summarize', 'ops']",['execute']
tell me about the hundred years war,out_of_scope,"{'is_question': False, 'question_word': None, 'has_imperative': False, 'imperative_verb': None, 'has_uncertainty_marker': False, 'has_temporal_reference': False, 'mentions_action': False, 'mentions_system_state': False}",[],"['investigate', 'execute', 'summarize', 'ops']",[]
provide a recap of the infrastructure cost anomalies,summarization,"{'is_question': False, 'question_word': None, 'has_imperative': False, 'imperative_verb': None, 'has_uncertainty_marker': False, 'has_temporal_reference': False, 'mentions_action': False, 'mentions_system_state': False}",[],"['investigate', 'execute', 'summarize', 'ops']",[]
summarize the mean time between failures report,summarization,"{'is_question': False, 'question_word': None, 'has_imperative': False, 'imperative_verb': None, 'has_uncertainty_marker': False, 'has_temporal_reference': False, 'mentions_action': True, 'mentions_system_state': True}",[],"['investigate', 'execute', 'summarize', 'ops']",[]
how do I learn to cook,out_of_scope,"{'is_question': True, 'question_word': 'how', 'has_imperative': False, 'imperative_verb': None, 'has_uncertainty_marker': False, 'has_temporal_reference': False, 'mentions_action': False, 'mentions_system_state': False}",['block_execute'],"['investigate', 'summarize', 'ops']",['execute']
tell me about hummingbirds,out_of_scope,"{'is_question': False, 'question_word': None, 'has_imperative': False, 'imperative_verb': None, 'has_uncertainty_marker': False, 'has_temporal_reference': False, 'mentions_action': False, 'mentions_system_state': False}",[],"['investigate', 'execute', 'summarize', 'ops']",[]
what is the fastest animal on earth,out_of_scope,"{'is_question': True, 'question_word': 'what', 'has_imperative': False, 'imperative_verb': None, 'has_uncertainty_marker': False, 'has_temporal_reference': False, 'mentions_action': False, 'mentions_system_state': False}",['block_execute'],"['investigate', 'summarize', 'ops']",['execute']
summarize the cross-team dependency updates,summarization,"{'is_question': False, 'question_word': None, 'has_imperative': False, 'imperative_verb': None, 'has_uncertainty_marker': False, 'has_temporal_reference': False, 'mentions_action': True, 'mentions_system_state': False}",[],"['investigate', 'execute', 'summarize', 'ops']",[]
summarize the service dependency changes this sprint,summarization,"{'is_question': False, 'question_word': None, 'has_imperative': False, 'imperative_verb': None, 'has_uncertainty_marker': False, 'has_temporal_reference': False, 'mentions_action': True, 'mentions_system_state': False}",[],"['investigate', 'execute', 'summarize', 'ops']",[]
reindex the elasticsearch data to the new mapping,execution,"{'is_question': False, 'question_word': None, 'has_imperative': False, 'imperative_verb': None, 'has_uncertainty_marker': False, 'has_temporal_reference': False, 'mentions_action': False, 'mentions_system_state': False}",[],"['investigate', 'execute', 'summarize', 'ops']",[]
summarize the auto-remediation success rate this sprint,summarization,"{'is_question': False, 'question_word': None, 'has_imperative': False, 'imperative_verb': None, 'has_uncertainty_marker': False, 'has_temporal_reference': False, 'mentions_action': True, 'mentions_system_state': False}",[],"['investigate', 'execute', 'summarize', 'ops']",[]
check what is causing the recurring storage disconnection,investigate,"{'is_question': False, 'question_word': None, 'has_imperative': False, 'imperative_verb': None, 'has_uncertainty_marker': False, 'has_temporal_reference': False, 'mentions_action': True, 'mentions_system_state': False}",[],"['investigate', 'execute', 'summarize', 'ops']",[]
enable gzip compression on the web server,execution,"{'is_question': False, 'question_word': None, 'has_imperative': False, 'imperative_verb': None, 'has_uncertainty_marker': False, 'has_temporal_reference': False, 'mentions_action': False, 'mentions_system_state': False}",[],"['investigate', 'execute', 'summarize', 'ops']",[]
run the game day scenario for database failover,execution,"{'is_question': False, 'question_word': None, 'has_imperative': False, 'imperative_verb': None, 'has_uncertainty_marker': False, 'has_temporal_reference': False, 'mentions_action': False, 'mentions_system_state': True}",[],"['investigate', 'execute', 'summarize', 'ops']",[]
configure the weighted routing between blue and green,execution,"{'is_question': False, 'question_word': None, 'has_imperative': False, 'imperative_verb': None, 'has_uncertainty_marker': False, 'has_temporal_reference': False, 'mentions_action': False, 'mentions_system_state': False}",[],"['investigate', 'execute', 'summarize', 'ops']",[]
apply the salt state to the target nodes,execution,"{'is_question': False, 'question_word': None, 'has_imperative': True, 'imperative_verb': 'apply', 'has_uncertainty_marker': False, 'has_temporal_reference': False, 'mentions_action': True, 'mentions_system_state': False}",['allow_execute'],"['investigate', 'execute', 'summarize', 'ops']",[]
how do I make hard candy,out_of_scope,"{'is_question': True, 'question_word': 'how', 'has_imperative': False, 'imperative_verb': None, 'has_uncertainty_marker': False, 'has_temporal_reference': False, 'mentions_action': False, 'mentions_system_state': False}",['block_execute'],"['investigate', 'summarize', 'ops']",['execute']
why is the CDN cache invalidation not working,investigate,"{'is_question': True, 'question_word': 'why', 'has_imperative': False, 'imperative_verb': None, 'has_uncertainty_marker': False, 'has_temporal_reference': False, 'mentions_action': False, 'mentions_system_state': False}",['block_execute'],"['investigate', 'summarize', 'ops']",['execute']
give me an overview of the system resource allocation,summarization,"{'is_question': False, 'question_word': None, 'has_imperative': False, 'imperative_verb': None, 'has_uncertainty_marker': False, 'has_temporal_reference': False, 'mentions_action': False, 'mentions_system_state': False}",[],"['investigate', 'execute', 'summarize', 'ops']",[]
what is oceanography,out_of_scope,"{'is_question': True, 'question_word': 'what', 'has_imperative': False, 'imperative_verb': None, 'has_uncertainty_marker': False, 'has_temporal_reference': False, 'mentions_action': False, 'mentions_system_state': False}",['block_execute'],"['investigate', 'summarize', 'ops']",['execute']
why is application responding slowly,investigate,"{'is_question': True, 'question_word': 'why', 'has_imperative': False, 'imperative_verb': None, 'has_uncertainty_marker': False, 'has_temporal_reference': False, 'mentions_action': False, 'mentions_system_state': True}","['block_execute', 'require_diagnostic_investigate']","['investigate', 'summarize', 'ops']",['execute']
flush the redis cache completely,execution,"{'is_question': False, 'question_word': None, 'has_imperative': False, 'imperative_verb': None, 'has_uncertainty_marker': False, 'has_temporal_reference': False, 'mentions_action': False, 'mentions_system_state': False}",[],"['investigate', 'execute', 'summarize', 'ops']",[]
provide a recap of the compliance violation findings,summarization,"{'is_question': False, 'question_word': None, 'has_imperative': False, 'imperative_verb': None, 'has_uncertainty_marker': False, 'has_temporal_reference': False, 'mentions_action': False, 'mentions_system_state': False}",[],"['investigate', 'execute', 'summarize', 'ops']",[]
how do I learn how to juggle,out_of_scope,"{'is_question': True, 'question_word': 'how', 'has_imperative': False, 'imperative_verb': None, 'has_uncertainty_marker': False, 'has_temporal_reference': False, 'mentions_action': False, 'mentions_system_state': False}",['block_execute'],"['investigate', 'summarize', 'ops']",['execute']
how do I solve a rubiks cube,out_of_scope,"{'is_question': True, 'question_word': 'how', 'has_imperative': False, 'imperative_verb': None, 'has_uncertainty_marker': False, 'has_temporal_reference': False, 'mentions_action': False, 'mentions_system_state': False}",['block_execute'],"['investigate', 'summarize', 'ops']",['execute']
what is molecular biology,out_of_scope,"{'is_question': True, 'question_word': 'what', 'has_imperative': False, 'imperative_verb': None, 'has_uncertainty_marker': False, 'has_temporal_reference': False, 'mentions_action': False, 'mentions_system_state': False}",['block_execute'],"['investigate', 'summarize', 'ops']",['execute']
provide a recap of the runbook effectiveness metrics,summarization,"{'is_question': False, 'question_word': None, 'has_imperative': False, 'imperative_verb': None, 'has_uncertainty_marker': False, 'has_temporal_reference': False, 'mentions_action': False, 'mentions_system_state': False}",[],"['investigate', 'execute', 'summarize', 'ops']",[]
what caused the split brain in the cluster,investigate,"{'is_question': True, 'question_word': 'what', 'has_imperative': False, 'imperative_verb': None, 'has_uncertainty_marker': False, 'has_temporal_reference': False, 'mentions_action': False, 'mentions_system_state': False}",['block_execute'],"['investigate', 'summarize', 'ops']",['execute']
tell me about machu picchu,out_of_scope,"{'is_question': False, 'question_word': None, 'has_imperative': False, 'imperative_verb': None, 'has_uncertainty_marker': False, 'has_temporal_reference': False, 'mentions_action': False, 'mentions_system_state': False}",[],"['investigate', 'execute', 'summarize', 'ops']",[]
run the index optimization on the search cluster,execution,"{'is_question': False, 'question_word': None, 'has_imperative': False, 'imperative_verb': None, 'has_uncertainty_marker': False, 'has_temporal_reference': False, 'mentions_action': False, 'mentions_system_state': False}",[],"['investigate', 'execute', 'summarize', 'ops']",[]
configure the sudoers file with the new rule,execution,"{'is_question': False, 'question_word': None, 'has_imperative': False, 'imperative_verb': None, 'has_uncertainty_marker': False, 'has_temporal_reference': False, 'mentions_action': False, 'mentions_system_state': False}",[],"['investigate', 'execute', 'summarize', 'ops']",[]
provide a recap of the cross-region failover tests,summarization,"{'is_question': False, 'question_word': None, 'has_imperative': False, 'imperative_verb': None, 'has_uncertainty_marker': False, 'has_temporal_reference': False, 'mentions_action': False, 'mentions_system_state': True}",[],"['investigate', 'execute', 'summarize', 'ops']",[]
investigate the failure in the distributed snapshot,investigate,"{'is_question': False, 'question_word': None, 'has_imperative': False, 'imperative_verb': None, 'has_uncertainty_marker': False, 'has_temporal_reference': False, 'mentions_action': True, 'mentions_system_state': True}",[],"['investigate', 'execute', 'summarize', 'ops']",[]
tell me about the berlin wall,out_of_scope,"{'is_question': False, 'question_word': None, 'has_imperative': False, 'imperative_verb': None, 'has_uncertainty_marker': False, 'has_temporal_reference': False, 'mentions_action': False, 'mentions_system_state': False}",[],"['investigate', 'execute', 'summarize', 'ops']",[]
why did the scheduled task miss its window,investigate,"{'is_question': True, 'question_word': 'why', 'has_imperative': False, 'imperative_verb': None, 'has_uncertainty_marker': False, 'has_temporal_reference': False, 'mentions_action': False, 'mentions_system_state': False}",['block_execute'],"['investigate', 'summarize', 'ops']",['execute']
restart the failing csi driver pods,execution,"{'is_question': False, 'question_word': None, 'has_imperative': True, 'imperative_verb': 'restart', 'has_uncertainty_marker': False, 'has_temporal_reference': False, 'mentions_action': True, 'mentions_system_state': True}",['allow_execute'],"['investigate', 'execute', 'summarize', 'ops']",[]
what is mitosis,out_of_scope,"{'is_question': True, 'question_word': 'what', 'has_imperative': False, 'imperative_verb': None, 'has_uncertainty_marker': False, 'has_temporal_reference': False, 'mentions_action': False, 'mentions_system_state': False}",['block_execute'],"['investigate', 'summarize', 'ops']",['execute']
how do I make kimchi fried rice,out_of_scope,"{'is_question': True, 'question_word': 'how', 'has_imperative': False, 'imperative_verb': None, 'has_uncertainty_marker': False, 'has_temporal_reference': False, 'mentions_action': False, 'mentions_system_state': False}",['block_execute'],"['investigate', 'summarize', 'ops']",['execute']
what is cryptocurrency,out_of_scope,"{'is_question': True, 'question_word': 'what', 'has_imperative': False, 'imperative_verb': None, 'has_uncertainty_marker': False, 'has_temporal_reference': False, 'mentions_action': False, 'mentions_system_state': False}",['block_execute'],"['investigate', 'summarize', 'ops']",['execute']
set up the cross-region replication,execution,"{'is_question': False, 'question_word': None, 'has_imperative': False, 'imperative_verb': None, 'has_uncertainty_marker': False, 'has_temporal_reference': False, 'mentions_action': False, 'mentions_system_state': False}",[],"['investigate', 'execute', 'summarize', 'ops']",[]
update the grafana dashboard with new panels,execution,"{'is_question': False, 'question_word': None, 'has_imperative': True, 'imperative_verb': 'update', 'has_uncertainty_marker': False, 'has_temporal_reference': False, 'mentions_action': True, 'mentions_system_state': False}",['allow_execute'],"['investigate', 'execute', 'summarize', 'ops']",[]
force the kustomize overlay apply,execution,"{'is_question': False, 'question_word': None, 'has_imperative': False, 'imperative_verb': None, 'has_uncertainty_marker': False, 'has_temporal_reference': False, 'mentions_action': True, 'mentions_system_state': False}",[],"['investigate', 'execute', 'summarize', 'ops']",[]
summarize the access control audit results,summarization,"{'is_question': False, 'question_word': None, 'has_imperative': False, 'imperative_verb': None, 'has_uncertainty_marker': False, 'has_temporal_reference': False, 'mentions_action': True, 'mentions_system_state': False}",[],"['investigate', 'execute', 'summarize', 'ops']",[]
provide a brief on the volume of support tickets versus incidents,summarization,"{'is_question': False, 'question_word': None, 'has_imperative': False, 'imperative_verb': None, 'has_uncertainty_marker': False, 'has_temporal_reference': False, 'mentions_action': False, 'mentions_system_state': False}",[],"['investigate', 'execute', 'summarize', 'ops']",[]
investigate the http 429 rate limit errors from upstream,investigate,"{'is_question': False, 'question_word': None, 'has_imperative': False, 'imperative_verb': None, 'has_uncertainty_marker': False, 'has_temporal_reference': False, 'mentions_action': True, 'mentions_system_state': True}",[],"['investigate', 'execute', 'summarize', 'ops']",[]
what caused the outage last night,investigate,"{'is_question': True, 'question_word': 'what', 'has_imperative': False, 'imperative_verb': None, 'has_uncertainty_marker': False, 'has_temporal_reference': True, 'mentions_action': False, 'mentions_system_state': False}",['block_execute'],"['investigate', 'summarize', 'ops']",['execute']
what is causing high memory on app-01,investigate,"{'is_question': True, 'question_word': 'what', 'has_imperative': False, 'imperative_verb': None, 'has_uncertainty_marker': False, 'has_temporal_reference': False, 'mentions_action': False, 'mentions_system_state': True}","['block_execute', 'require_diagnostic_investigate']","['investigate', 'summarize', 'ops']",['execute']
provide performance summary,summarization,"{'is_question': False, 'question_word': None, 'has_imperative': False, 'imperative_verb': None, 'has_uncertainty_marker': False, 'has_temporal_reference': False, 'mentions_action': False, 'mentions_system_state': False}",[],"['investigate', 'execute', 'summarize', 'ops']",[]
enable the dast scan in the staging pipeline,execution,"{'is_question': False, 'question_word': None, 'has_imperative': False, 'imperative_verb': None, 'has_uncertainty_marker': False, 'has_temporal_reference': False, 'mentions_action': False, 'mentions_system_state': False}",[],"['investigate', 'execute', 'summarize', 'ops']",[]
how do I grow succulents,out_of_scope,"{'is_question': True, 'question_word': 'how', 'has_imperative': False, 'imperative_verb': None, 'has_uncertainty_marker': False, 'has_temporal_reference': False, 'mentions_action': False, 'mentions_system_state': False}",['block_execute'],"['investigate', 'summarize', 'ops']",['execute']
investigate the repeated pod scheduling failures,investigate,"{'is_question': False, 'question_word': None, 'has_imperative': False, 'imperative_verb': None, 'has_uncertainty_marker': False, 'has_temporal_reference': False, 'mentions_action': True, 'mentions_system_state': True}",[],"['investigate', 'execute', 'summarize', 'ops']",[]
summarize the container orchestration metrics,summarization,"{'is_question': False, 'question_word': None, 'has_imperative': False, 'imperative_verb': None, 'has_uncertainty_marker': False, 'has_temporal_reference': False, 'mentions_action': True, 'mentions_system_state': False}",[],"['investigate', 'execute', 'summarize', 'ops']",[]
how do volcanoes form,out_of_scope,"{'is_question': True, 'question_word': 'how', 'has_imperative': False, 'imperative_verb': None, 'has_uncertainty_marker': False, 'has_temporal_reference': False, 'mentions_action': False, 'mentions_system_state': False}",['block_execute'],"['investigate', 'summarize', 'ops']",['execute']
run the data integrity check script,execution,"{'is_question': False, 'question_word': None, 'has_imperative': False, 'imperative_verb': None, 'has_uncertainty_marker': False, 'has_temporal_reference': False, 'mentions_action': True, 'mentions_system_state': False}",[],"['investigate', 'execute', 'summarize', 'ops']",[]
check what is slowing down the ci build pipeline,investigate,"{'is_question': False, 'question_word': None, 'has_imperative': False, 'imperative_verb': None, 'has_uncertainty_marker': False, 'has_temporal_reference': False, 'mentions_action': True, 'mentions_system_state': True}",[],"['investigate', 'execute', 'summarize', 'ops']",[]
why did backup job fail,investigate,"{'is_question': True, 'question_word': 'why', 'has_imperative': False, 'imperative_verb': None, 'has_uncertainty_marker': False, 'has_temporal_reference': False, 'mentions_action': False, 'mentions_system_state': True}","['block_execute', 'require_diagnostic_investigate']","['investigate', 'summarize', 'ops']",['execute']
summarize the memory usage trends across the fleet,summarization,"{'is_question': False, 'question_word': None, 'has_imperative': False, 'imperative_verb': None, 'has_uncertainty_marker': False, 'has_temporal_reference': False, 'mentions_action': True, 'mentions_system_state': True}",[],"['investigate', 'execute', 'summarize', 'ops']",[]
who invented the internet,out_of_scope,"{'is_question': True, 'question_word': 'who', 'has_imperative': False, 'imperative_verb': None, 'has_uncertainty_marker': False, 'has_temporal_reference': False, 'mentions_action': False, 'mentions_system_state': False}",['block_execute'],"['investigate', 'summarize', 'ops']",['execute']
how do I make kefir,out_of_scope,"{'is_question': True, 'question_word': 'how', 'has_imperative': False, 'imperative_verb': None, 'has_uncertainty_marker': False, 'has_temporal_reference': False, 'mentions_action': False, 'mentions_system_state': False}",['block_execute'],"['investigate', 'summarize', 'ops']",['execute']
backup the etcd snapshot to object storage,execution,"{'is_question': False, 'question_word': None, 'has_imperative': False, 'imperative_verb': None, 'has_uncertainty_marker': False, 'has_temporal_reference': False, 'mentions_action': False, 'mentions_system_state': False}",[],"['investigate', 'execute', 'summarize', 'ops']",[]
why is the cpu user time unexpectedly high,investigate,"{'is_question': True, 'question_word': 'why', 'has_imperative': False, 'imperative_verb': None, 'has_uncertainty_marker': False, 'has_temporal_reference': False, 'mentions_action': False, 'mentions_system_state': True}","['block_execute', 'require_diagnostic_investigate']","['investigate', 'summarize', 'ops']",['execute']
enable the connection rate limiting on haproxy,execution,"{'is_question': False, 'question_word': None, 'has_imperative': False, 'imperative_verb': None, 'has_uncertainty_marker': False, 'has_temporal_reference': False, 'mentions_action': False, 'mentions_system_state': False}",[],"['investigate', 'execute', 'summarize', 'ops']",[]
investigate the log level misconfiguration causing noise,investigate,"{'is_question': False, 'question_word': None, 'has_imperative': False, 'imperative_verb': None, 'has_uncertainty_marker': False, 'has_temporal_reference': False, 'mentions_action': True, 'mentions_system_state': False}",[],"['investigate', 'execute', 'summarize', 'ops']",[]
why is the thread pool saturated,investigate,"{'is_question': True, 'question_word': 'why', 'has_imperative': False, 'imperative_verb': None, 'has_uncertainty_marker': False, 'has_temporal_reference': False, 'mentions_action': False, 'mentions_system_state': False}",['block_execute'],"['investigate', 'summarize', 'ops']",['execute']
what is impressionism in art,out_of_scope,"{'is_question': True, 'question_word': 'what', 'has_imperative': False, 'imperative_verb': None, 'has_uncertainty_marker': False, 'has_temporal_reference': False, 'mentions_action': False, 'mentions_system_state': False}",['block_execute'],"['investigate', 'summarize', 'ops']",['execute']
analyze the cpu throttling events in the cgroup,investigate,"{'is_question': False, 'question_word': None, 'has_imperative': False, 'imperative_verb': None, 'has_uncertainty_marker': False, 'has_temporal_reference': False, 'mentions_action': False, 'mentions_system_state': True}",[],"['investigate', 'execute', 'summarize', 'ops']",[]
why did the database go down,investigate,"{'is_question': True, 'question_word': 'why', 'has_imperative': False, 'imperative_verb': None, 'has_uncertainty_marker': False, 'has_temporal_reference': False, 'mentions_action': False, 'mentions_system_state': True}","['block_execute', 'require_diagnostic_investigate']","['investigate', 'summarize', 'ops']",['execute']
enable binary logging on the mysql primary,execution,"{'is_question': False, 'question_word': None, 'has_imperative': False, 'imperative_verb': None, 'has_uncertainty_marker': False, 'has_temporal_reference': False, 'mentions_action': False, 'mentions_system_state': False}",[],"['investigate', 'execute', 'summarize', 'ops']",[]
why is the api client receiving truncated responses,investigate,"{'is_question': True, 'question_word': 'why', 'has_imperative': False, 'imperative_verb': None, 'has_uncertainty_marker': False, 'has_temporal_reference': False, 'mentions_action': False, 'mentions_system_state': False}",['block_execute'],"['investigate', 'summarize', 'ops']",['execute']
check what went wrong with deployment,investigate,"{'is_question': False, 'question_word': None, 'has_imperative': False, 'imperative_verb': None, 'has_uncertainty_marker': False, 'has_temporal_reference': False, 'mentions_action': True, 'mentions_system_state': False}",[],"['investigate', 'execute', 'summarize', 'ops']",[]
summarize scaling events,summarization,"{'is_question': False, 'question_word': None, 'has_imperative': False, 'imperative_verb': None, 'has_uncertainty_marker': False, 'has_temporal_reference': False, 'mentions_action': True, 'mentions_system_state': False}",[],"['investigate', 'execute', 'summarize', 'ops']",[]
what is robotics,out_of_scope,"{'is_question': True, 'question_word': 'what', 'has_imperative': False, 'imperative_verb': None, 'has_uncertainty_marker': False, 'has_temporal_reference': False, 'mentions_action': False, 'mentions_system_state': False}",['block_execute'],"['investigate', 'summarize', 'ops']",['execute']
analyze resource constraints,investigate,"{'is_question': False, 'question_word': None, 'has_imperative': False, 'imperative_verb': None, 'has_uncertainty_marker': False, 'has_temporal_reference': False, 'mentions_action': False, 'mentions_system_state': False}",[],"['investigate', 'execute', 'summarize', 'ops']",[]
investigate the clock skew between nodes,investigate,"{'is_question': False, 'question_word': None, 'has_imperative': False, 'imperative_verb': None, 'has_uncertainty_marker': False, 'has_temporal_reference': False, 'mentions_action': True, 'mentions_system_state': False}",[],"['investigate', 'execute', 'summarize', 'ops']",[]
give me a summary of failed jobs in the last 24 hours,summarization,"{'is_question': False, 'question_word': None, 'has_imperative': False, 'imperative_verb': None, 'has_uncertainty_marker': False, 'has_temporal_reference': True, 'mentions_action': False, 'mentions_system_state': True}",[],"['investigate', 'execute', 'summarize', 'ops']",[]
why is the api gateway returning 503,investigate,"{'is_question': True, 'question_word': 'why', 'has_imperative': False, 'imperative_verb': None, 'has_uncertainty_marker': False, 'has_temporal_reference': False, 'mentions_action': False, 'mentions_system_state': False}",['block_execute'],"['investigate', 'summarize', 'ops']",['execute']
summarize the service mesh telemetry for the past week,summarization,"{'is_question': False, 'question_word': None, 'has_imperative': False, 'imperative_verb': None, 'has_uncertainty_marker': False, 'has_temporal_reference': True, 'mentions_action': True, 'mentions_system_state': False}",[],"['investigate', 'execute', 'summarize', 'ops']",[]
configure the auto-scaling policy for peak hours,execution,"{'is_question': False, 'question_word': None, 'has_imperative': False, 'imperative_verb': None, 'has_uncertainty_marker': False, 'has_temporal_reference': False, 'mentions_action': False, 'mentions_system_state': False}",[],"['investigate', 'execute', 'summarize', 'ops']",[]
look into the inode exhaustion on the log partition,investigate,"{'is_question': False, 'question_word': None, 'has_imperative': False, 'imperative_verb': None, 'has_uncertainty_marker': False, 'has_temporal_reference': False, 'mentions_action': False, 'mentions_system_state': False}",[],"['investigate', 'execute', 'summarize', 'ops']",[]
run the memory bandwidth benchmark on the server,execution,"{'is_question': False, 'question_word': None, 'has_imperative': False, 'imperative_verb': None, 'has_uncertainty_marker': False, 'has_temporal_reference': False, 'mentions_action': False, 'mentions_system_state': True}",[],"['investigate', 'execute', 'summarize', 'ops']",[]
give me an overview of the graceful degradation events,summarization,"{'is_question': False, 'question_word': None, 'has_imperative': False, 'imperative_verb': None, 'has_uncertainty_marker': False, 'has_temporal_reference': False, 'mentions_action': False, 'mentions_system_state': False}",[],"['investigate', 'execute', 'summarize', 'ops']",[]
analyze the change in baseline memory usage,investigate,"{'is_question': False, 'question_word': None, 'has_imperative': False, 'imperative_verb': None, 'has_uncertainty_marker': False, 'has_temporal_reference': False, 'mentions_action': False, 'mentions_system_state': True}",[],"['investigate', 'execute', 'summarize', 'ops']",[]
analyze the heap dump for memory leak,investigate,"{'is_question': False, 'question_word': None, 'has_imperative': False, 'imperative_verb': None, 'has_uncertainty_marker': False, 'has_temporal_reference': False, 'mentions_action': False, 'mentions_system_state': True}",[],"['investigate', 'execute', 'summarize', 'ops']",[]
investigate the cpu pinning misconfiguration on host,investigate,"{'is_question': False, 'question_word': None, 'has_imperative': False, 'imperative_verb': None, 'has_uncertainty_marker': False, 'has_temporal_reference': False, 'mentions_action': True, 'mentions_system_state': True}",[],"['investigate', 'execute', 'summarize', 'ops']",[]
what is the theory of relativity,out_of_scope,"{'is_question': True, 'question_word': 'what', 'has_imperative': False, 'imperative_verb': None, 'has_uncertainty_marker': False, 'has_temporal_reference': False, 'mentions_action': False, 'mentions_system_state': False}",['block_execute'],"['investigate', 'summarize', 'ops']",['execute']
summarize the alert fatigue metrics for the team,summarization,"{'is_question': False, 'question_word': None, 'has_imperative': False, 'imperative_verb': None, 'has_uncertainty_marker': False, 'has_temporal_reference': False, 'mentions_action': True, 'mentions_system_state': False}",[],"['investigate', 'execute', 'summarize', 'ops']",[]
provide a recap of the operational load by team this month,summarization,"{'is_question': False, 'question_word': None, 'has_imperative': False, 'imperative_verb': None, 'has_uncertainty_marker': False, 'has_temporal_reference': False, 'mentions_action': False, 'mentions_system_state': False}",[],"['investigate', 'execute', 'summarize', 'ops']",[]
investigate cluster node failure,investigate,"{'is_question': False, 'question_word': None, 'has_imperative': False, 'imperative_verb': None, 'has_uncertainty_marker': False, 'has_temporal_reference': False, 'mentions_action': True, 'mentions_system_state': True}",[],"['investigate', 'execute', 'summarize', 'ops']",[]
who is nikola tesla,out_of_scope,"{'is_question': True, 'question_word': 'who', 'has_imperative': False, 'imperative_verb': None, 'has_uncertainty_marker': False, 'has_temporal_reference': False, 'mentions_action': False, 'mentions_system_state': False}",['block_execute'],"['investigate', 'summarize', 'ops']",['execute']
what is dna,out_of_scope,"{'is_question': True, 'question_word': 'what', 'has_imperative': False, 'imperative_verb': None, 'has_uncertainty_marker': False, 'has_temporal_reference': False, 'mentions_action': False, 'mentions_system_state': False}",['block_execute'],"['investigate', 'summarize', 'ops']",['execute']
enable the new rate limit policy globally,execution,"{'is_question': False, 'question_word': None, 'has_imperative': False, 'imperative_verb': None, 'has_uncertainty_marker': False, 'has_temporal_reference': False, 'mentions_action': False, 'mentions_system_state': False}",[],"['investigate', 'execute', 'summarize', 'ops']",[]
delete the unused cluster role bindings,execution,"{'is_question': False, 'question_word': None, 'has_imperative': True, 'imperative_verb': 'delete', 'has_uncertainty_marker': False, 'has_temporal_reference': False, 'mentions_action': True, 'mentions_system_state': False}",['allow_execute'],"['investigate', 'execute', 'summarize', 'ops']",[]
provide a brief on the container security scan coverage,summarization,"{'is_question': False, 'question_word': None, 'has_imperative': False, 'imperative_verb': None, 'has_uncertainty_marker': False, 'has_temporal_reference': False, 'mentions_action': False, 'mentions_system_state': False}",[],"['investigate', 'execute', 'summarize', 'ops']",[]
give me an overview of the synthetic monitor pass rates,summarization,"{'is_question': False, 'question_word': None, 'has_imperative': False, 'imperative_verb': None, 'has_uncertainty_marker': False, 'has_temporal_reference': False, 'mentions_action': False, 'mentions_system_state': False}",[],"['investigate', 'execute', 'summarize', 'ops']",[]
restore the etcd snapshot from the backup,execution,"{'is_question': False, 'question_word': None, 'has_imperative': False, 'imperative_verb': None, 'has_uncertainty_marker': False, 'has_temporal_reference': False, 'mentions_action': False, 'mentions_system_state': False}",[],"['investigate', 'execute', 'summarize', 'ops']",[]
how do I build a birdhouse,out_of_scope,"{'is_question': True, 'question_word': 'how', 'has_imperative': False, 'imperative_verb': None, 'has_uncertainty_marker': False, 'has_temporal_reference': False, 'mentions_action': False, 'mentions_system_state': False}",['block_execute'],"['investigate', 'summarize', 'ops']",['execute']
export and import the zfs pool after migration,execution,"{'is_question': False, 'question_word': None, 'has_imperative': False, 'imperative_verb': None, 'has_uncertainty_marker': False, 'has_temporal_reference': False, 'mentions_action': False, 'mentions_system_state': False}",[],"['investigate', 'execute', 'summarize', 'ops']",[]
summarize the on-call escalation patterns this quarter,summarization,"{'is_question': False, 'question_word': None, 'has_imperative': False, 'imperative_verb': None, 'has_uncertainty_marker': False, 'has_temporal_reference': False, 'mentions_action': True, 'mentions_system_state': False}",[],"['investigate', 'execute', 'summarize', 'ops']",[]
what is ecology,out_of_scope,"{'is_question': True, 'question_word': 'what', 'has_imperative': False, 'imperative_verb': None, 'has_uncertainty_marker': False, 'has_temporal_reference': False, 'mentions_action': False, 'mentions_system_state': False}",['block_execute'],"['investigate', 'summarize', 'ops']",['execute']
tell me about art,out_of_scope,"{'is_question': False, 'question_word': None, 'has_imperative': False, 'imperative_verb': None, 'has_uncertainty_marker': False, 'has_temporal_reference': False, 'mentions_action': False, 'mentions_system_state': False}",[],"['investigate', 'execute', 'summarize', 'ops']",[]
purge the cdn cache for the updated assets,execution,"{'is_question': False, 'question_word': None, 'has_imperative': False, 'imperative_verb': None, 'has_uncertainty_marker': False, 'has_temporal_reference': False, 'mentions_action': True, 'mentions_system_state': False}",[],"['investigate', 'execute', 'summarize', 'ops']",[]
investigate the slow recovery after leader failover,investigate,"{'is_question': False, 'question_word': None, 'has_imperative': False, 'imperative_verb': None, 'has_uncertainty_marker': False, 'has_temporal_reference': False, 'mentions_action': True, 'mentions_system_state': True}",[],"['investigate', 'execute', 'summarize', 'ops']",[]
how do I ferment vegetables,out_of_scope,"{'is_question': True, 'question_word': 'how', 'has_imperative': False, 'imperative_verb': None, 'has_uncertainty_marker': False, 'has_temporal_reference': False, 'mentions_action': False, 'mentions_system_state': False}",['block_execute'],"['investigate', 'summarize', 'ops']",['execute']
restart the fluentd log forwarder on all nodes,execution,"{'is_question': False, 'question_word': None, 'has_imperative': True, 'imperative_verb': 'restart', 'has_uncertainty_marker': False, 'has_temporal_reference': False, 'mentions_action': True, 'mentions_system_state': False}",['allow_execute'],"['investigate', 'execute', 'summarize', 'ops']",[]
enable the vault audit logging,execution,"{'is_question': False, 'question_word': None, 'has_imperative': False, 'imperative_verb': None, 'has_uncertainty_marker': False, 'has_temporal_reference': False, 'mentions_action': False, 'mentions_system_state': False}",[],"['investigate', 'execute', 'summarize', 'ops']",[]
why is the message broker not consuming messages,investigate,"{'is_question': True, 'question_word': 'why', 'has_imperative': False, 'imperative_verb': None, 'has_uncertainty_marker': False, 'has_temporal_reference': False, 'mentions_action': False, 'mentions_system_state': False}",['block_execute'],"['investigate', 'summarize', 'ops']",['execute']
enable the cpu quota enforcement on the tenant,execution,"{'is_question': False, 'question_word': None, 'has_imperative': False, 'imperative_verb': None, 'has_uncertainty_marker': False, 'has_temporal_reference': False, 'mentions_action': False, 'mentions_system_state': True}",[],"['investigate', 'execute', 'summarize', 'ops']",[]
check why the health endpoint is returning stale data,investigate,"{'is_question': False, 'question_word': None, 'has_imperative': False, 'imperative_verb': None, 'has_uncertainty_marker': False, 'has_temporal_reference': False, 'mentions_action': True, 'mentions_system_state': False}",[],"['investigate', 'execute', 'summarize', 'ops']",[]
why are database transactions taking so long,investigate,"{'is_question': True, 'question_word': 'why', 'has_imperative': False, 'imperative_verb': None, 'has_uncertainty_marker': False, 'has_temporal_reference': False, 'mentions_action': False, 'mentions_system_state': False}",['block_execute'],"['investigate', 'summarize', 'ops']",['execute']
what is causing the api to return incomplete data,investigate,"{'is_question': True, 'question_word': 'what', 'has_imperative': False, 'imperative_verb': None, 'has_uncertainty_marker': False, 'has_temporal_reference': False, 'mentions_action': False, 'mentions_system_state': False}",['block_execute'],"['investigate', 'summarize', 'ops']",['execute']
scale data cache,execution,"{'is_question': False, 'question_word': None, 'has_imperative': True, 'imperative_verb': 'scale', 'has_uncertainty_marker': False, 'has_temporal_reference': False, 'mentions_action': True, 'mentions_system_state': False}",['allow_execute'],"['investigate', 'execute', 'summarize', 'ops']",[]
deploy the database proxy layer,execution,"{'is_question': False, 'question_word': None, 'has_imperative': True, 'imperative_verb': 'deploy', 'has_uncertainty_marker': False, 'has_temporal_reference': False, 'mentions_action': True, 'mentions_system_state': False}",['allow_execute'],"['investigate', 'execute', 'summarize', 'ops']",[]
analyze the failed readiness probes in staging,investigate,"{'is_question': False, 'question_word': None, 'has_imperative': False, 'imperative_verb': None, 'has_uncertainty_marker': False, 'has_temporal_reference': False, 'mentions_action': False, 'mentions_system_state': True}",[],"['investigate', 'execute', 'summarize', 'ops']",[]
provide an overview of the monitoring coverage gaps,summarization,"{'is_question': False, 'question_word': None, 'has_imperative': False, 'imperative_verb': None, 'has_uncertainty_marker': False, 'has_temporal_reference': False, 'mentions_action': False, 'mentions_system_state': False}",[],"['investigate', 'execute', 'summarize', 'ops']",[]
how do I make pizza dough,out_of_scope,"{'is_question': True, 'question_word': 'how', 'has_imperative': False, 'imperative_verb': None, 'has_uncertainty_marker': False, 'has_temporal_reference': False, 'mentions_action': False, 'mentions_system_state': False}",['block_execute'],"['investigate', 'summarize', 'ops']",['execute']
summarize the network egress cost by region,summarization,"{'is_question': False, 'question_word': None, 'has_imperative': False, 'imperative_verb': None, 'has_uncertainty_marker': False, 'has_temporal_reference': False, 'mentions_action': True, 'mentions_system_state': False}",[],"['investigate', 'execute', 'summarize', 'ops']",[]
run the dependency vulnerability scan,execution,"{'is_question': False, 'question_word': None, 'has_imperative': False, 'imperative_verb': None, 'has_uncertainty_marker': False, 'has_temporal_reference': False, 'mentions_action': False, 'mentions_system_state': False}",[],"['investigate', 'execute', 'summarize', 'ops']",[]
investigate what is causing the memory balloon in vm,investigate,"{'is_question': False, 'question_word': None, 'has_imperative': False, 'imperative_verb': None, 'has_uncertainty_marker': False, 'has_temporal_reference': False, 'mentions_action': True, 'mentions_system_state': True}",[],"['investigate', 'execute', 'summarize', 'ops']",[]
reset error counters,execution,"{'is_question': False, 'question_word': None, 'has_imperative': False, 'imperative_verb': None, 'has_uncertainty_marker': False, 'has_temporal_reference': False, 'mentions_action': False, 'mentions_system_state': True}",[],"['investigate', 'execute', 'summarize', 'ops']",[]
restart the flapping pods after the node recovery,execution,"{'is_question': False, 'question_word': None, 'has_imperative': True, 'imperative_verb': 'restart', 'has_uncertainty_marker': False, 'has_temporal_reference': False, 'mentions_action': True, 'mentions_system_state': False}",['allow_execute'],"['investigate', 'execute', 'summarize', 'ops']",[]
give me a summary of the infrastructure drift detected,summarization,"{'is_question': False, 'question_word': None, 'has_imperative': False, 'imperative_verb': None, 'has_uncertainty_marker': False, 'has_temporal_reference': False, 'mentions_action': False, 'mentions_system_state': False}",[],"['investigate', 'execute', 'summarize', 'ops']",[]
investigate the cold start latency in serverless functions,investigate,"{'is_question': False, 'question_word': None, 'has_imperative': False, 'imperative_verb': None, 'has_uncertainty_marker': False, 'has_temporal_reference': False, 'mentions_action': True, 'mentions_system_state': True}",[],"['investigate', 'execute', 'summarize', 'ops']",[]
give me a summary of the platform capacity model output,summarization,"{'is_question': False, 'question_word': None, 'has_imperative': False, 'imperative_verb': None, 'has_uncertainty_marker': False, 'has_temporal_reference': False, 'mentions_action': False, 'mentions_system_state': False}",[],"['investigate', 'execute', 'summarize', 'ops']",[]
investigate deadlock in database,investigate,"{'is_question': False, 'question_word': None, 'has_imperative': False, 'imperative_verb': None, 'has_uncertainty_marker': False, 'has_temporal_reference': False, 'mentions_action': True, 'mentions_system_state': False}",[],"['investigate', 'execute', 'summarize', 'ops']",[]
investigate the replication stream lag on postgres,investigate,"{'is_question': False, 'question_word': None, 'has_imperative': False, 'imperative_verb': None, 'has_uncertainty_marker': False, 'has_temporal_reference': False, 'mentions_action': True, 'mentions_system_state': False}",[],"['investigate', 'execute', 'summarize', 'ops']",[]
check what is triggering the oom killer,investigate,"{'is_question': False, 'question_word': None, 'has_imperative': False, 'imperative_verb': None, 'has_uncertainty_marker': False, 'has_temporal_reference': False, 'mentions_action': True, 'mentions_system_state': False}",[],"['investigate', 'execute', 'summarize', 'ops']",[]
resize the persistent volume to 500gb,execution,"{'is_question': False, 'question_word': None, 'has_imperative': False, 'imperative_verb': None, 'has_uncertainty_marker': False, 'has_temporal_reference': False, 'mentions_action': False, 'mentions_system_state': False}",[],"['investigate', 'execute', 'summarize', 'ops']",[]
configure the keepalive connections on haproxy,execution,"{'is_question': False, 'question_word': None, 'has_imperative': False, 'imperative_verb': None, 'has_uncertainty_marker': False, 'has_temporal_reference': False, 'mentions_action': False, 'mentions_system_state': False}",[],"['investigate', 'execute', 'summarize', 'ops']",[]
can you look into the dns resolution failure,investigate,"{'is_question': False, 'question_word': None, 'has_imperative': False, 'imperative_verb': None, 'has_uncertainty_marker': False, 'has_temporal_reference': False, 'mentions_action': False, 'mentions_system_state': True}",[],"['investigate', 'execute', 'summarize', 'ops']",[]
give me an overview of the deployment pipeline health,summarization,"{'is_question': False, 'question_word': None, 'has_imperative': False, 'imperative_verb': None, 'has_uncertainty_marker': False, 'has_temporal_reference': False, 'mentions_action': True, 'mentions_system_state': False}",[],"['investigate', 'execute', 'summarize', 'ops']",[]
tell me about mars,out_of_scope,"{'is_question': False, 'question_word': None, 'has_imperative': False, 'imperative_verb': None, 'has_uncertainty_marker': False, 'has_temporal_reference': False, 'mentions_action': False, 'mentions_system_state': False}",[],"['investigate', 'execute', 'summarize', 'ops']",[]
what caused the pod evictions in kubernetes,investigate,"{'is_question': True, 'question_word': 'what', 'has_imperative': False, 'imperative_verb': None, 'has_uncertainty_marker': False, 'has_temporal_reference': False, 'mentions_action': False, 'mentions_system_state': False}",['block_execute'],"['investigate', 'summarize', 'ops']",['execute']
summarize the data pipeline reliability metrics,summarization,"{'is_question': False, 'question_word': None, 'has_imperative': False, 'imperative_verb': None, 'has_uncertainty_marker': False, 'has_temporal_reference': False, 'mentions_action': True, 'mentions_system_state': False}",[],"['investigate', 'execute', 'summarize', 'ops']",[]
tell me about the solar system,out_of_scope,"{'is_question': False, 'question_word': None, 'has_imperative': False, 'imperative_verb': None, 'has_uncertainty_marker': False, 'has_temporal_reference': False, 'mentions_action': False, 'mentions_system_state': False}",[],"['investigate', 'execute', 'summarize', 'ops']",[]
provide a brief on the continuous delivery pipeline metrics,summarization,"{'is_question': False, 'question_word': None, 'has_imperative': False, 'imperative_verb': None, 'has_uncertainty_marker': False, 'has_temporal_reference': False, 'mentions_action': False, 'mentions_system_state': False}",[],"['investigate', 'execute', 'summarize', 'ops']",[]
give me error rate summary,summarization,"{'is_question': False, 'question_word': None, 'has_imperative': False, 'imperative_verb': None, 'has_uncertainty_marker': False, 'has_temporal_reference': False, 'mentions_action': False, 'mentions_system_state': True}",[],"['investigate', 'execute', 'summarize', 'ops']",[]
enable the database connection pooling proxy,execution,"{'is_question': False, 'question_word': None, 'has_imperative': False, 'imperative_verb': None, 'has_uncertainty_marker': False, 'has_temporal_reference': False, 'mentions_action': False, 'mentions_system_state': False}",[],"['investigate', 'execute', 'summarize', 'ops']",[]
enable debug logging,execution,"{'is_question': False, 'question_word': None, 'has_imperative': False, 'imperative_verb': None, 'has_uncertainty_marker': False, 'has_temporal_reference': False, 'mentions_action': False, 'mentions_system_state': False}",[],"['investigate', 'execute', 'summarize', 'ops']",[]
look into the memory allocation failure in container,investigate,"{'is_question': False, 'question_word': None, 'has_imperative': False, 'imperative_verb': None, 'has_uncertainty_marker': False, 'has_temporal_reference': False, 'mentions_action': False, 'mentions_system_state': True}",[],"['investigate', 'execute', 'summarize', 'ops']",[]
why is the kubernetes cronjob missing executions,investigate,"{'is_question': True, 'question_word': 'why', 'has_imperative': False, 'imperative_verb': None, 'has_uncertainty_marker': False, 'has_temporal_reference': False, 'mentions_action': False, 'mentions_system_state': False}",['block_execute'],"['investigate', 'summarize', 'ops']",['execute']
analyze the log rotation failure on app-server-12,investigate,"{'is_question': False, 'question_word': None, 'has_imperative': False, 'imperative_verb': None, 'has_uncertainty_marker': False, 'has_temporal_reference': False, 'mentions_action': False, 'mentions_system_state': True}",[],"['investigate', 'execute', 'summarize', 'ops']",[]
what is causing the high p99 latency,investigate,"{'is_question': True, 'question_word': 'what', 'has_imperative': False, 'imperative_verb': None, 'has_uncertainty_marker': False, 'has_temporal_reference': False, 'mentions_action': False, 'mentions_system_state': True}","['block_execute', 'require_diagnostic_investigate']","['investigate', 'summarize', 'ops']",['execute']
tell me about the life cycle of a butterfly,out_of_scope,"{'is_question': False, 'question_word': None, 'has_imperative': False, 'imperative_verb': None, 'has_uncertainty_marker': False, 'has_temporal_reference': False, 'mentions_action': False, 'mentions_system_state': False}",[],"['investigate', 'execute', 'summarize', 'ops']",[]
why is the service mesh sidecar consuming too much cpu,investigate,"{'is_question': True, 'question_word': 'why', 'has_imperative': False, 'imperative_verb': None, 'has_uncertainty_marker': False, 'has_temporal_reference': False, 'mentions_action': False, 'mentions_system_state': True}","['block_execute', 'require_diagnostic_investigate']","['investigate', 'summarize', 'ops']",['execute']
give me an overview of the application profiling insights,summarization,"{'is_question': False, 'question_word': None, 'has_imperative': False, 'imperative_verb': None, 'has_uncertainty_marker': False, 'has_temporal_reference': False, 'mentions_action': False, 'mentions_system_state': False}",[],"['investigate', 'execute', 'summarize', 'ops']",[]
tell me about the ice age,out_of_scope,"{'is_question': False, 'question_word': None, 'has_imperative': False, 'imperative_verb': None, 'has_uncertainty_marker': False, 'has_temporal_reference': False, 'mentions_action': False, 'mentions_system_state': False}",[],"['investigate', 'execute', 'summarize', 'ops']",[]
execute the tenant data migration script,execution,"{'is_question': False, 'question_word': None, 'has_imperative': False, 'imperative_verb': None, 'has_uncertainty_marker': False, 'has_temporal_reference': False, 'mentions_action': False, 'mentions_system_state': False}",[],"['investigate', 'execute', 'summarize', 'ops']",[]
tell me about languages,out_of_scope,"{'is_question': False, 'question_word': None, 'has_imperative': False, 'imperative_verb': None, 'has_uncertainty_marker': False, 'has_temporal_reference': False, 'mentions_action': False, 'mentions_system_state': False}",[],"['investigate', 'execute', 'summarize', 'ops']",[]
restart monitoring agent,execution,"{'is_question': False, 'question_word': None, 'has_imperative': True, 'imperative_verb': 'restart', 'has_uncertainty_marker': False, 'has_temporal_reference': False, 'mentions_action': True, 'mentions_system_state': False}",['allow_execute'],"['investigate', 'execute', 'summarize', 'ops']",[]
run the ansible playbook for server hardening,execution,"{'is_question': False, 'question_word': None, 'has_imperative': False, 'imperative_verb': None, 'has_uncertainty_marker': False, 'has_temporal_reference': False, 'mentions_action': False, 'mentions_system_state': False}",[],"['investigate', 'execute', 'summarize', 'ops']",[]
provide metrics summary,summarization,"{'is_question': False, 'question_word': None, 'has_imperative': False, 'imperative_verb': None, 'has_uncertainty_marker': False, 'has_temporal_reference': False, 'mentions_action': False, 'mentions_system_state': False}",[],"['investigate', 'execute', 'summarize', 'ops']",[]
what is the capital of france,out_of_scope,"{'is_question': True, 'question_word': 'what', 'has_imperative': False, 'imperative_verb': None, 'has_uncertainty_marker': False, 'has_temporal_reference': False, 'mentions_action': False, 'mentions_system_state': False}",['block_execute'],"['investigate', 'summarize', 'ops']",['execute']
enable the secrets manager rotation schedule,execution,"{'is_question': False, 'question_word': None, 'has_imperative': False, 'imperative_verb': None, 'has_uncertainty_marker': False, 'has_temporal_reference': False, 'mentions_action': False, 'mentions_system_state': False}",[],"['investigate', 'execute', 'summarize', 'ops']",[]
investigate the transaction deadlock pattern in the db,investigate,"{'is_question': False, 'question_word': None, 'has_imperative': False, 'imperative_verb': None, 'has_uncertainty_marker': False, 'has_temporal_reference': False, 'mentions_action': True, 'mentions_system_state': False}",[],"['investigate', 'execute', 'summarize', 'ops']",[]
summarize throughput metrics,summarization,"{'is_question': False, 'question_word': None, 'has_imperative': False, 'imperative_verb': None, 'has_uncertainty_marker': False, 'has_temporal_reference': False, 'mentions_action': True, 'mentions_system_state': False}",[],"['investigate', 'execute', 'summarize', 'ops']",[]
summarize the distributed lock acquisition patterns,summarization,"{'is_question': False, 'question_word': None, 'has_imperative': False, 'imperative_verb': None, 'has_uncertainty_marker': False, 'has_temporal_reference': False, 'mentions_action': True, 'mentions_system_state': False}",[],"['investigate', 'execute', 'summarize', 'ops']",[]
analyze the traffic imbalance across availability zones,investigate,"{'is_question': False, 'question_word': None, 'has_imperative': False, 'imperative_verb': None, 'has_uncertainty_marker': False, 'has_temporal_reference': False, 'mentions_action': False, 'mentions_system_state': False}",[],"['investigate', 'execute', 'summarize', 'ops']",[]
investigate the grpc deadline exceeded errors,investigate,"{'is_question': False, 'question_word': None, 'has_imperative': False, 'imperative_verb': None, 'has_uncertainty_marker': False, 'has_temporal_reference': False, 'mentions_action': True, 'mentions_system_state': True}",[],"['investigate', 'execute', 'summarize', 'ops']",[]
configure the tcp keepalive settings on the host,execution,"{'is_question': False, 'question_word': None, 'has_imperative': False, 'imperative_verb': None, 'has_uncertainty_marker': False, 'has_temporal_reference': False, 'mentions_action': False, 'mentions_system_state': False}",[],"['investigate', 'execute', 'summarize', 'ops']",[]
what is the largest desert in the world,out_of_scope,"{'is_question': True, 'question_word': 'what', 'has_imperative': False, 'imperative_verb': None, 'has_uncertainty_marker': False, 'has_temporal_reference': False, 'mentions_action': False, 'mentions_system_state': False}",['block_execute'],"['investigate', 'summarize', 'ops']",['execute']
analyze what changed before the performance degraded,investigate,"{'is_question': False, 'question_word': None, 'has_imperative': False, 'imperative_verb': None, 'has_uncertainty_marker': False, 'has_temporal_reference': False, 'mentions_action': False, 'mentions_system_state': False}",[],"['investigate', 'execute', 'summarize', 'ops']",[]
configure the jenkins pipeline webhook trigger,execution,"{'is_question': False, 'question_word': None, 'has_imperative': False, 'imperative_verb': None, 'has_uncertainty_marker': False, 'has_temporal_reference': False, 'mentions_action': False, 'mentions_system_state': False}",[],"['investigate', 'execute', 'summarize', 'ops']",[]
provide a brief on the idle resource cost across workloads,summarization,"{'is_question': False, 'question_word': None, 'has_imperative': False, 'imperative_verb': None, 'has_uncertainty_marker': False, 'has_temporal_reference': False, 'mentions_action': False, 'mentions_system_state': False}",[],"['investigate', 'execute', 'summarize', 'ops']",[]
give me a recap of the cluster autoscaler decisions,summarization,"{'is_question': False, 'question_word': None, 'has_imperative': False, 'imperative_verb': None, 'has_uncertainty_marker': False, 'has_temporal_reference': False, 'mentions_action': True, 'mentions_system_state': False}",[],"['investigate', 'execute', 'summarize', 'ops']",[]
why is the WAL replay taking hours on postgres,investigate,"{'is_question': True, 'question_word': 'why', 'has_imperative': False, 'imperative_verb': None, 'has_uncertainty_marker': False, 'has_temporal_reference': False, 'mentions_action': False, 'mentions_system_state': False}",['block_execute'],"['investigate', 'summarize', 'ops']",['execute']
summarize the weekly change failure rate,summarization,"{'is_question': False, 'question_word': None, 'has_imperative': False, 'imperative_verb': None, 'has_uncertainty_marker': False, 'has_temporal_reference': False, 'mentions_action': True, 'mentions_system_state': True}",[],"['investigate', 'execute', 'summarize', 'ops']",[]
why is the queue consumer lagging behind producer,investigate,"{'is_question': True, 'question_word': 'why', 'has_imperative': False, 'imperative_verb': None, 'has_uncertainty_marker': False, 'has_temporal_reference': False, 'mentions_action': False, 'mentions_system_state': False}",['block_execute'],"['investigate', 'summarize', 'ops']",['execute']
what is the standard model in physics,out_of_scope,"{'is_question': True, 'question_word': 'what', 'has_imperative': False, 'imperative_verb': None, 'has_uncertainty_marker': False, 'has_temporal_reference': False, 'mentions_action': False, 'mentions_system_state': False}",['block_execute'],"['investigate', 'summarize', 'ops']",['execute']
apply the ingress rate limit rules,execution,"{'is_question': False, 'question_word': None, 'has_imperative': True, 'imperative_verb': 'apply', 'has_uncertainty_marker': False, 'has_temporal_reference': False, 'mentions_action': True, 'mentions_system_state': False}",['allow_execute'],"['investigate', 'execute', 'summarize', 'ops']",[]
enable the sticky session on the load balancer,execution,"{'is_question': False, 'question_word': None, 'has_imperative': False, 'imperative_verb': None, 'has_uncertainty_marker': False, 'has_temporal_reference': False, 'mentions_action': False, 'mentions_system_state': False}",[],"['investigate', 'execute', 'summarize', 'ops']",[]
apply the kernel security update and reboot,execution,"{'is_question': False, 'question_word': None, 'has_imperative': True, 'imperative_verb': 'apply', 'has_uncertainty_marker': False, 'has_temporal_reference': False, 'mentions_action': True, 'mentions_system_state': False}",['allow_execute'],"['investigate', 'execute', 'summarize', 'ops']",[]
who wrote frankenstein,out_of_scope,"{'is_question': True, 'question_word': 'who', 'has_imperative': False, 'imperative_verb': None, 'has_uncertainty_marker': False, 'has_temporal_reference': False, 'mentions_action': False, 'mentions_system_state': False}",['block_execute'],"['investigate', 'summarize', 'ops']",['execute']
reset the alert suppression window,execution,"{'is_question': False, 'question_word': None, 'has_imperative': False, 'imperative_verb': None, 'has_uncertainty_marker': False, 'has_temporal_reference': False, 'mentions_action': False, 'mentions_system_state': False}",[],"['investigate', 'execute', 'summarize', 'ops']",[]
provide a brief on today's outages,summarization,"{'is_question': False, 'question_word': None, 'has_imperative': False, 'imperative_verb': None, 'has_uncertainty_marker': False, 'has_temporal_reference': True, 'mentions_action': False, 'mentions_system_state': False}",[],"['investigate', 'execute', 'summarize', 'ops']",[]
who is joan of arc,out_of_scope,"{'is_question': True, 'question_word': 'who', 'has_imperative': False, 'imperative_verb': None, 'has_uncertainty_marker': False, 'has_temporal_reference': False, 'mentions_action': False, 'mentions_system_state': False}",['block_execute'],"['investigate', 'summarize', 'ops']",['execute']
how do I write a novel,out_of_scope,"{'is_question': True, 'question_word': 'how', 'has_imperative': False, 'imperative_verb': None, 'has_uncertainty_marker': False, 'has_temporal_reference': False, 'mentions_action': False, 'mentions_system_state': False}",['block_execute'],"['investigate', 'summarize', 'ops']",['execute']
summarize the dependency version drift across microservices,summarization,"{'is_question': False, 'question_word': None, 'has_imperative': False, 'imperative_verb': None, 'has_uncertainty_marker': False, 'has_temporal_reference': False, 'mentions_action': True, 'mentions_system_state': False}",[],"['investigate', 'execute', 'summarize', 'ops']",[]
why is the config reload triggering connection draining,investigate,"{'is_question': True, 'question_word': 'why', 'has_imperative': False, 'imperative_verb': None, 'has_uncertainty_marker': False, 'has_temporal_reference': False, 'mentions_action': False, 'mentions_system_state': False}",['block_execute'],"['investigate', 'summarize', 'ops']",['execute']
check the reason for the slowdown in the api fanout,investigate,"{'is_question': False, 'question_word': None, 'has_imperative': False, 'imperative_verb': None, 'has_uncertainty_marker': False, 'has_temporal_reference': False, 'mentions_action': True, 'mentions_system_state': True}",[],"['investigate', 'execute', 'summarize', 'ops']",[]
why is there no response from the upstream service,investigate,"{'is_question': True, 'question_word': 'why', 'has_imperative': False, 'imperative_verb': None, 'has_uncertainty_marker': False, 'has_temporal_reference': False, 'mentions_action': False, 'mentions_system_state': False}",['block_execute'],"['investigate', 'summarize', 'ops']",['execute']
summarize the vulnerability scan findings,summarization,"{'is_question': False, 'question_word': None, 'has_imperative': False, 'imperative_verb': None, 'has_uncertainty_marker': False, 'has_temporal_reference': False, 'mentions_action': True, 'mentions_system_state': False}",[],"['investigate', 'execute', 'summarize', 'ops']",[]
apply the terraform plan for infrastructure changes,execution,"{'is_question': False, 'question_word': None, 'has_imperative': True, 'imperative_verb': 'apply', 'has_uncertainty_marker': False, 'has_temporal_reference': False, 'mentions_action': True, 'mentions_system_state': False}",['allow_execute'],"['investigate', 'execute', 'summarize', 'ops']",[]
who is vincent van gogh,out_of_scope,"{'is_question': True, 'question_word': 'who', 'has_imperative': False, 'imperative_verb': None, 'has_uncertainty_marker': False, 'has_temporal_reference': False, 'mentions_action': False, 'mentions_system_state': False}",['block_execute'],"['investigate', 'summarize', 'ops']",['execute']
scale the ingress controller replicas,execution,"{'is_question': False, 'question_word': None, 'has_imperative': True, 'imperative_verb': 'scale', 'has_uncertainty_marker': False, 'has_temporal_reference': False, 'mentions_action': True, 'mentions_system_state': False}",['allow_execute'],"['investigate', 'execute', 'summarize', 'ops']",[]
give me incident summary,summarization,"{'is_question': False, 'question_word': None, 'has_imperative': False, 'imperative_verb': None, 'has_uncertainty_marker': False, 'has_temporal_reference': False, 'mentions_action': False, 'mentions_system_state': False}",[],"['investigate', 'execute', 'summarize', 'ops']",[]
what is osmosis,out_of_scope,"{'is_question': True, 'question_word': 'what', 'has_imperative': False, 'imperative_verb': None, 'has_uncertainty_marker': False, 'has_temporal_reference': False, 'mentions_action': False, 'mentions_system_state': False}",['block_execute'],"['investigate', 'summarize', 'ops']",['execute']
update the rbac role bindings for the new team,execution,"{'is_question': False, 'question_word': None, 'has_imperative': True, 'imperative_verb': 'update', 'has_uncertainty_marker': False, 'has_temporal_reference': False, 'mentions_action': True, 'mentions_system_state': False}",['allow_execute'],"['investigate', 'execute', 'summarize', 'ops']",[]
check the tcp retransmission rate on the interface,investigate,"{'is_question': False, 'question_word': None, 'has_imperative': False, 'imperative_verb': None, 'has_uncertainty_marker': False, 'has_temporal_reference': False, 'mentions_action': True, 'mentions_system_state': False}",[],"['investigate', 'execute', 'summarize', 'ops']",[]
summarize the change-failure rate for the current quarter,summarization,"{'is_question': False, 'question_word': None, 'has_imperative': False, 'imperative_verb': None, 'has_uncertainty_marker': False, 'has_temporal_reference': False, 'mentions_action': True, 'mentions_system_state': True}",[],"['investigate', 'execute', 'summarize', 'ops']",[]
why is the queue depth continuously growing,investigate,"{'is_question': True, 'question_word': 'why', 'has_imperative': False, 'imperative_verb': None, 'has_uncertainty_marker': False, 'has_temporal_reference': False, 'mentions_action': False, 'mentions_system_state': False}",['block_execute'],"['investigate', 'summarize', 'ops']",['execute']
trigger the ci cd pipeline for the release branch,execution,"{'is_question': False, 'question_word': None, 'has_imperative': False, 'imperative_verb': None, 'has_uncertainty_marker': False, 'has_temporal_reference': False, 'mentions_action': False, 'mentions_system_state': False}",[],"['investigate', 'execute', 'summarize', 'ops']",[]
provide a brief on the database query cost distribution,summarization,"{'is_question': False, 'question_word': None, 'has_imperative': False, 'imperative_verb': None, 'has_uncertainty_marker': False, 'has_temporal_reference': False, 'mentions_action': False, 'mentions_system_state': False}",[],"['investigate', 'execute', 'summarize', 'ops']",[]
how do I grow tomatoes at home,out_of_scope,"{'is_question': True, 'question_word': 'how', 'has_imperative': False, 'imperative_verb': None, 'has_uncertainty_marker': False, 'has_temporal_reference': False, 'mentions_action': False, 'mentions_system_state': False}",['block_execute'],"['investigate', 'summarize', 'ops']",['execute']
check the firewall rules blocking traffic,investigate,"{'is_question': False, 'question_word': None, 'has_imperative': False, 'imperative_verb': None, 'has_uncertainty_marker': False, 'has_temporal_reference': False, 'mentions_action': True, 'mentions_system_state': False}",[],"['investigate', 'execute', 'summarize', 'ops']",[]
why is the graphql resolver timing out,investigate,"{'is_question': True, 'question_word': 'why', 'has_imperative': False, 'imperative_verb': None, 'has_uncertainty_marker': False, 'has_temporal_reference': False, 'mentions_action': False, 'mentions_system_state': False}",['block_execute'],"['investigate', 'summarize', 'ops']",['execute']
replace the failed disk in the raid array,execution,"{'is_question': False, 'question_word': None, 'has_imperative': False, 'imperative_verb': None, 'has_uncertainty_marker': False, 'has_temporal_reference': False, 'mentions_action': False, 'mentions_system_state': True}",[],"['investigate', 'execute', 'summarize', 'ops']",[]
investigate timeout errors,investigate,"{'is_question': False, 'question_word': None, 'has_imperative': False, 'imperative_verb': None, 'has_uncertainty_marker': False, 'has_temporal_reference': False, 'mentions_action': True, 'mentions_system_state': True}",[],"['investigate', 'execute', 'summarize', 'ops']",[]
why is the write throughput lower than expected,investigate,"{'is_question': True, 'question_word': 'why', 'has_imperative': False, 'imperative_verb': None, 'has_uncertainty_marker': False, 'has_temporal_reference': False, 'mentions_action': False, 'mentions_system_state': False}",['block_execute'],"['investigate', 'summarize', 'ops']",['execute']
summarize the load distribution by availability zone,summarization,"{'is_question': False, 'question_word': None, 'has_imperative': False, 'imperative_verb': None, 'has_uncertainty_marker': False, 'has_temporal_reference': False, 'mentions_action': True, 'mentions_system_state': False}",[],"['investigate', 'execute', 'summarize', 'ops']",[]
tell me about the silk road,out_of_scope,"{'is_question': False, 'question_word': None, 'has_imperative': False, 'imperative_verb': None, 'has_uncertainty_marker': False, 'has_temporal_reference': False, 'mentions_action': False, 'mentions_system_state': False}",[],"['investigate', 'execute', 'summarize', 'ops']",[]
who won the world cup,out_of_scope,"{'is_question': True, 'question_word': 'who', 'has_imperative': False, 'imperative_verb': None, 'has_uncertainty_marker': False, 'has_temporal_reference': False, 'mentions_action': False, 'mentions_system_state': False}",['block_execute'],"['investigate', 'summarize', 'ops']",['execute']
hello how are you,out_of_scope,"{'is_question': False, 'question_word': None, 'has_imperative': False, 'imperative_verb': None, 'has_uncertainty_marker': False, 'has_temporal_reference': False, 'mentions_action': False, 'mentions_system_state': False}",[],"['investigate', 'execute', 'summarize', 'ops']",[]
why is the grpc stream being terminated early,investigate,"{'is_question': True, 'question_word': 'why', 'has_imperative': False, 'imperative_verb': None, 'has_uncertainty_marker': False, 'has_temporal_reference': False, 'mentions_action': True, 'mentions_system_state': False}",['block_execute'],"['investigate', 'summarize', 'ops']",['execute']
analyze the query optimizer choosing a bad plan,investigate,"{'is_question': False, 'question_word': None, 'has_imperative': False, 'imperative_verb': None, 'has_uncertainty_marker': False, 'has_temporal_reference': False, 'mentions_action': False, 'mentions_system_state': False}",[],"['investigate', 'execute', 'summarize', 'ops']",[]
apply the blkio throttle policy to the container,execution,"{'is_question': False, 'question_word': None, 'has_imperative': True, 'imperative_verb': 'apply', 'has_uncertainty_marker': False, 'has_temporal_reference': False, 'mentions_action': True, 'mentions_system_state': True}",['allow_execute'],"['investigate', 'execute', 'summarize', 'ops']",[]
give me a summary of the recent platform incidents by tier,summarization,"{'is_question': False, 'question_word': None, 'has_imperative': False, 'imperative_verb': None, 'has_uncertainty_marker': False, 'has_temporal_reference': False, 'mentions_action': False, 'mentions_system_state': False}",[],"['investigate', 'execute', 'summarize', 'ops']",[]
why is server host123 cpu high,investigate,"{'is_question': True, 'question_word': 'why', 'has_imperative': False, 'imperative_verb': None, 'has_uncertainty_marker': False, 'has_temporal_reference': False, 'mentions_action': False, 'mentions_system_state': True}","['block_execute', 'require_diagnostic_investigate']","['investigate', 'summarize', 'ops']",['execute']
how do I learn to draw,out_of_scope,"{'is_question': True, 'question_word': 'how', 'has_imperative': False, 'imperative_verb': None, 'has_uncertainty_marker': False, 'has_temporal_reference': False, 'mentions_action': False, 'mentions_system_state': False}",['block_execute'],"['investigate', 'summarize', 'ops']",['execute']
summarize the memory leak patterns across services,summarization,"{'is_question': False, 'question_word': None, 'has_imperative': False, 'imperative_verb': None, 'has_uncertainty_marker': False, 'has_temporal_reference': False, 'mentions_action': True, 'mentions_system_state': True}",[],"['investigate', 'execute', 'summarize', 'ops']",[]
examine the audit logs for suspicious activity,investigate,"{'is_question': False, 'question_word': None, 'has_imperative': False, 'imperative_verb': None, 'has_uncertainty_marker': False, 'has_temporal_reference': False, 'mentions_action': False, 'mentions_system_state': False}",[],"['investigate', 'execute', 'summarize', 'ops']",[]
investigate the file descriptor leak,investigate,"{'is_question': False, 'question_word': None, 'has_imperative': False, 'imperative_verb': None, 'has_uncertainty_marker': False, 'has_temporal_reference': False, 'mentions_action': True, 'mentions_system_state': True}",[],"['investigate', 'execute', 'summarize', 'ops']",[]
what is causing the tcp connection reset by peer,investigate,"{'is_question': True, 'question_word': 'what', 'has_imperative': False, 'imperative_verb': None, 'has_uncertainty_marker': False, 'has_temporal_reference': False, 'mentions_action': False, 'mentions_system_state': False}",['block_execute'],"['investigate', 'summarize', 'ops']",['execute']
analyze the jvm thread contention issue,investigate,"{'is_question': False, 'question_word': None, 'has_imperative': False, 'imperative_verb': None, 'has_uncertainty_marker': False, 'has_temporal_reference': False, 'mentions_action': False, 'mentions_system_state': False}",[],"['investigate', 'execute', 'summarize', 'ops']",[]
what is quantum physics,out_of_scope,"{'is_question': True, 'question_word': 'what', 'has_imperative': False, 'imperative_verb': None, 'has_uncertainty_marker': False, 'has_temporal_reference': False, 'mentions_action': False, 'mentions_system_state': False}",['block_execute'],"['investigate', 'summarize', 'ops']",['execute']
rotate the ssh host keys on the new server,execution,"{'is_question': False, 'question_word': None, 'has_imperative': False, 'imperative_verb': None, 'has_uncertainty_marker': False, 'has_temporal_reference': False, 'mentions_action': False, 'mentions_system_state': False}",[],"['investigate', 'execute', 'summarize', 'ops']",[]
investigate the service crash after config reload,investigate,"{'is_question': False, 'question_word': None, 'has_imperative': False, 'imperative_verb': None, 'has_uncertainty_marker': False, 'has_temporal_reference': False, 'mentions_action': True, 'mentions_system_state': True}",[],"['investigate', 'execute', 'summarize', 'ops']",[]
what is buoyancy,out_of_scope,"{'is_question': True, 'question_word': 'what', 'has_imperative': False, 'imperative_verb': None, 'has_uncertainty_marker': False, 'has_temporal_reference': False, 'mentions_action': False, 'mentions_system_state': False}",['block_execute'],"['investigate', 'summarize', 'ops']",['execute']
provide a brief on the node termination event summary,summarization,"{'is_question': False, 'question_word': None, 'has_imperative': False, 'imperative_verb': None, 'has_uncertainty_marker': False, 'has_temporal_reference': False, 'mentions_action': False, 'mentions_system_state': False}",[],"['investigate', 'execute', 'summarize', 'ops']",[]
summarize the toil reduction progress this quarter,summarization,"{'is_question': False, 'question_word': None, 'has_imperative': False, 'imperative_verb': None, 'has_uncertainty_marker': False, 'has_temporal_reference': False, 'mentions_action': True, 'mentions_system_state': False}",[],"['investigate', 'execute', 'summarize', 'ops']",[]
investigate the certificate revocation check failure,investigate,"{'is_question': False, 'question_word': None, 'has_imperative': False, 'imperative_verb': None, 'has_uncertainty_marker': False, 'has_temporal_reference': False, 'mentions_action': True, 'mentions_system_state': True}",[],"['investigate', 'execute', 'summarize', 'ops']",[]
why is the query result cache warming too slowly,investigate,"{'is_question': True, 'question_word': 'why', 'has_imperative': False, 'imperative_verb': None, 'has_uncertainty_marker': False, 'has_temporal_reference': False, 'mentions_action': False, 'mentions_system_state': True}","['block_execute', 'require_diagnostic_investigate']","['investigate', 'summarize', 'ops']",['execute']
investigate the high iowait on storage server,investigate,"{'is_question': False, 'question_word': None, 'has_imperative': False, 'imperative_verb': None, 'has_uncertainty_marker': False, 'has_temporal_reference': False, 'mentions_action': True, 'mentions_system_state': False}",[],"['investigate', 'execute', 'summarize', 'ops']",[]
why is the service not draining connections before termination,investigate,"{'is_question': True, 'question_word': 'why', 'has_imperative': False, 'imperative_verb': None, 'has_uncertainty_marker': False, 'has_temporal_reference': False, 'mentions_action': False, 'mentions_system_state': False}",['block_execute'],"['investigate', 'summarize', 'ops']",['execute']
configure the nginx worker processes,execution,"{'is_question': False, 'question_word': None, 'has_imperative': False, 'imperative_verb': None, 'has_uncertainty_marker': False, 'has_temporal_reference': False, 'mentions_action': False, 'mentions_system_state': False}",[],"['investigate', 'execute', 'summarize', 'ops']",[]
summarize the queue consumer performance metrics,summarization,"{'is_question': False, 'question_word': None, 'has_imperative': False, 'imperative_verb': None, 'has_uncertainty_marker': False, 'has_temporal_reference': False, 'mentions_action': True, 'mentions_system_state': False}",[],"['investigate', 'execute', 'summarize', 'ops']",[]
give me a summary of the request routing efficiency,summarization,"{'is_question': False, 'question_word': None, 'has_imperative': False, 'imperative_verb': None, 'has_uncertainty_marker': False, 'has_temporal_reference': False, 'mentions_action': False, 'mentions_system_state': False}",[],"['investigate', 'execute', 'summarize', 'ops']",[]
give me an overview of the observability stack capacity,summarization,"{'is_question': False, 'question_word': None, 'has_imperative': False, 'imperative_verb': None, 'has_uncertainty_marker': False, 'has_temporal_reference': False, 'mentions_action': False, 'mentions_system_state': False}",[],"['investigate', 'execute', 'summarize', 'ops']",[]
summarize the real user monitoring metrics for this week,summarization,"{'is_question': False, 'question_word': None, 'has_imperative': False, 'imperative_verb': None, 'has_uncertainty_marker': False, 'has_temporal_reference': False, 'mentions_action': True, 'mentions_system_state': False}",[],"['investigate', 'execute', 'summarize', 'ops']",[]
how do I make perfect scrambled eggs,out_of_scope,"{'is_question': True, 'question_word': 'how', 'has_imperative': False, 'imperative_verb': None, 'has_uncertainty_marker': False, 'has_temporal_reference': False, 'mentions_action': False, 'mentions_system_state': False}",['block_execute'],"['investigate', 'summarize', 'ops']",['execute']
apply the password complexity policy update,execution,"{'is_question': False, 'question_word': None, 'has_imperative': True, 'imperative_verb': 'apply', 'has_uncertainty_marker': False, 'has_temporal_reference': False, 'mentions_action': True, 'mentions_system_state': False}",['allow_execute'],"['investigate', 'execute', 'summarize', 'ops']",[]
provide a recap of the production readiness review results,summarization,"{'is_question': False, 'question_word': None, 'has_imperative': False, 'imperative_verb': None, 'has_uncertainty_marker': False, 'has_temporal_reference': False, 'mentions_action': False, 'mentions_system_state': False}",[],"['investigate', 'execute', 'summarize', 'ops']",[]
look into the consistent hashing rebalance issue,investigate,"{'is_question': False, 'question_word': None, 'has_imperative': False, 'imperative_verb': None, 'has_uncertainty_marker': False, 'has_temporal_reference': False, 'mentions_action': False, 'mentions_system_state': False}",[],"['investigate', 'execute', 'summarize', 'ops']",[]
how do I mountain climb,out_of_scope,"{'is_question': True, 'question_word': 'how', 'has_imperative': False, 'imperative_verb': None, 'has_uncertainty_marker': False, 'has_temporal_reference': False, 'mentions_action': False, 'mentions_system_state': False}",['block_execute'],"['investigate', 'summarize', 'ops']",['execute']
run the ansible playbook for the new server setup,execution,"{'is_question': False, 'question_word': None, 'has_imperative': False, 'imperative_verb': None, 'has_uncertainty_marker': False, 'has_temporal_reference': False, 'mentions_action': False, 'mentions_system_state': False}",[],"['investigate', 'execute', 'summarize', 'ops']",[]
summarize the cross-team dependency resolution status,summarization,"{'is_question': False, 'question_word': None, 'has_imperative': False, 'imperative_verb': None, 'has_uncertainty_marker': False, 'has_temporal_reference': False, 'mentions_action': True, 'mentions_system_state': True}",[],"['investigate', 'execute', 'summarize', 'ops']",[]
analyze the impact of the dns change on traffic,investigate,"{'is_question': False, 'question_word': None, 'has_imperative': False, 'imperative_verb': None, 'has_uncertainty_marker': False, 'has_temporal_reference': False, 'mentions_action': False, 'mentions_system_state': False}",[],"['investigate', 'execute', 'summarize', 'ops']",[]
rotate the vault root token,execution,"{'is_question': False, 'question_word': None, 'has_imperative': False, 'imperative_verb': None, 'has_uncertainty_marker': False, 'has_temporal_reference': False, 'mentions_action': False, 'mentions_system_state': False}",[],"['investigate', 'execute', 'summarize', 'ops']",[]
investigate the service endpoint returning wrong data,investigate,"{'is_question': False, 'question_word': None, 'has_imperative': False, 'imperative_verb': None, 'has_uncertainty_marker': False, 'has_temporal_reference': False, 'mentions_action': True, 'mentions_system_state': False}",[],"['investigate', 'execute', 'summarize', 'ops']",[]
summarize the request timeout frequency by endpoint,summarization,"{'is_question': False, 'question_word': None, 'has_imperative': False, 'imperative_verb': None, 'has_uncertainty_marker': False, 'has_temporal_reference': False, 'mentions_action': True, 'mentions_system_state': False}",[],"['investigate', 'execute', 'summarize', 'ops']",[]
configure the sssd daemon for the new domain,execution,"{'is_question': False, 'question_word': None, 'has_imperative': False, 'imperative_verb': None, 'has_uncertainty_marker': False, 'has_temporal_reference': False, 'mentions_action': False, 'mentions_system_state': False}",[],"['investigate', 'execute', 'summarize', 'ops']",[]
what is causing the high swap usage on node-5,investigate,"{'is_question': True, 'question_word': 'what', 'has_imperative': False, 'imperative_verb': None, 'has_uncertainty_marker': False, 'has_temporal_reference': False, 'mentions_action': False, 'mentions_system_state': False}",['block_execute'],"['investigate', 'summarize', 'ops']",['execute']
update the container image to the patched version,execution,"{'is_question': False, 'question_word': None, 'has_imperative': True, 'imperative_verb': 'update', 'has_uncertainty_marker': False, 'has_temporal_reference': False, 'mentions_action': True, 'mentions_system_state': False}",['allow_execute'],"['investigate', 'execute', 'summarize', 'ops']",[]
why is the pod failing the security context check,investigate,"{'is_question': True, 'question_word': 'why', 'has_imperative': False, 'imperative_verb': None, 'has_uncertainty_marker': False, 'has_temporal_reference': False, 'mentions_action': True, 'mentions_system_state': True}","['block_execute', 'require_diagnostic_investigate']","['investigate', 'summarize', 'ops']",['execute']
why is the replication factor not being maintained,investigate,"{'is_question': True, 'question_word': 'why', 'has_imperative': False, 'imperative_verb': None, 'has_uncertainty_marker': False, 'has_temporal_reference': False, 'mentions_action': False, 'mentions_system_state': False}",['block_execute'],"['investigate', 'summarize', 'ops']",['execute']
summarize the pod resource efficiency across namespaces,summarization,"{'is_question': False, 'question_word': None, 'has_imperative': False, 'imperative_verb': None, 'has_uncertainty_marker': False, 'has_temporal_reference': False, 'mentions_action': True, 'mentions_system_state': False}",[],"['investigate', 'execute', 'summarize', 'ops']",[]
reconfigure the reverse proxy routing rules,execution,"{'is_question': False, 'question_word': None, 'has_imperative': True, 'imperative_verb': 'reconfigure', 'has_uncertainty_marker': False, 'has_temporal_reference': False, 'mentions_action': True, 'mentions_system_state': False}",['allow_execute'],"['investigate', 'execute', 'summarize', 'ops']",[]
disable the deprecated api endpoint,execution,"{'is_question': False, 'question_word': None, 'has_imperative': False, 'imperative_verb': None, 'has_uncertainty_marker': False, 'has_temporal_reference': False, 'mentions_action': False, 'mentions_system_state': False}",[],"['investigate', 'execute', 'summarize', 'ops']",[]
look into the systemd service restart loop,investigate,"{'is_question': False, 'question_word': None, 'has_imperative': False, 'imperative_verb': None, 'has_uncertainty_marker': False, 'has_temporal_reference': False, 'mentions_action': True, 'mentions_system_state': False}",[],"['investigate', 'execute', 'summarize', 'ops']",[]
who is dante alighieri,out_of_scope,"{'is_question': True, 'question_word': 'who', 'has_imperative': False, 'imperative_verb': None, 'has_uncertainty_marker': False, 'has_temporal_reference': False, 'mentions_action': False, 'mentions_system_state': False}",['block_execute'],"['investigate', 'summarize', 'ops']",['execute']
give me a brief on the kubernetes cluster upgrade status,summarization,"{'is_question': False, 'question_word': None, 'has_imperative': False, 'imperative_verb': None, 'has_uncertainty_marker': False, 'has_temporal_reference': False, 'mentions_action': True, 'mentions_system_state': True}",[],"['investigate', 'execute', 'summarize', 'ops']",[]
who is thomas jefferson,out_of_scope,"{'is_question': True, 'question_word': 'who', 'has_imperative': False, 'imperative_verb': None, 'has_uncertainty_marker': False, 'has_temporal_reference': False, 'mentions_action': False, 'mentions_system_state': False}",['block_execute'],"['investigate', 'summarize', 'ops']",['execute']
investigate the cross-region replication delay,investigate,"{'is_question': False, 'question_word': None, 'has_imperative': False, 'imperative_verb': None, 'has_uncertainty_marker': False, 'has_temporal_reference': False, 'mentions_action': True, 'mentions_system_state': False}",[],"['investigate', 'execute', 'summarize', 'ops']",[]
give me a summary of the network policy audit findings,summarization,"{'is_question': False, 'question_word': None, 'has_imperative': False, 'imperative_verb': None, 'has_uncertainty_marker': False, 'has_temporal_reference': False, 'mentions_action': False, 'mentions_system_state': False}",[],"['investigate', 'execute', 'summarize', 'ops']",[]
what is the lifespan of a redwood tree,out_of_scope,"{'is_question': True, 'question_word': 'what', 'has_imperative': False, 'imperative_verb': None, 'has_uncertainty_marker': False, 'has_temporal_reference': False, 'mentions_action': False, 'mentions_system_state': False}",['block_execute'],"['investigate', 'summarize', 'ops']",['execute']
reset the admin password on the management console,execution,"{'is_question': False, 'question_word': None, 'has_imperative': False, 'imperative_verb': None, 'has_uncertainty_marker': False, 'has_temporal_reference': False, 'mentions_action': False, 'mentions_system_state': False}",[],"['investigate', 'execute', 'summarize', 'ops']",[]
who is rumi,out_of_scope,"{'is_question': True, 'question_word': 'who', 'has_imperative': False, 'imperative_verb': None, 'has_uncertainty_marker': False, 'has_temporal_reference': False, 'mentions_action': False, 'mentions_system_state': False}",['block_execute'],"['investigate', 'summarize', 'ops']",['execute']
provide a recap of the multi-tenancy isolation audit,summarization,"{'is_question': False, 'question_word': None, 'has_imperative': False, 'imperative_verb': None, 'has_uncertainty_marker': False, 'has_temporal_reference': False, 'mentions_action': False, 'mentions_system_state': False}",[],"['investigate', 'execute', 'summarize', 'ops']",[]
summarize the slo violation events this month,summarization,"{'is_question': False, 'question_word': None, 'has_imperative': False, 'imperative_verb': None, 'has_uncertainty_marker': False, 'has_temporal_reference': False, 'mentions_action': True, 'mentions_system_state': False}",[],"['investigate', 'execute', 'summarize', 'ops']",[]
analyze the performance degradation,investigate,"{'is_question': False, 'question_word': None, 'has_imperative': False, 'imperative_verb': None, 'has_uncertainty_marker': False, 'has_temporal_reference': False, 'mentions_action': False, 'mentions_system_state': False}",[],"['investigate', 'execute', 'summarize', 'ops']",[]
write a poem about servers,out_of_scope,"{'is_question': False, 'question_word': None, 'has_imperative': False, 'imperative_verb': None, 'has_uncertainty_marker': False, 'has_temporal_reference': False, 'mentions_action': False, 'mentions_system_state': False}",[],"['investigate', 'execute', 'summarize', 'ops']",[]
what is a red giant star,out_of_scope,"{'is_question': True, 'question_word': 'what', 'has_imperative': False, 'imperative_verb': None, 'has_uncertainty_marker': False, 'has_temporal_reference': False, 'mentions_action': False, 'mentions_system_state': False}",['block_execute'],"['investigate', 'summarize', 'ops']",['execute']
set the swappiness to zero on database hosts,execution,"{'is_question': False, 'question_word': None, 'has_imperative': False, 'imperative_verb': None, 'has_uncertainty_marker': False, 'has_temporal_reference': False, 'mentions_action': False, 'mentions_system_state': False}",[],"['investigate', 'execute', 'summarize', 'ops']",[]
why is the tracing collector losing spans,investigate,"{'is_question': True, 'question_word': 'why', 'has_imperative': False, 'imperative_verb': None, 'has_uncertainty_marker': False, 'has_temporal_reference': False, 'mentions_action': False, 'mentions_system_state': False}",['block_execute'],"['investigate', 'summarize', 'ops']",['execute']
decommission the old server from the cluster,execution,"{'is_question': False, 'question_word': None, 'has_imperative': False, 'imperative_verb': None, 'has_uncertainty_marker': False, 'has_temporal_reference': False, 'mentions_action': False, 'mentions_system_state': False}",[],"['investigate', 'execute', 'summarize', 'ops']",[]
taint the node to prevent general scheduling,execution,"{'is_question': False, 'question_word': None, 'has_imperative': False, 'imperative_verb': None, 'has_uncertainty_marker': False, 'has_temporal_reference': False, 'mentions_action': False, 'mentions_system_state': False}",[],"['investigate', 'execute', 'summarize', 'ops']",[]
what is marine biology,out_of_scope,"{'is_question': True, 'question_word': 'what', 'has_imperative': False, 'imperative_verb': None, 'has_uncertainty_marker': False, 'has_temporal_reference': False, 'mentions_action': False, 'mentions_system_state': False}",['block_execute'],"['investigate', 'summarize', 'ops']",['execute']
give me a brief on the edge cache performance,summarization,"{'is_question': False, 'question_word': None, 'has_imperative': False, 'imperative_verb': None, 'has_uncertainty_marker': False, 'has_temporal_reference': False, 'mentions_action': False, 'mentions_system_state': False}",[],"['investigate', 'execute', 'summarize', 'ops']",[]
provide a recap of the cloud provider incident impact,summarization,"{'is_question': False, 'question_word': None, 'has_imperative': False, 'imperative_verb': None, 'has_uncertainty_marker': False, 'has_temporal_reference': False, 'mentions_action': False, 'mentions_system_state': False}",[],"['investigate', 'execute', 'summarize', 'ops']",[]
give me an overview of the infrastructure tagging compliance,summarization,"{'is_question': False, 'question_word': None, 'has_imperative': False, 'imperative_verb': None, 'has_uncertainty_marker': False, 'has_temporal_reference': False, 'mentions_action': False, 'mentions_system_state': False}",[],"['investigate', 'execute', 'summarize', 'ops']",[]
how do I make candles,out_of_scope,"{'is_question': True, 'question_word': 'how', 'has_imperative': False, 'imperative_verb': None, 'has_uncertainty_marker': False, 'has_temporal_reference': False, 'mentions_action': False, 'mentions_system_state': False}",['block_execute'],"['investigate', 'summarize', 'ops']",['execute']
rotate the service account credentials,execution,"{'is_question': False, 'question_word': None, 'has_imperative': False, 'imperative_verb': None, 'has_uncertainty_marker': False, 'has_temporal_reference': False, 'mentions_action': False, 'mentions_system_state': False}",[],"['investigate', 'execute', 'summarize', 'ops']",[]
increase the max connections on the postgres primary,execution,"{'is_question': False, 'question_word': None, 'has_imperative': False, 'imperative_verb': None, 'has_uncertainty_marker': False, 'has_temporal_reference': False, 'mentions_action': False, 'mentions_system_state': False}",[],"['investigate', 'execute', 'summarize', 'ops']",[]
who wrote moby dick,out_of_scope,"{'is_question': True, 'question_word': 'who', 'has_imperative': False, 'imperative_verb': None, 'has_uncertainty_marker': False, 'has_temporal_reference': False, 'mentions_action': False, 'mentions_system_state': False}",['block_execute'],"['investigate', 'summarize', 'ops']",['execute']
enable the fault injection policy in the service mesh,execution,"{'is_question': False, 'question_word': None, 'has_imperative': False, 'imperative_verb': None, 'has_uncertainty_marker': False, 'has_temporal_reference': False, 'mentions_action': False, 'mentions_system_state': False}",[],"['investigate', 'execute', 'summarize', 'ops']",[]
how can I learn spanish,out_of_scope,"{'is_question': True, 'question_word': 'how', 'has_imperative': False, 'imperative_verb': None, 'has_uncertainty_marker': False, 'has_temporal_reference': False, 'mentions_action': False, 'mentions_system_state': False}",['block_execute'],"['investigate', 'summarize', 'ops']",['execute']
analyze the impact of schema change on query performance,investigate,"{'is_question': False, 'question_word': None, 'has_imperative': False, 'imperative_verb': None, 'has_uncertainty_marker': False, 'has_temporal_reference': False, 'mentions_action': False, 'mentions_system_state': False}",[],"['investigate', 'execute', 'summarize', 'ops']",[]
tell me about stonehenge,out_of_scope,"{'is_question': False, 'question_word': None, 'has_imperative': False, 'imperative_verb': None, 'has_uncertainty_marker': False, 'has_temporal_reference': False, 'mentions_action': False, 'mentions_system_state': False}",[],"['investigate', 'execute', 'summarize', 'ops']",[]
tell me about the iron age,out_of_scope,"{'is_question': False, 'question_word': None, 'has_imperative': False, 'imperative_verb': None, 'has_uncertainty_marker': False, 'has_temporal_reference': False, 'mentions_action': False, 'mentions_system_state': False}",[],"['investigate', 'execute', 'summarize', 'ops']",[]
configure the grpc timeout on the proxy layer,execution,"{'is_question': False, 'question_word': None, 'has_imperative': False, 'imperative_verb': None, 'has_uncertainty_marker': False, 'has_temporal_reference': False, 'mentions_action': False, 'mentions_system_state': False}",[],"['investigate', 'execute', 'summarize', 'ops']",[]
tell me about volcanoes,out_of_scope,"{'is_question': False, 'question_word': None, 'has_imperative': False, 'imperative_verb': None, 'has_uncertainty_marker': False, 'has_temporal_reference': False, 'mentions_action': False, 'mentions_system_state': False}",[],"['investigate', 'execute', 'summarize', 'ops']",[]
investigate the unexpected pod termination,investigate,"{'is_question': False, 'question_word': None, 'has_imperative': False, 'imperative_verb': None, 'has_uncertainty_marker': False, 'has_temporal_reference': False, 'mentions_action': True, 'mentions_system_state': False}",[],"['investigate', 'execute', 'summarize', 'ops']",[]
what is ecological succession,out_of_scope,"{'is_question': True, 'question_word': 'what', 'has_imperative': False, 'imperative_verb': None, 'has_uncertainty_marker': False, 'has_temporal_reference': False, 'mentions_action': False, 'mentions_system_state': False}",['block_execute'],"['investigate', 'summarize', 'ops']",['execute']
investigate the abnormal tls session ticket rotation rate,investigate,"{'is_question': False, 'question_word': None, 'has_imperative': False, 'imperative_verb': None, 'has_uncertainty_marker': False, 'has_temporal_reference': False, 'mentions_action': True, 'mentions_system_state': False}",[],"['investigate', 'execute', 'summarize', 'ops']",[]
what caused the routing table mismatch between zones,investigate,"{'is_question': True, 'question_word': 'what', 'has_imperative': False, 'imperative_verb': None, 'has_uncertainty_marker': False, 'has_temporal_reference': False, 'mentions_action': False, 'mentions_system_state': False}",['block_execute'],"['investigate', 'summarize', 'ops']",['execute']
how do I do origami,out_of_scope,"{'is_question': True, 'question_word': 'how', 'has_imperative': False, 'imperative_verb': None, 'has_uncertainty_marker': False, 'has_temporal_reference': False, 'mentions_action': False, 'mentions_system_state': False}",['block_execute'],"['investigate', 'summarize', 'ops']",['execute']
investigate the missing index causing full table scans,investigate,"{'is_question': False, 'question_word': None, 'has_imperative': False, 'imperative_verb': None, 'has_uncertainty_marker': False, 'has_temporal_reference': False, 'mentions_action': True, 'mentions_system_state': False}",[],"['investigate', 'execute', 'summarize', 'ops']",[]
what is a meteor shower,out_of_scope,"{'is_question': True, 'question_word': 'what', 'has_imperative': False, 'imperative_verb': None, 'has_uncertainty_marker': False, 'has_temporal_reference': False, 'mentions_action': True, 'mentions_system_state': False}",['block_execute'],"['investigate', 'summarize', 'ops']",['execute']
give me a high-level overview of what happened today,summarization,"{'is_question': False, 'question_word': None, 'has_imperative': False, 'imperative_verb': None, 'has_uncertainty_marker': False, 'has_temporal_reference': True, 'mentions_action': False, 'mentions_system_state': False}",[],"['investigate', 'execute', 'summarize', 'ops']",[]
configure the retry budget on the service,execution,"{'is_question': False, 'question_word': None, 'has_imperative': False, 'imperative_verb': None, 'has_uncertainty_marker': False, 'has_temporal_reference': False, 'mentions_action': False, 'mentions_system_state': False}",[],"['investigate', 'execute', 'summarize', 'ops']",[]
summarize the cold storage archival progress,summarization,"{'is_question': False, 'question_word': None, 'has_imperative': False, 'imperative_verb': None, 'has_uncertainty_marker': False, 'has_temporal_reference': False, 'mentions_action': True, 'mentions_system_state': False}",[],"['investigate', 'execute', 'summarize', 'ops']",[]
analyze the correlation between load and response times,investigate,"{'is_question': False, 'question_word': None, 'has_imperative': False, 'imperative_verb': None, 'has_uncertainty_marker': False, 'has_temporal_reference': False, 'mentions_action': False, 'mentions_system_state': False}",[],"['investigate', 'execute', 'summarize', 'ops']",[]
tell me about the great depression,out_of_scope,"{'is_question': False, 'question_word': None, 'has_imperative': False, 'imperative_verb': None, 'has_uncertainty_marker': False, 'has_temporal_reference': False, 'mentions_action': False, 'mentions_system_state': False}",[],"['investigate', 'execute', 'summarize', 'ops']",[]
give me a summary of the patch management status,summarization,"{'is_question': False, 'question_word': None, 'has_imperative': False, 'imperative_verb': None, 'has_uncertainty_marker': False, 'has_temporal_reference': False, 'mentions_action': True, 'mentions_system_state': True}",[],"['investigate', 'execute', 'summarize', 'ops']",[]
create the service account with least privilege,execution,"{'is_question': False, 'question_word': None, 'has_imperative': False, 'imperative_verb': None, 'has_uncertainty_marker': False, 'has_temporal_reference': False, 'mentions_action': False, 'mentions_system_state': False}",[],"['investigate', 'execute', 'summarize', 'ops']",[]
check what is causing the connection saturation on api,investigate,"{'is_question': False, 'question_word': None, 'has_imperative': False, 'imperative_verb': None, 'has_uncertainty_marker': False, 'has_temporal_reference': False, 'mentions_action': True, 'mentions_system_state': False}",[],"['investigate', 'execute', 'summarize', 'ops']",[]
investigate the stalled compaction job on rocksdb,investigate,"{'is_question': False, 'question_word': None, 'has_imperative': False, 'imperative_verb': None, 'has_uncertainty_marker': False, 'has_temporal_reference': False, 'mentions_action': True, 'mentions_system_state': False}",[],"['investigate', 'execute', 'summarize', 'ops']",[]
enable the response caching on the graphql layer,execution,"{'is_question': False, 'question_word': None, 'has_imperative': False, 'imperative_verb': None, 'has_uncertainty_marker': False, 'has_temporal_reference': False, 'mentions_action': False, 'mentions_system_state': False}",[],"['investigate', 'execute', 'summarize', 'ops']",[]
apply the pod security admission config,execution,"{'is_question': False, 'question_word': None, 'has_imperative': True, 'imperative_verb': 'apply', 'has_uncertainty_marker': False, 'has_temporal_reference': False, 'mentions_action': True, 'mentions_system_state': False}",['allow_execute'],"['investigate', 'execute', 'summarize', 'ops']",[]
how do I make mozzarella,out_of_scope,"{'is_question': True, 'question_word': 'how', 'has_imperative': False, 'imperative_verb': None, 'has_uncertainty_marker': False, 'has_temporal_reference': False, 'mentions_action': False, 'mentions_system_state': False}",['block_execute'],"['investigate', 'summarize', 'ops']",['execute']
summarize the integration test results from latest build,summarization,"{'is_question': False, 'question_word': None, 'has_imperative': False, 'imperative_verb': None, 'has_uncertainty_marker': False, 'has_temporal_reference': False, 'mentions_action': True, 'mentions_system_state': False}",[],"['investigate', 'execute', 'summarize', 'ops']",[]
provide a recap of the weekly change freeze exceptions,summarization,"{'is_question': False, 'question_word': None, 'has_imperative': False, 'imperative_verb': None, 'has_uncertainty_marker': False, 'has_temporal_reference': False, 'mentions_action': False, 'mentions_system_state': False}",[],"['investigate', 'execute', 'summarize', 'ops']",[]
who wrote don quixote,out_of_scope,"{'is_question': True, 'question_word': 'who', 'has_imperative': False, 'imperative_verb': None, 'has_uncertainty_marker': False, 'has_temporal_reference': False, 'mentions_action': False, 'mentions_system_state': False}",['block_execute'],"['investigate', 'summarize', 'ops']",['execute']
how do I build a birdfeeder,out_of_scope,"{'is_question': True, 'question_word': 'how', 'has_imperative': False, 'imperative_verb': None, 'has_uncertainty_marker': False, 'has_temporal_reference': False, 'mentions_action': False, 'mentions_system_state': False}",['block_execute'],"['investigate', 'summarize', 'ops']",['execute']
delete the orphaned persistent volume claim,execution,"{'is_question': False, 'question_word': None, 'has_imperative': True, 'imperative_verb': 'delete', 'has_uncertainty_marker': False, 'has_temporal_reference': False, 'mentions_action': True, 'mentions_system_state': False}",['allow_execute'],"['investigate', 'execute', 'summarize', 'ops']",[]
investigate the network partition between zones,investigate,"{'is_question': False, 'question_word': None, 'has_imperative': False, 'imperative_verb': None, 'has_uncertainty_marker': False, 'has_temporal_reference': False, 'mentions_action': True, 'mentions_system_state': False}",[],"['investigate', 'execute', 'summarize', 'ops']",[]
analyze the fan-in bottleneck in the aggregation layer,investigate,"{'is_question': False, 'question_word': None, 'has_imperative': False, 'imperative_verb': None, 'has_uncertainty_marker': False, 'has_temporal_reference': False, 'mentions_action': False, 'mentions_system_state': False}",[],"['investigate', 'execute', 'summarize', 'ops']",[]
how do I make kimchi,out_of_scope,"{'is_question': True, 'question_word': 'how', 'has_imperative': False, 'imperative_verb': None, 'has_uncertainty_marker': False, 'has_temporal_reference': False, 'mentions_action': False, 'mentions_system_state': False}",['block_execute'],"['investigate', 'summarize', 'ops']",['execute']
check why the autoscaler is not triggering,investigate,"{'is_question': False, 'question_word': None, 'has_imperative': False, 'imperative_verb': None, 'has_uncertainty_marker': False, 'has_temporal_reference': False, 'mentions_action': True, 'mentions_system_state': False}",[],"['investigate', 'execute', 'summarize', 'ops']",[]
summarize the distributed cache hit rate by region,summarization,"{'is_question': False, 'question_word': None, 'has_imperative': False, 'imperative_verb': None, 'has_uncertainty_marker': False, 'has_temporal_reference': False, 'mentions_action': True, 'mentions_system_state': False}",[],"['investigate', 'execute', 'summarize', 'ops']",[]
check why cron jobs are failing,investigate,"{'is_question': False, 'question_word': None, 'has_imperative': False, 'imperative_verb': None, 'has_uncertainty_marker': False, 'has_temporal_reference': False, 'mentions_action': True, 'mentions_system_state': True}",[],"['investigate', 'execute', 'summarize', 'ops']",[]
check why the reverse proxy is dropping headers,investigate,"{'is_question': False, 'question_word': None, 'has_imperative': False, 'imperative_verb': None, 'has_uncertainty_marker': False, 'has_temporal_reference': False, 'mentions_action': True, 'mentions_system_state': False}",[],"['investigate', 'execute', 'summarize', 'ops']",[]
configure the ipvs load balancing mode on the node,execution,"{'is_question': False, 'question_word': None, 'has_imperative': False, 'imperative_verb': None, 'has_uncertainty_marker': False, 'has_temporal_reference': False, 'mentions_action': False, 'mentions_system_state': False}",[],"['investigate', 'execute', 'summarize', 'ops']",[]
who is michelangelo,out_of_scope,"{'is_question': True, 'question_word': 'who', 'has_imperative': False, 'imperative_verb': None, 'has_uncertainty_marker': False, 'has_temporal_reference': False, 'mentions_action': False, 'mentions_system_state': False}",['block_execute'],"['investigate', 'summarize', 'ops']",['execute']
investigate the shard imbalance in the search cluster,investigate,"{'is_question': False, 'question_word': None, 'has_imperative': False, 'imperative_verb': None, 'has_uncertainty_marker': False, 'has_temporal_reference': False, 'mentions_action': True, 'mentions_system_state': False}",[],"['investigate', 'execute', 'summarize', 'ops']",[]
who wrote hamlet,out_of_scope,"{'is_question': True, 'question_word': 'who', 'has_imperative': False, 'imperative_verb': None, 'has_uncertainty_marker': False, 'has_temporal_reference': False, 'mentions_action': False, 'mentions_system_state': False}",['block_execute'],"['investigate', 'summarize', 'ops']",['execute']
what is a quasar,out_of_scope,"{'is_question': True, 'question_word': 'what', 'has_imperative': False, 'imperative_verb': None, 'has_uncertainty_marker': False, 'has_temporal_reference': False, 'mentions_action': False, 'mentions_system_state': False}",['block_execute'],"['investigate', 'summarize', 'ops']",['execute']
provide a brief on the infrastructure costs this quarter,summarization,"{'is_question': False, 'question_word': None, 'has_imperative': False, 'imperative_verb': None, 'has_uncertainty_marker': False, 'has_temporal_reference': False, 'mentions_action': False, 'mentions_system_state': False}",[],"['investigate', 'execute', 'summarize', 'ops']",[]
summarize the performance optimization results,summarization,"{'is_question': False, 'question_word': None, 'has_imperative': False, 'imperative_verb': None, 'has_uncertainty_marker': False, 'has_temporal_reference': False, 'mentions_action': True, 'mentions_system_state': False}",[],"['investigate', 'execute', 'summarize', 'ops']",[]
configure the adaptive concurrency limit,execution,"{'is_question': False, 'question_word': None, 'has_imperative': False, 'imperative_verb': None, 'has_uncertainty_marker': False, 'has_temporal_reference': False, 'mentions_action': False, 'mentions_system_state': False}",[],"['investigate', 'execute', 'summarize', 'ops']",[]
rotate the database master password,execution,"{'is_question': False, 'question_word': None, 'has_imperative': False, 'imperative_verb': None, 'has_uncertainty_marker': False, 'has_temporal_reference': False, 'mentions_action': False, 'mentions_system_state': False}",[],"['investigate', 'execute', 'summarize', 'ops']",[]
analyze the rollout pause caused by failed canary metrics,investigate,"{'is_question': False, 'question_word': None, 'has_imperative': False, 'imperative_verb': None, 'has_uncertainty_marker': False, 'has_temporal_reference': False, 'mentions_action': False, 'mentions_system_state': True}",[],"['investigate', 'execute', 'summarize', 'ops']",[]
who wrote the divine comedy,out_of_scope,"{'is_question': True, 'question_word': 'who', 'has_imperative': False, 'imperative_verb': None, 'has_uncertainty_marker': False, 'has_temporal_reference': False, 'mentions_action': False, 'mentions_system_state': False}",['block_execute'],"['investigate', 'summarize', 'ops']",['execute']
how do I dance,out_of_scope,"{'is_question': True, 'question_word': 'how', 'has_imperative': False, 'imperative_verb': None, 'has_uncertainty_marker': False, 'has_temporal_reference': False, 'mentions_action': False, 'mentions_system_state': False}",['block_execute'],"['investigate', 'summarize', 'ops']",['execute']
what is the capital of japan,out_of_scope,"{'is_question': True, 'question_word': 'what', 'has_imperative': False, 'imperative_verb': None, 'has_uncertainty_marker': False, 'has_temporal_reference': False, 'mentions_action': False, 'mentions_system_state': False}",['block_execute'],"['investigate', 'summarize', 'ops']",['execute']
why is the cache invalidation not propagating,investigate,"{'is_question': True, 'question_word': 'why', 'has_imperative': False, 'imperative_verb': None, 'has_uncertainty_marker': False, 'has_temporal_reference': False, 'mentions_action': False, 'mentions_system_state': False}",['block_execute'],"['investigate', 'summarize', 'ops']",['execute']
drain connections gracefully,execution,"{'is_question': False, 'question_word': None, 'has_imperative': False, 'imperative_verb': None, 'has_uncertainty_marker': False, 'has_temporal_reference': False, 'mentions_action': False, 'mentions_system_state': False}",[],"['investigate', 'execute', 'summarize', 'ops']",[]
check what's causing the bottleneck,investigate,"{'is_question': False, 'question_word': None, 'has_imperative': False, 'imperative_verb': None, 'has_uncertainty_marker': False, 'has_temporal_reference': False, 'mentions_action': True, 'mentions_system_state': False}",[],"['investigate', 'execute', 'summarize', 'ops']",[]
check why prometheus is showing no data,investigate,"{'is_question': False, 'question_word': None, 'has_imperative': False, 'imperative_verb': None, 'has_uncertainty_marker': False, 'has_temporal_reference': False, 'mentions_action': True, 'mentions_system_state': False}",[],"['investigate', 'execute', 'summarize', 'ops']",[]
what is causing the oauth token refresh failures,investigate,"{'is_question': True, 'question_word': 'what', 'has_imperative': False, 'imperative_verb': None, 'has_uncertainty_marker': False, 'has_temporal_reference': False, 'mentions_action': False, 'mentions_system_state': True}","['block_execute', 'require_diagnostic_investigate']","['investigate', 'summarize', 'ops']",['execute']
tell me about the league of nations,out_of_scope,"{'is_question': False, 'question_word': None, 'has_imperative': False, 'imperative_verb': None, 'has_uncertainty_marker': False, 'has_temporal_reference': False, 'mentions_action': False, 'mentions_system_state': False}",[],"['investigate', 'execute', 'summarize', 'ops']",[]
investigate the message fanout causing consumer lag,investigate,"{'is_question': False, 'question_word': None, 'has_imperative': False, 'imperative_verb': None, 'has_uncertainty_marker': False, 'has_temporal_reference': False, 'mentions_action': True, 'mentions_system_state': False}",[],"['investigate', 'execute', 'summarize', 'ops']",[]
enable the software bill of materials generation,execution,"{'is_question': False, 'question_word': None, 'has_imperative': False, 'imperative_verb': None, 'has_uncertainty_marker': False, 'has_temporal_reference': False, 'mentions_action': False, 'mentions_system_state': False}",[],"['investigate', 'execute', 'summarize', 'ops']",[]
disable the auto-scaling for the maintenance window,execution,"{'is_question': False, 'question_word': None, 'has_imperative': False, 'imperative_verb': None, 'has_uncertainty_marker': False, 'has_temporal_reference': False, 'mentions_action': False, 'mentions_system_state': False}",[],"['investigate', 'execute', 'summarize', 'ops']",[]
what are the best hiking trails in europe,out_of_scope,"{'is_question': True, 'question_word': 'what', 'has_imperative': False, 'imperative_verb': None, 'has_uncertainty_marker': False, 'has_temporal_reference': False, 'mentions_action': False, 'mentions_system_state': False}",['block_execute'],"['investigate', 'summarize', 'ops']",['execute']
what is the deepest ocean,out_of_scope,"{'is_question': True, 'question_word': 'what', 'has_imperative': False, 'imperative_verb': None, 'has_uncertainty_marker': False, 'has_temporal_reference': False, 'mentions_action': False, 'mentions_system_state': False}",['block_execute'],"['investigate', 'summarize', 'ops']",['execute']
summarize cluster health,summarization,"{'is_question': False, 'question_word': None, 'has_imperative': False, 'imperative_verb': None, 'has_uncertainty_marker': False, 'has_temporal_reference': False, 'mentions_action': True, 'mentions_system_state': False}",[],"['investigate', 'execute', 'summarize', 'ops']",[]
analyze network latency issues,investigate,"{'is_question': False, 'question_word': None, 'has_imperative': False, 'imperative_verb': None, 'has_uncertainty_marker': False, 'has_temporal_reference': False, 'mentions_action': False, 'mentions_system_state': True}",[],"['investigate', 'execute', 'summarize', 'ops']",[]
import the existing resource into the terraform state,execution,"{'is_question': False, 'question_word': None, 'has_imperative': False, 'imperative_verb': None, 'has_uncertainty_marker': False, 'has_temporal_reference': False, 'mentions_action': False, 'mentions_system_state': False}",[],"['investigate', 'execute', 'summarize', 'ops']",[]
tell me about the phoenicians,out_of_scope,"{'is_question': False, 'question_word': None, 'has_imperative': False, 'imperative_verb': None, 'has_uncertainty_marker': False, 'has_temporal_reference': False, 'mentions_action': False, 'mentions_system_state': False}",[],"['investigate', 'execute', 'summarize', 'ops']",[]
delete the datadog monitors that are no longer valid,execution,"{'is_question': False, 'question_word': None, 'has_imperative': True, 'imperative_verb': 'delete', 'has_uncertainty_marker': False, 'has_temporal_reference': False, 'mentions_action': True, 'mentions_system_state': False}",['allow_execute'],"['investigate', 'execute', 'summarize', 'ops']",[]
scale down resources,execution,"{'is_question': False, 'question_word': None, 'has_imperative': True, 'imperative_verb': 'scale', 'has_uncertainty_marker': False, 'has_temporal_reference': False, 'mentions_action': True, 'mentions_system_state': True}",['allow_execute'],"['investigate', 'execute', 'summarize', 'ops']",[]
tune the jvm garbage collector flags,execution,"{'is_question': False, 'question_word': None, 'has_imperative': False, 'imperative_verb': None, 'has_uncertainty_marker': False, 'has_temporal_reference': False, 'mentions_action': False, 'mentions_system_state': False}",[],"['investigate', 'execute', 'summarize', 'ops']",[]
can you sing a song,out_of_scope,"{'is_question': False, 'question_word': None, 'has_imperative': False, 'imperative_verb': None, 'has_uncertainty_marker': False, 'has_temporal_reference': False, 'mentions_action': False, 'mentions_system_state': False}",[],"['investigate', 'execute', 'summarize', 'ops']",[]
apply the log parsing rule update to the pipeline,execution,"{'is_question': False, 'question_word': None, 'has_imperative': True, 'imperative_verb': 'apply', 'has_uncertainty_marker': False, 'has_temporal_reference': False, 'mentions_action': True, 'mentions_system_state': False}",['allow_execute'],"['investigate', 'execute', 'summarize', 'ops']",[]
set the timeout policy for the external api call,execution,"{'is_question': False, 'question_word': None, 'has_imperative': False, 'imperative_verb': None, 'has_uncertainty_marker': False, 'has_temporal_reference': False, 'mentions_action': False, 'mentions_system_state': False}",[],"['investigate', 'execute', 'summarize', 'ops']",[]
tell me about koalas,out_of_scope,"{'is_question': False, 'question_word': None, 'has_imperative': False, 'imperative_verb': None, 'has_uncertainty_marker': False, 'has_temporal_reference': False, 'mentions_action': False, 'mentions_system_state': False}",[],"['investigate', 'execute', 'summarize', 'ops']",[]
why is the ssl offloader causing increased latency,investigate,"{'is_question': True, 'question_word': 'why', 'has_imperative': False, 'imperative_verb': None, 'has_uncertainty_marker': False, 'has_temporal_reference': False, 'mentions_action': False, 'mentions_system_state': True}","['block_execute', 'require_diagnostic_investigate']","['investigate', 'summarize', 'ops']",['execute']
check the dead letter queue accumulation,investigate,"{'is_question': False, 'question_word': None, 'has_imperative': False, 'imperative_verb': None, 'has_uncertainty_marker': False, 'has_temporal_reference': False, 'mentions_action': True, 'mentions_system_state': False}",[],"['investigate', 'execute', 'summarize', 'ops']",[]
restart the cron scheduler service,execution,"{'is_question': False, 'question_word': None, 'has_imperative': True, 'imperative_verb': 'restart', 'has_uncertainty_marker': False, 'has_temporal_reference': False, 'mentions_action': True, 'mentions_system_state': False}",['allow_execute'],"['investigate', 'execute', 'summarize', 'ops']",[]
investigate the repeated auth token expiry in logs,investigate,"{'is_question': False, 'question_word': None, 'has_imperative': False, 'imperative_verb': None, 'has_uncertainty_marker': False, 'has_temporal_reference': False, 'mentions_action': True, 'mentions_system_state': False}",[],"['investigate', 'execute', 'summarize', 'ops']",[]
summarize the service restart count by host,summarization,"{'is_question': False, 'question_word': None, 'has_imperative': False, 'imperative_verb': None, 'has_uncertainty_marker': False, 'has_temporal_reference': False, 'mentions_action': True, 'mentions_system_state': False}",[],"['investigate', 'execute', 'summarize', 'ops']",[]
what is the population of brazil,out_of_scope,"{'is_question': True, 'question_word': 'what', 'has_imperative': False, 'imperative_verb': None, 'has_uncertainty_marker': False, 'has_temporal_reference': False, 'mentions_action': False, 'mentions_system_state': False}",['block_execute'],"['investigate', 'summarize', 'ops']",['execute']
apply the seccomp profile to the container,execution,"{'is_question': False, 'question_word': None, 'has_imperative': True, 'imperative_verb': 'apply', 'has_uncertainty_marker': False, 'has_temporal_reference': False, 'mentions_action': True, 'mentions_system_state': False}",['allow_execute'],"['investigate', 'execute', 'summarize', 'ops']",[]
trigger the zfs scrub on the storage pool,execution,"{'is_question': False, 'question_word': None, 'has_imperative': False, 'imperative_verb': None, 'has_uncertainty_marker': False, 'has_temporal_reference': False, 'mentions_action': False, 'mentions_system_state': False}",[],"['investigate', 'execute', 'summarize', 'ops']",[]
analyze the open file handle count on prod servers,investigate,"{'is_question': False, 'question_word': None, 'has_imperative': False, 'imperative_verb': None, 'has_uncertainty_marker': False, 'has_temporal_reference': False, 'mentions_action': False, 'mentions_system_state': False}",[],"['investigate', 'execute', 'summarize', 'ops']",[]
what is the water cycle,out_of_scope,"{'is_question': True, 'question_word': 'what', 'has_imperative': False, 'imperative_verb': None, 'has_uncertainty_marker': False, 'has_temporal_reference': False, 'mentions_action': False, 'mentions_system_state': False}",['block_execute'],"['investigate', 'summarize', 'ops']",['execute']
what is geology,out_of_scope,"{'is_question': True, 'question_word': 'what', 'has_imperative': False, 'imperative_verb': None, 'has_uncertainty_marker': False, 'has_temporal_reference': False, 'mentions_action': False, 'mentions_system_state': False}",['block_execute'],"['investigate', 'summarize', 'ops']",['execute']
flush the arp cache on the router,execution,"{'is_question': False, 'question_word': None, 'has_imperative': False, 'imperative_verb': None, 'has_uncertainty_marker': False, 'has_temporal_reference': False, 'mentions_action': False, 'mentions_system_state': False}",[],"['investigate', 'execute', 'summarize', 'ops']",[]
configure the alertmanager routing rules,execution,"{'is_question': False, 'question_word': None, 'has_imperative': False, 'imperative_verb': None, 'has_uncertainty_marker': False, 'has_temporal_reference': False, 'mentions_action': False, 'mentions_system_state': False}",[],"['investigate', 'execute', 'summarize', 'ops']",[]
configure the hugepage allocation at boot,execution,"{'is_question': False, 'question_word': None, 'has_imperative': False, 'imperative_verb': None, 'has_uncertainty_marker': False, 'has_temporal_reference': False, 'mentions_action': False, 'mentions_system_state': False}",[],"['investigate', 'execute', 'summarize', 'ops']",[]
apply the sbom attestation to the build,execution,"{'is_question': False, 'question_word': None, 'has_imperative': True, 'imperative_verb': 'apply', 'has_uncertainty_marker': False, 'has_temporal_reference': False, 'mentions_action': True, 'mentions_system_state': False}",['allow_execute'],"['investigate', 'execute', 'summarize', 'ops']",[]
summarize the resource quota consumption by namespace,summarization,"{'is_question': False, 'question_word': None, 'has_imperative': False, 'imperative_verb': None, 'has_uncertainty_marker': False, 'has_temporal_reference': False, 'mentions_action': True, 'mentions_system_state': False}",[],"['investigate', 'execute', 'summarize', 'ops']",[]
create a configmap from the updated settings file,execution,"{'is_question': False, 'question_word': None, 'has_imperative': False, 'imperative_verb': None, 'has_uncertainty_marker': False, 'has_temporal_reference': False, 'mentions_action': True, 'mentions_system_state': False}",[],"['investigate', 'execute', 'summarize', 'ops']",[]
what is dark matter,out_of_scope,"{'is_question': True, 'question_word': 'what', 'has_imperative': False, 'imperative_verb': None, 'has_uncertainty_marker': False, 'has_temporal_reference': False, 'mentions_action': False, 'mentions_system_state': False}",['block_execute'],"['investigate', 'summarize', 'ops']",['execute']
what is causing the spike in connection establishment time,investigate,"{'is_question': True, 'question_word': 'what', 'has_imperative': False, 'imperative_verb': None, 'has_uncertainty_marker': False, 'has_temporal_reference': False, 'mentions_action': False, 'mentions_system_state': True}","['block_execute', 'require_diagnostic_investigate']","['investigate', 'summarize', 'ops']",['execute']
check the anomaly in the request rate pattern,investigate,"{'is_question': False, 'question_word': None, 'has_imperative': False, 'imperative_verb': None, 'has_uncertainty_marker': False, 'has_temporal_reference': False, 'mentions_action': True, 'mentions_system_state': False}",[],"['investigate', 'execute', 'summarize', 'ops']",[]
what caused the burst in disk writes,investigate,"{'is_question': True, 'question_word': 'what', 'has_imperative': False, 'imperative_verb': None, 'has_uncertainty_marker': False, 'has_temporal_reference': False, 'mentions_action': False, 'mentions_system_state': False}",['block_execute'],"['investigate', 'summarize', 'ops']",['execute']
what is the meaning of life,out_of_scope,"{'is_question': True, 'question_word': 'what', 'has_imperative': False, 'imperative_verb': None, 'has_uncertainty_marker': False, 'has_temporal_reference': False, 'mentions_action': False, 'mentions_system_state': False}",['block_execute'],"['investigate', 'summarize', 'ops']",['execute']
deploy the sidecar proxy to all pods,execution,"{'is_question': False, 'question_word': None, 'has_imperative': True, 'imperative_verb': 'deploy', 'has_uncertainty_marker': False, 'has_temporal_reference': False, 'mentions_action': True, 'mentions_system_state': False}",['allow_execute'],"['investigate', 'execute', 'summarize', 'ops']",[]
what triggered the auto-scaling event,investigate,"{'is_question': True, 'question_word': 'what', 'has_imperative': False, 'imperative_verb': None, 'has_uncertainty_marker': False, 'has_temporal_reference': False, 'mentions_action': False, 'mentions_system_state': False}",['block_execute'],"['investigate', 'summarize', 'ops']",['execute']
summarize the release rollback frequency and causes,summarization,"{'is_question': False, 'question_word': None, 'has_imperative': False, 'imperative_verb': None, 'has_uncertainty_marker': False, 'has_temporal_reference': False, 'mentions_action': True, 'mentions_system_state': False}",[],"['investigate', 'execute', 'summarize', 'ops']",[]
provide a brief on the network bandwidth usage,summarization,"{'is_question': False, 'question_word': None, 'has_imperative': False, 'imperative_verb': None, 'has_uncertainty_marker': False, 'has_temporal_reference': False, 'mentions_action': False, 'mentions_system_state': False}",[],"['investigate', 'execute', 'summarize', 'ops']",[]
enable request throttling,execution,"{'is_question': False, 'question_word': None, 'has_imperative': False, 'imperative_verb': None, 'has_uncertainty_marker': False, 'has_temporal_reference': False, 'mentions_action': False, 'mentions_system_state': False}",[],"['investigate', 'execute', 'summarize', 'ops']",[]
enable the tcp fast open on the server,execution,"{'is_question': False, 'question_word': None, 'has_imperative': False, 'imperative_verb': None, 'has_uncertainty_marker': False, 'has_temporal_reference': False, 'mentions_action': False, 'mentions_system_state': False}",[],"['investigate', 'execute', 'summarize', 'ops']",[]
who is confucius,out_of_scope,"{'is_question': True, 'question_word': 'who', 'has_imperative': False, 'imperative_verb': None, 'has_uncertainty_marker': False, 'has_temporal_reference': False, 'mentions_action': False, 'mentions_system_state': False}",['block_execute'],"['investigate', 'summarize', 'ops']",['execute']
give me an overview of the dependency health status,summarization,"{'is_question': False, 'question_word': None, 'has_imperative': False, 'imperative_verb': None, 'has_uncertainty_marker': False, 'has_temporal_reference': False, 'mentions_action': False, 'mentions_system_state': True}",[],"['investigate', 'execute', 'summarize', 'ops']",[]
how do I make beef jerky,out_of_scope,"{'is_question': True, 'question_word': 'how', 'has_imperative': False, 'imperative_verb': None, 'has_uncertainty_marker': False, 'has_temporal_reference': False, 'mentions_action': False, 'mentions_system_state': False}",['block_execute'],"['investigate', 'summarize', 'ops']",['execute']
how do I fly a kite,out_of_scope,"{'is_question': True, 'question_word': 'how', 'has_imperative': False, 'imperative_verb': None, 'has_uncertainty_marker': False, 'has_temporal_reference': False, 'mentions_action': False, 'mentions_system_state': False}",['block_execute'],"['investigate', 'summarize', 'ops']",['execute']
look into the storage IOPS issue,investigate,"{'is_question': False, 'question_word': None, 'has_imperative': False, 'imperative_verb': None, 'has_uncertainty_marker': False, 'has_temporal_reference': False, 'mentions_action': False, 'mentions_system_state': False}",[],"['investigate', 'execute', 'summarize', 'ops']",[]
investigate the certificate authority chain trust failure,investigate,"{'is_question': False, 'question_word': None, 'has_imperative': False, 'imperative_verb': None, 'has_uncertainty_marker': False, 'has_temporal_reference': False, 'mentions_action': True, 'mentions_system_state': True}",[],"['investigate', 'execute', 'summarize', 'ops']",[]
summarize the number of open vulnerabilities by severity,summarization,"{'is_question': False, 'question_word': None, 'has_imperative': False, 'imperative_verb': None, 'has_uncertainty_marker': False, 'has_temporal_reference': False, 'mentions_action': True, 'mentions_system_state': False}",[],"['investigate', 'execute', 'summarize', 'ops']",[]
what is the big bang theory,out_of_scope,"{'is_question': True, 'question_word': 'what', 'has_imperative': False, 'imperative_verb': None, 'has_uncertainty_marker': False, 'has_temporal_reference': False, 'mentions_action': False, 'mentions_system_state': False}",['block_execute'],"['investigate', 'summarize', 'ops']",['execute']
run the compliance scan on all servers,execution,"{'is_question': False, 'question_word': None, 'has_imperative': False, 'imperative_verb': None, 'has_uncertainty_marker': False, 'has_temporal_reference': False, 'mentions_action': False, 'mentions_system_state': False}",[],"['investigate', 'execute', 'summarize', 'ops']",[]
investigate connection pool exhaustion,investigate,"{'is_question': False, 'question_word': None, 'has_imperative': False, 'imperative_verb': None, 'has_uncertainty_marker': False, 'has_temporal_reference': False, 'mentions_action': True, 'mentions_system_state': False}",[],"['investigate', 'execute', 'summarize', 'ops']",[]
investigate the permission denied errors in logs,investigate,"{'is_question': False, 'question_word': None, 'has_imperative': False, 'imperative_verb': None, 'has_uncertainty_marker': False, 'has_temporal_reference': False, 'mentions_action': True, 'mentions_system_state': True}",[],"['investigate', 'execute', 'summarize', 'ops']",[]
what is a nebula,out_of_scope,"{'is_question': True, 'question_word': 'what', 'has_imperative': False, 'imperative_verb': None, 'has_uncertainty_marker': False, 'has_temporal_reference': False, 'mentions_action': False, 'mentions_system_state': False}",['block_execute'],"['investigate', 'summarize', 'ops']",['execute']
provide a brief on the alerting rule coverage gaps,summarization,"{'is_question': False, 'question_word': None, 'has_imperative': False, 'imperative_verb': None, 'has_uncertainty_marker': False, 'has_temporal_reference': False, 'mentions_action': False, 'mentions_system_state': False}",[],"['investigate', 'execute', 'summarize', 'ops']",[]
configure the node local dns cache,execution,"{'is_question': False, 'question_word': None, 'has_imperative': False, 'imperative_verb': None, 'has_uncertainty_marker': False, 'has_temporal_reference': False, 'mentions_action': False, 'mentions_system_state': False}",[],"['investigate', 'execute', 'summarize', 'ops']",[]
give me a summary of the deployment frequency trends this year,summarization,"{'is_question': False, 'question_word': None, 'has_imperative': False, 'imperative_verb': None, 'has_uncertainty_marker': False, 'has_temporal_reference': False, 'mentions_action': True, 'mentions_system_state': False}",[],"['investigate', 'execute', 'summarize', 'ops']",[]
what is causing the high variance in response times,investigate,"{'is_question': True, 'question_word': 'what', 'has_imperative': False, 'imperative_verb': None, 'has_uncertainty_marker': False, 'has_temporal_reference': False, 'mentions_action': False, 'mentions_system_state': False}",['block_execute'],"['investigate', 'summarize', 'ops']",['execute']
enable auto-healing,execution,"{'is_question': False, 'question_word': None, 'has_imperative': False, 'imperative_verb': None, 'has_uncertainty_marker': False, 'has_temporal_reference': False, 'mentions_action': False, 'mentions_system_state': False}",[],"['investigate', 'execute', 'summarize', 'ops']",[]
start the log streaming pipeline,execution,"{'is_question': False, 'question_word': None, 'has_imperative': True, 'imperative_verb': 'start', 'has_uncertainty_marker': False, 'has_temporal_reference': False, 'mentions_action': True, 'mentions_system_state': False}",['allow_execute'],"['investigate', 'execute', 'summarize', 'ops']",[]
how do I bake a cake,out_of_scope,"{'is_question': True, 'question_word': 'how', 'has_imperative': False, 'imperative_verb': None, 'has_uncertainty_marker': False, 'has_temporal_reference': False, 'mentions_action': False, 'mentions_system_state': False}",['block_execute'],"['investigate', 'summarize', 'ops']",['execute']
what is causing the tls certificate mismatch errors,investigate,"{'is_question': True, 'question_word': 'what', 'has_imperative': False, 'imperative_verb': None, 'has_uncertainty_marker': False, 'has_temporal_reference': False, 'mentions_action': False, 'mentions_system_state': True}","['block_execute', 'require_diagnostic_investigate']","['investigate', 'summarize', 'ops']",['execute']
investigate the abnormal memory growth after restart,investigate,"{'is_question': False, 'question_word': None, 'has_imperative': False, 'imperative_verb': None, 'has_uncertainty_marker': False, 'has_temporal_reference': False, 'mentions_action': True, 'mentions_system_state': True}",[],"['investigate', 'execute', 'summarize', 'ops']",[]
tell me about the renaissance art,out_of_scope,"{'is_question': False, 'question_word': None, 'has_imperative': False, 'imperative_verb': None, 'has_uncertainty_marker': False, 'has_temporal_reference': False, 'mentions_action': False, 'mentions_system_state': False}",[],"['investigate', 'execute', 'summarize', 'ops']",[]
investigate the spike in 5xx errors after the release,investigate,"{'is_question': False, 'question_word': None, 'has_imperative': False, 'imperative_verb': None, 'has_uncertainty_marker': False, 'has_temporal_reference': False, 'mentions_action': True, 'mentions_system_state': True}",[],"['investigate', 'execute', 'summarize', 'ops']",[]
summarize the change management board decisions,summarization,"{'is_question': False, 'question_word': None, 'has_imperative': False, 'imperative_verb': None, 'has_uncertainty_marker': False, 'has_temporal_reference': False, 'mentions_action': True, 'mentions_system_state': False}",[],"['investigate', 'execute', 'summarize', 'ops']",[]
unlock the terraform state after failed apply,execution,"{'is_question': False, 'question_word': None, 'has_imperative': False, 'imperative_verb': None, 'has_uncertainty_marker': False, 'has_temporal_reference': False, 'mentions_action': True, 'mentions_system_state': True}",[],"['investigate', 'execute', 'summarize', 'ops']",[]
check why the rate limiter is not enforcing limits,investigate,"{'is_question': False, 'question_word': None, 'has_imperative': False, 'imperative_verb': None, 'has_uncertainty_marker': False, 'has_temporal_reference': False, 'mentions_action': True, 'mentions_system_state': False}",[],"['investigate', 'execute', 'summarize', 'ops']",[]
what is causing the database connection timeout,investigate,"{'is_question': True, 'question_word': 'what', 'has_imperative': False, 'imperative_verb': None, 'has_uncertainty_marker': False, 'has_temporal_reference': False, 'mentions_action': False, 'mentions_system_state': False}",['block_execute'],"['investigate', 'summarize', 'ops']",['execute']
investigate the asymmetric network routing issue,investigate,"{'is_question': False, 'question_word': None, 'has_imperative': False, 'imperative_verb': None, 'has_uncertainty_marker': False, 'has_temporal_reference': False, 'mentions_action': True, 'mentions_system_state': False}",[],"['investigate', 'execute', 'summarize', 'ops']",[]
give me a summary of the cost allocation by team,summarization,"{'is_question': False, 'question_word': None, 'has_imperative': False, 'imperative_verb': None, 'has_uncertainty_marker': False, 'has_temporal_reference': False, 'mentions_action': False, 'mentions_system_state': False}",[],"['investigate', 'execute', 'summarize', 'ops']",[]
tell me about the age of exploration,out_of_scope,"{'is_question': False, 'question_word': None, 'has_imperative': False, 'imperative_verb': None, 'has_uncertainty_marker': False, 'has_temporal_reference': False, 'mentions_action': False, 'mentions_system_state': False}",[],"['investigate', 'execute', 'summarize', 'ops']",[]
run the kube-bench cis benchmark scan,execution,"{'is_question': False, 'question_word': None, 'has_imperative': False, 'imperative_verb': None, 'has_uncertainty_marker': False, 'has_temporal_reference': False, 'mentions_action': False, 'mentions_system_state': False}",[],"['investigate', 'execute', 'summarize', 'ops']",[]
tell me about octopuses,out_of_scope,"{'is_question': False, 'question_word': None, 'has_imperative': False, 'imperative_verb': None, 'has_uncertainty_marker': False, 'has_temporal_reference': False, 'mentions_action': False, 'mentions_system_state': False}",[],"['investigate', 'execute', 'summarize', 'ops']",[]
who is hypatia,out_of_scope,"{'is_question': True, 'question_word': 'who', 'has_imperative': False, 'imperative_verb': None, 'has_uncertainty_marker': False, 'has_temporal_reference': False, 'mentions_action': False, 'mentions_system_state': False}",['block_execute'],"['investigate', 'summarize', 'ops']",['execute']
investigate the disk write latency on ssd array,investigate,"{'is_question': False, 'question_word': None, 'has_imperative': False, 'imperative_verb': None, 'has_uncertainty_marker': False, 'has_temporal_reference': False, 'mentions_action': True, 'mentions_system_state': True}",[],"['investigate', 'execute', 'summarize', 'ops']",[]
why is the prometheus rule evaluation too slow,investigate,"{'is_question': True, 'question_word': 'why', 'has_imperative': False, 'imperative_verb': None, 'has_uncertainty_marker': False, 'has_temporal_reference': False, 'mentions_action': False, 'mentions_system_state': True}","['block_execute', 'require_diagnostic_investigate']","['investigate', 'summarize', 'ops']",['execute']
provide a brief on the backup restore test outcomes,summarization,"{'is_question': False, 'question_word': None, 'has_imperative': False, 'imperative_verb': None, 'has_uncertainty_marker': False, 'has_temporal_reference': False, 'mentions_action': False, 'mentions_system_state': False}",[],"['investigate', 'execute', 'summarize', 'ops']",[]
how do I make croissants at home,out_of_scope,"{'is_question': True, 'question_word': 'how', 'has_imperative': False, 'imperative_verb': None, 'has_uncertainty_marker': False, 'has_temporal_reference': False, 'mentions_action': False, 'mentions_system_state': False}",['block_execute'],"['investigate', 'summarize', 'ops']",['execute']
investigate the unexpected high fan-out in the topology,investigate,"{'is_question': False, 'question_word': None, 'has_imperative': False, 'imperative_verb': None, 'has_uncertainty_marker': False, 'has_temporal_reference': False, 'mentions_action': True, 'mentions_system_state': False}",[],"['investigate', 'execute', 'summarize', 'ops']",[]
who painted the mona lisa,out_of_scope,"{'is_question': True, 'question_word': 'who', 'has_imperative': False, 'imperative_verb': None, 'has_uncertainty_marker': False, 'has_temporal_reference': False, 'mentions_action': False, 'mentions_system_state': False}",['block_execute'],"['investigate', 'summarize', 'ops']",['execute']
check network connectivity on prod-env,investigate,"{'is_question': False, 'question_word': None, 'has_imperative': False, 'imperative_verb': None, 'has_uncertainty_marker': False, 'has_temporal_reference': False, 'mentions_action': True, 'mentions_system_state': False}",[],"['investigate', 'execute', 'summarize', 'ops']",[]
summarize the failover test results from last friday,summarization,"{'is_question': False, 'question_word': None, 'has_imperative': False, 'imperative_verb': None, 'has_uncertainty_marker': False, 'has_temporal_reference': True, 'mentions_action': True, 'mentions_system_state': True}",[],"['investigate', 'execute', 'summarize', 'ops']",[]
enable request tracing across all services,execution,"{'is_question': False, 'question_word': None, 'has_imperative': False, 'imperative_verb': None, 'has_uncertainty_marker': False, 'has_temporal_reference': False, 'mentions_action': False, 'mentions_system_state': False}",[],"['investigate', 'execute', 'summarize', 'ops']",[]
clear the zfs arc cache to free memory,execution,"{'is_question': False, 'question_word': None, 'has_imperative': True, 'imperative_verb': 'clear', 'has_uncertainty_marker': False, 'has_temporal_reference': False, 'mentions_action': True, 'mentions_system_state': True}",['allow_execute'],"['investigate', 'execute', 'summarize', 'ops']",[]
investigate the large object heap pressure in dotnet,investigate,"{'is_question': False, 'question_word': None, 'has_imperative': False, 'imperative_verb': None, 'has_uncertainty_marker': False, 'has_temporal_reference': False, 'mentions_action': True, 'mentions_system_state': False}",[],"['investigate', 'execute', 'summarize', 'ops']",[]
what is the distance to the moon,out_of_scope,"{'is_question': True, 'question_word': 'what', 'has_imperative': False, 'imperative_verb': None, 'has_uncertainty_marker': False, 'has_temporal_reference': False, 'mentions_action': False, 'mentions_system_state': False}",['block_execute'],"['investigate', 'summarize', 'ops']",['execute']
what is a parallax,out_of_scope,"{'is_question': True, 'question_word': 'what', 'has_imperative': False, 'imperative_verb': None, 'has_uncertainty_marker': False, 'has_temporal_reference': False, 'mentions_action': False, 'mentions_system_state': False}",['block_execute'],"['investigate', 'summarize', 'ops']",['execute']
what caused the surge in rejected requests,investigate,"{'is_question': True, 'question_word': 'what', 'has_imperative': False, 'imperative_verb': None, 'has_uncertainty_marker': False, 'has_temporal_reference': False, 'mentions_action': False, 'mentions_system_state': False}",['block_execute'],"['investigate', 'summarize', 'ops']",['execute']
investigate the service port conflict after update,investigate,"{'is_question': False, 'question_word': None, 'has_imperative': False, 'imperative_verb': None, 'has_uncertainty_marker': False, 'has_temporal_reference': False, 'mentions_action': True, 'mentions_system_state': False}",[],"['investigate', 'execute', 'summarize', 'ops']",[]
apply configuration changes,execution,"{'is_question': False, 'question_word': None, 'has_imperative': True, 'imperative_verb': 'apply', 'has_uncertainty_marker': False, 'has_temporal_reference': False, 'mentions_action': True, 'mentions_system_state': False}",['allow_execute'],"['investigate', 'execute', 'summarize', 'ops']",[]
revoke the compromised api token,execution,"{'is_question': False, 'question_word': None, 'has_imperative': False, 'imperative_verb': None, 'has_uncertainty_marker': False, 'has_temporal_reference': False, 'mentions_action': False, 'mentions_system_state': False}",[],"['investigate', 'execute', 'summarize', 'ops']",[]
provide a brief on the rate limiting effectiveness report,summarization,"{'is_question': False, 'question_word': None, 'has_imperative': False, 'imperative_verb': None, 'has_uncertainty_marker': False, 'has_temporal_reference': False, 'mentions_action': True, 'mentions_system_state': False}",[],"['investigate', 'execute', 'summarize', 'ops']",[]
apply the network acl changes to the subnet,execution,"{'is_question': False, 'question_word': None, 'has_imperative': True, 'imperative_verb': 'apply', 'has_uncertainty_marker': False, 'has_temporal_reference': False, 'mentions_action': True, 'mentions_system_state': False}",['allow_execute'],"['investigate', 'execute', 'summarize', 'ops']",[]
provide availability summary,summarization,"{'is_question': False, 'question_word': None, 'has_imperative': False, 'imperative_verb': None, 'has_uncertainty_marker': False, 'has_temporal_reference': False, 'mentions_action': False, 'mentions_system_state': False}",[],"['investigate', 'execute', 'summarize', 'ops']",[]
tell me about the aztec calendar,out_of_scope,"{'is_question': False, 'question_word': None, 'has_imperative': False, 'imperative_verb': None, 'has_uncertainty_marker': False, 'has_temporal_reference': False, 'mentions_action': False, 'mentions_system_state': False}",[],"['investigate', 'execute', 'summarize', 'ops']",[]
run the flamegraph capture on the cpu hotspot,execution,"{'is_question': False, 'question_word': None, 'has_imperative': False, 'imperative_verb': None, 'has_uncertainty_marker': False, 'has_temporal_reference': False, 'mentions_action': False, 'mentions_system_state': True}",[],"['investigate', 'execute', 'summarize', 'ops']",[]
how do I knit a scarf,out_of_scope,"{'is_question': True, 'question_word': 'how', 'has_imperative': False, 'imperative_verb': None, 'has_uncertainty_marker': False, 'has_temporal_reference': False, 'mentions_action': False, 'mentions_system_state': False}",['block_execute'],"['investigate', 'summarize', 'ops']",['execute']
force a manual dns propagation check,execution,"{'is_question': False, 'question_word': None, 'has_imperative': False, 'imperative_verb': None, 'has_uncertainty_marker': False, 'has_temporal_reference': False, 'mentions_action': True, 'mentions_system_state': False}",[],"['investigate', 'execute', 'summarize', 'ops']",[]
why does the query return inconsistent results,investigate,"{'is_question': True, 'question_word': 'why', 'has_imperative': False, 'imperative_verb': None, 'has_uncertainty_marker': False, 'has_temporal_reference': False, 'mentions_action': False, 'mentions_system_state': False}",['block_execute'],"['investigate', 'summarize', 'ops']",['execute']
who is plato,out_of_scope,"{'is_question': True, 'question_word': 'who', 'has_imperative': False, 'imperative_verb': None, 'has_uncertainty_marker': False, 'has_temporal_reference': False, 'mentions_action': False, 'mentions_system_state': False}",['block_execute'],"['investigate', 'summarize', 'ops']",['execute']
why is the config sync lagging behind the control plane,investigate,"{'is_question': True, 'question_word': 'why', 'has_imperative': False, 'imperative_verb': None, 'has_uncertainty_marker': False, 'has_temporal_reference': False, 'mentions_action': False, 'mentions_system_state': False}",['block_execute'],"['investigate', 'summarize', 'ops']",['execute']
provide a brief on the secrets rotation completion status,summarization,"{'is_question': False, 'question_word': None, 'has_imperative': False, 'imperative_verb': None, 'has_uncertainty_marker': False, 'has_temporal_reference': False, 'mentions_action': False, 'mentions_system_state': True}",[],"['investigate', 'execute', 'summarize', 'ops']",[]
how do earthquakes happen,out_of_scope,"{'is_question': True, 'question_word': 'how', 'has_imperative': False, 'imperative_verb': None, 'has_uncertainty_marker': False, 'has_temporal_reference': False, 'mentions_action': False, 'mentions_system_state': False}",['block_execute'],"['investigate', 'summarize', 'ops']",['execute']
tell me about space exploration,out_of_scope,"{'is_question': False, 'question_word': None, 'has_imperative': False, 'imperative_verb': None, 'has_uncertainty_marker': False, 'has_temporal_reference': False, 'mentions_action': False, 'mentions_system_state': False}",[],"['investigate', 'execute', 'summarize', 'ops']",[]
analyze cpu consumption trends,investigate,"{'is_question': False, 'question_word': None, 'has_imperative': False, 'imperative_verb': None, 'has_uncertainty_marker': False, 'has_temporal_reference': False, 'mentions_action': False, 'mentions_system_state': True}",[],"['investigate', 'execute', 'summarize', 'ops']",[]
summarize the on-call handoff notes,summarization,"{'is_question': False, 'question_word': None, 'has_imperative': False, 'imperative_verb': None, 'has_uncertainty_marker': False, 'has_temporal_reference': False, 'mentions_action': True, 'mentions_system_state': False}",[],"['investigate', 'execute', 'summarize', 'ops']",[]
how do I make candles at home,out_of_scope,"{'is_question': True, 'question_word': 'how', 'has_imperative': False, 'imperative_verb': None, 'has_uncertainty_marker': False, 'has_temporal_reference': False, 'mentions_action': False, 'mentions_system_state': False}",['block_execute'],"['investigate', 'summarize', 'ops']",['execute']
summarize deployment timeline,summarization,"{'is_question': False, 'question_word': None, 'has_imperative': False, 'imperative_verb': None, 'has_uncertainty_marker': False, 'has_temporal_reference': False, 'mentions_action': True, 'mentions_system_state': False}",[],"['investigate', 'execute', 'summarize', 'ops']",[]
provide a summary of the api versioning status,summarization,"{'is_question': False, 'question_word': None, 'has_imperative': False, 'imperative_verb': None, 'has_uncertainty_marker': False, 'has_temporal_reference': False, 'mentions_action': False, 'mentions_system_state': True}",[],"['investigate', 'execute', 'summarize', 'ops']",[]
what is psychology,out_of_scope,"{'is_question': True, 'question_word': 'what', 'has_imperative': False, 'imperative_verb': None, 'has_uncertainty_marker': False, 'has_temporal_reference': False, 'mentions_action': False, 'mentions_system_state': False}",['block_execute'],"['investigate', 'summarize', 'ops']",['execute']
update the dns records for the new ip,execution,"{'is_question': False, 'question_word': None, 'has_imperative': True, 'imperative_verb': 'update', 'has_uncertainty_marker': False, 'has_temporal_reference': False, 'mentions_action': True, 'mentions_system_state': False}",['allow_execute'],"['investigate', 'execute', 'summarize', 'ops']",[]
scale the kafka cluster to add two more brokers,execution,"{'is_question': False, 'question_word': None, 'has_imperative': True, 'imperative_verb': 'scale', 'has_uncertainty_marker': False, 'has_temporal_reference': False, 'mentions_action': True, 'mentions_system_state': False}",['allow_execute'],"['investigate', 'execute', 'summarize', 'ops']",[]
how do I brew beer at home,out_of_scope,"{'is_question': True, 'question_word': 'how', 'has_imperative': False, 'imperative_verb': None, 'has_uncertainty_marker': False, 'has_temporal_reference': False, 'mentions_action': False, 'mentions_system_state': False}",['block_execute'],"['investigate', 'summarize', 'ops']",['execute']
optimize the server-side tls handshake settings,execution,"{'is_question': False, 'question_word': None, 'has_imperative': False, 'imperative_verb': None, 'has_uncertainty_marker': False, 'has_temporal_reference': False, 'mentions_action': False, 'mentions_system_state': False}",[],"['investigate', 'execute', 'summarize', 'ops']",[]
tell me about the golden gate bridge,out_of_scope,"{'is_question': False, 'question_word': None, 'has_imperative': False, 'imperative_verb': None, 'has_uncertainty_marker': False, 'has_temporal_reference': False, 'mentions_action': False, 'mentions_system_state': False}",[],"['investigate', 'execute', 'summarize', 'ops']",[]
investigate the memory pressure alerts on worker nodes,investigate,"{'is_question': False, 'question_word': None, 'has_imperative': False, 'imperative_verb': None, 'has_uncertainty_marker': False, 'has_temporal_reference': False, 'mentions_action': True, 'mentions_system_state': True}",[],"['investigate', 'execute', 'summarize', 'ops']",[]
apply the upstream load balancing weight change,execution,"{'is_question': False, 'question_word': None, 'has_imperative': True, 'imperative_verb': 'apply', 'has_uncertainty_marker': False, 'has_temporal_reference': False, 'mentions_action': True, 'mentions_system_state': False}",['allow_execute'],"['investigate', 'execute', 'summarize', 'ops']",[]
configure the cifs share with the new permissions,execution,"{'is_question': False, 'question_word': None, 'has_imperative': False, 'imperative_verb': None, 'has_uncertainty_marker': False, 'has_temporal_reference': False, 'mentions_action': False, 'mentions_system_state': False}",[],"['investigate', 'execute', 'summarize', 'ops']",[]
configure the flux reconciliation interval,execution,"{'is_question': False, 'question_word': None, 'has_imperative': False, 'imperative_verb': None, 'has_uncertainty_marker': False, 'has_temporal_reference': False, 'mentions_action': False, 'mentions_system_state': False}",[],"['investigate', 'execute', 'summarize', 'ops']",[]
what is causing the flapping network route,investigate,"{'is_question': True, 'question_word': 'what', 'has_imperative': False, 'imperative_verb': None, 'has_uncertainty_marker': False, 'has_temporal_reference': False, 'mentions_action': False, 'mentions_system_state': False}",['block_execute'],"['investigate', 'summarize', 'ops']",['execute']
what is the largest mammal in the ocean,out_of_scope,"{'is_question': True, 'question_word': 'what', 'has_imperative': False, 'imperative_verb': None, 'has_uncertainty_marker': False, 'has_temporal_reference': False, 'mentions_action': False, 'mentions_system_state': False}",['block_execute'],"['investigate', 'summarize', 'ops']",['execute']
update the ip allowlist on the security group,execution,"{'is_question': False, 'question_word': None, 'has_imperative': True, 'imperative_verb': 'update', 'has_uncertainty_marker': False, 'has_temporal_reference': False, 'mentions_action': True, 'mentions_system_state': False}",['allow_execute'],"['investigate', 'execute', 'summarize', 'ops']",[]
apply security patch on db-server-7,execution,"{'is_question': False, 'question_word': None, 'has_imperative': True, 'imperative_verb': 'apply', 'has_uncertainty_marker': False, 'has_temporal_reference': False, 'mentions_action': True, 'mentions_system_state': False}",['allow_execute'],"['investigate', 'execute', 'summarize', 'ops']",[]
configure the remote backend for terraform,execution,"{'is_question': False, 'question_word': None, 'has_imperative': False, 'imperative_verb': None, 'has_uncertainty_marker': False, 'has_temporal_reference': False, 'mentions_action': False, 'mentions_system_state': False}",[],"['investigate', 'execute', 'summarize', 'ops']",[]
who is sigmund freud,out_of_scope,"{'is_question': True, 'question_word': 'who', 'has_imperative': False, 'imperative_verb': None, 'has_uncertainty_marker': False, 'has_temporal_reference': False, 'mentions_action': False, 'mentions_system_state': False}",['block_execute'],"['investigate', 'summarize', 'ops']",['execute']
what is the history of the piano,out_of_scope,"{'is_question': True, 'question_word': 'what', 'has_imperative': False, 'imperative_verb': None, 'has_uncertainty_marker': False, 'has_temporal_reference': False, 'mentions_action': False, 'mentions_system_state': False}",['block_execute'],"['investigate', 'summarize', 'ops']",['execute']
why is the storage volume mounting as read-only,investigate,"{'is_question': True, 'question_word': 'why', 'has_imperative': False, 'imperative_verb': None, 'has_uncertainty_marker': False, 'has_temporal_reference': False, 'mentions_action': False, 'mentions_system_state': False}",['block_execute'],"['investigate', 'summarize', 'ops']",['execute']
tell me about pandas,out_of_scope,"{'is_question': False, 'question_word': None, 'has_imperative': False, 'imperative_verb': None, 'has_uncertainty_marker': False, 'has_temporal_reference': False, 'mentions_action': False, 'mentions_system_state': False}",[],"['investigate', 'execute', 'summarize', 'ops']",[]
what caused the connection pool to drain,investigate,"{'is_question': True, 'question_word': 'what', 'has_imperative': False, 'imperative_verb': None, 'has_uncertainty_marker': False, 'has_temporal_reference': False, 'mentions_action': False, 'mentions_system_state': False}",['block_execute'],"['investigate', 'summarize', 'ops']",['execute']
who invented calculus,out_of_scope,"{'is_question': True, 'question_word': 'who', 'has_imperative': False, 'imperative_verb': None, 'has_uncertainty_marker': False, 'has_temporal_reference': False, 'mentions_action': False, 'mentions_system_state': False}",['block_execute'],"['investigate', 'summarize', 'ops']",['execute']
how do I sew,out_of_scope,"{'is_question': True, 'question_word': 'how', 'has_imperative': False, 'imperative_verb': None, 'has_uncertainty_marker': False, 'has_temporal_reference': False, 'mentions_action': False, 'mentions_system_state': False}",['block_execute'],"['investigate', 'summarize', 'ops']",['execute']
tell me about the northern lights,out_of_scope,"{'is_question': False, 'question_word': None, 'has_imperative': False, 'imperative_verb': None, 'has_uncertainty_marker': False, 'has_temporal_reference': False, 'mentions_action': False, 'mentions_system_state': False}",[],"['investigate', 'execute', 'summarize', 'ops']",[]
summarize the recent alerts and their resolution status,summarization,"{'is_question': False, 'question_word': None, 'has_imperative': False, 'imperative_verb': None, 'has_uncertainty_marker': False, 'has_temporal_reference': False, 'mentions_action': True, 'mentions_system_state': True}",[],"['investigate', 'execute', 'summarize', 'ops']",[]
run the sast scan on the new code change,execution,"{'is_question': False, 'question_word': None, 'has_imperative': False, 'imperative_verb': None, 'has_uncertainty_marker': False, 'has_temporal_reference': False, 'mentions_action': False, 'mentions_system_state': False}",[],"['investigate', 'execute', 'summarize', 'ops']",[]
what is causing the worker pool to deadlock,investigate,"{'is_question': True, 'question_word': 'what', 'has_imperative': False, 'imperative_verb': None, 'has_uncertainty_marker': False, 'has_temporal_reference': False, 'mentions_action': False, 'mentions_system_state': False}",['block_execute'],"['investigate', 'summarize', 'ops']",['execute']
how do I play chess,out_of_scope,"{'is_question': True, 'question_word': 'how', 'has_imperative': False, 'imperative_verb': None, 'has_uncertainty_marker': False, 'has_temporal_reference': False, 'mentions_action': False, 'mentions_system_state': False}",['block_execute'],"['investigate', 'summarize', 'ops']",['execute']
investigate the token validation failures on the api,investigate,"{'is_question': False, 'question_word': None, 'has_imperative': False, 'imperative_verb': None, 'has_uncertainty_marker': False, 'has_temporal_reference': False, 'mentions_action': True, 'mentions_system_state': True}",[],"['investigate', 'execute', 'summarize', 'ops']",[]
provide a recap of the operational maturity assessments,summarization,"{'is_question': False, 'question_word': None, 'has_imperative': False, 'imperative_verb': None, 'has_uncertainty_marker': False, 'has_temporal_reference': False, 'mentions_action': False, 'mentions_system_state': False}",[],"['investigate', 'execute', 'summarize', 'ops']",[]
what is antimatter,out_of_scope,"{'is_question': True, 'question_word': 'what', 'has_imperative': False, 'imperative_verb': None, 'has_uncertainty_marker': False, 'has_temporal_reference': False, 'mentions_action': False, 'mentions_system_state': False}",['block_execute'],"['investigate', 'summarize', 'ops']",['execute']
summarize the impact of last week outage,summarization,"{'is_question': False, 'question_word': None, 'has_imperative': False, 'imperative_verb': None, 'has_uncertainty_marker': False, 'has_temporal_reference': True, 'mentions_action': True, 'mentions_system_state': False}",[],"['investigate', 'execute', 'summarize', 'ops']",[]
check why the helm release is stuck in pending upgrade,investigate,"{'is_question': False, 'question_word': None, 'has_imperative': False, 'imperative_verb': None, 'has_uncertainty_marker': False, 'has_temporal_reference': False, 'mentions_action': True, 'mentions_system_state': False}",[],"['investigate', 'execute', 'summarize', 'ops']",[]
analyze the tombstone accumulation in the database,investigate,"{'is_question': False, 'question_word': None, 'has_imperative': False, 'imperative_verb': None, 'has_uncertainty_marker': False, 'has_temporal_reference': False, 'mentions_action': False, 'mentions_system_state': False}",[],"['investigate', 'execute', 'summarize', 'ops']",[]
why is the load balancer session persistence broken,investigate,"{'is_question': True, 'question_word': 'why', 'has_imperative': False, 'imperative_verb': None, 'has_uncertainty_marker': False, 'has_temporal_reference': False, 'mentions_action': False, 'mentions_system_state': False}",['block_execute'],"['investigate', 'summarize', 'ops']",['execute']
enroll the new host in the certificate authority,execution,"{'is_question': False, 'question_word': None, 'has_imperative': False, 'imperative_verb': None, 'has_uncertainty_marker': False, 'has_temporal_reference': False, 'mentions_action': False, 'mentions_system_state': False}",[],"['investigate', 'execute', 'summarize', 'ops']",[]
investigate the mismatch in reported vs actual disk usage,investigate,"{'is_question': False, 'question_word': None, 'has_imperative': False, 'imperative_verb': None, 'has_uncertainty_marker': False, 'has_temporal_reference': False, 'mentions_action': True, 'mentions_system_state': False}",[],"['investigate', 'execute', 'summarize', 'ops']",[]
why is the garbage collector pausing for 500ms,investigate,"{'is_question': True, 'question_word': 'why', 'has_imperative': False, 'imperative_verb': None, 'has_uncertainty_marker': False, 'has_temporal_reference': False, 'mentions_action': False, 'mentions_system_state': False}",['block_execute'],"['investigate', 'summarize', 'ops']",['execute']
why is the circuit breaker in open state,investigate,"{'is_question': True, 'question_word': 'why', 'has_imperative': False, 'imperative_verb': None, 'has_uncertainty_marker': False, 'has_temporal_reference': False, 'mentions_action': False, 'mentions_system_state': False}",['block_execute'],"['investigate', 'summarize', 'ops']",['execute']
how do I make my own perfume,out_of_scope,"{'is_question': True, 'question_word': 'how', 'has_imperative': False, 'imperative_verb': None, 'has_uncertainty_marker': False, 'has_temporal_reference': False, 'mentions_action': False, 'mentions_system_state': False}",['block_execute'],"['investigate', 'summarize', 'ops']",['execute']
check the connection refused errors on port 5432,investigate,"{'is_question': False, 'question_word': None, 'has_imperative': False, 'imperative_verb': None, 'has_uncertainty_marker': False, 'has_temporal_reference': False, 'mentions_action': True, 'mentions_system_state': True}",[],"['investigate', 'execute', 'summarize', 'ops']",[]
give me an overview of the error budget consumption,summarization,"{'is_question': False, 'question_word': None, 'has_imperative': False, 'imperative_verb': None, 'has_uncertainty_marker': False, 'has_temporal_reference': False, 'mentions_action': False, 'mentions_system_state': True}",[],"['investigate', 'execute', 'summarize', 'ops']",[]
apply the pod security policy changes,execution,"{'is_question': False, 'question_word': None, 'has_imperative': True, 'imperative_verb': 'apply', 'has_uncertainty_marker': False, 'has_temporal_reference': False, 'mentions_action': True, 'mentions_system_state': False}",['allow_execute'],"['investigate', 'execute', 'summarize', 'ops']",[]
investigate the sudden increase in 404 errors,investigate,"{'is_question': False, 'question_word': None, 'has_imperative': False, 'imperative_verb': None, 'has_uncertainty_marker': False, 'has_temporal_reference': False, 'mentions_action': True, 'mentions_system_state': True}",[],"['investigate', 'execute', 'summarize', 'ops']",[]
enable the apparmor policy on the workload pod,execution,"{'is_question': False, 'question_word': None, 'has_imperative': False, 'imperative_verb': None, 'has_uncertainty_marker': False, 'has_temporal_reference': False, 'mentions_action': False, 'mentions_system_state': False}",[],"['investigate', 'execute', 'summarize', 'ops']",[]
what caused the message ordering to break,investigate,"{'is_question': True, 'question_word': 'what', 'has_imperative': False, 'imperative_verb': None, 'has_uncertainty_marker': False, 'has_temporal_reference': False, 'mentions_action': False, 'mentions_system_state': False}",['block_execute'],"['investigate', 'summarize', 'ops']",['execute']
why is the distributed join causing cross-node traffic,investigate,"{'is_question': True, 'question_word': 'why', 'has_imperative': False, 'imperative_verb': None, 'has_uncertainty_marker': False, 'has_temporal_reference': False, 'mentions_action': False, 'mentions_system_state': False}",['block_execute'],"['investigate', 'summarize', 'ops']",['execute']
why are containers crashing,investigate,"{'is_question': True, 'question_word': 'why', 'has_imperative': False, 'imperative_verb': None, 'has_uncertainty_marker': False, 'has_temporal_reference': False, 'mentions_action': False, 'mentions_system_state': True}","['block_execute', 'require_diagnostic_investigate']","['investigate', 'summarize', 'ops']",['execute']
how do I make pottery,out_of_scope,"{'is_question': True, 'question_word': 'how', 'has_imperative': False, 'imperative_verb': None, 'has_uncertainty_marker': False, 'has_temporal_reference': False, 'mentions_action': False, 'mentions_system_state': False}",['block_execute'],"['investigate', 'summarize', 'ops']",['execute']
update the health check thresholds on the target group,execution,"{'is_question': False, 'question_word': None, 'has_imperative': True, 'imperative_verb': 'update', 'has_uncertainty_marker': False, 'has_temporal_reference': False, 'mentions_action': True, 'mentions_system_state': False}",['allow_execute'],"['investigate', 'execute', 'summarize', 'ops']",[]
why is the application not reading the updated configmap,investigate,"{'is_question': True, 'question_word': 'why', 'has_imperative': False, 'imperative_verb': None, 'has_uncertainty_marker': False, 'has_temporal_reference': False, 'mentions_action': True, 'mentions_system_state': False}",['block_execute'],"['investigate', 'summarize', 'ops']",['execute']
what caused the job to exceed its resource quota,investigate,"{'is_question': True, 'question_word': 'what', 'has_imperative': False, 'imperative_verb': None, 'has_uncertainty_marker': False, 'has_temporal_reference': False, 'mentions_action': False, 'mentions_system_state': False}",['block_execute'],"['investigate', 'summarize', 'ops']",['execute']
summarize the workload autoscaling behavior this week,summarization,"{'is_question': False, 'question_word': None, 'has_imperative': False, 'imperative_verb': None, 'has_uncertainty_marker': False, 'has_temporal_reference': False, 'mentions_action': True, 'mentions_system_state': False}",[],"['investigate', 'execute', 'summarize', 'ops']",[]
what is the deepest lake in the world,out_of_scope,"{'is_question': True, 'question_word': 'what', 'has_imperative': False, 'imperative_verb': None, 'has_uncertainty_marker': False, 'has_temporal_reference': False, 'mentions_action': False, 'mentions_system_state': False}",['block_execute'],"['investigate', 'summarize', 'ops']",['execute']
analyze why response time increased,investigate,"{'is_question': False, 'question_word': None, 'has_imperative': False, 'imperative_verb': None, 'has_uncertainty_marker': False, 'has_temporal_reference': False, 'mentions_action': False, 'mentions_system_state': False}",[],"['investigate', 'execute', 'summarize', 'ops']",[]
restart the varnish cache after config change,execution,"{'is_question': False, 'question_word': None, 'has_imperative': True, 'imperative_verb': 'restart', 'has_uncertainty_marker': False, 'has_temporal_reference': False, 'mentions_action': True, 'mentions_system_state': False}",['allow_execute'],"['investigate', 'execute', 'summarize', 'ops']",[]
tell me about the ottoman empire,out_of_scope,"{'is_question': False, 'question_word': None, 'has_imperative': False, 'imperative_verb': None, 'has_uncertainty_marker': False, 'has_temporal_reference': False, 'mentions_action': False, 'mentions_system_state': False}",[],"['investigate', 'execute', 'summarize', 'ops']",[]
enable query caching on the database,execution,"{'is_question': False, 'question_word': None, 'has_imperative': False, 'imperative_verb': None, 'has_uncertainty_marker': False, 'has_temporal_reference': False, 'mentions_action': False, 'mentions_system_state': False}",[],"['investigate', 'execute', 'summarize', 'ops']",[]
provide a brief on the kafka topic partition distribution,summarization,"{'is_question': False, 'question_word': None, 'has_imperative': False, 'imperative_verb': None, 'has_uncertainty_marker': False, 'has_temporal_reference': False, 'mentions_action': False, 'mentions_system_state': False}",[],"['investigate', 'execute', 'summarize', 'ops']",[]
what is radioactivity,out_of_scope,"{'is_question': True, 'question_word': 'what', 'has_imperative': False, 'imperative_verb': None, 'has_uncertainty_marker': False, 'has_temporal_reference': False, 'mentions_action': False, 'mentions_system_state': False}",['block_execute'],"['investigate', 'summarize', 'ops']",['execute']
provide a recap of the secrets rotation audit,summarization,"{'is_question': False, 'question_word': None, 'has_imperative': False, 'imperative_verb': None, 'has_uncertainty_marker': False, 'has_temporal_reference': False, 'mentions_action': False, 'mentions_system_state': False}",[],"['investigate', 'execute', 'summarize', 'ops']",[]
configure the proxy buffer size for large responses,execution,"{'is_question': False, 'question_word': None, 'has_imperative': False, 'imperative_verb': None, 'has_uncertainty_marker': False, 'has_temporal_reference': False, 'mentions_action': False, 'mentions_system_state': False}",[],"['investigate', 'execute', 'summarize', 'ops']",[]
enable the ldap group sync for the service,execution,"{'is_question': False, 'question_word': None, 'has_imperative': False, 'imperative_verb': None, 'has_uncertainty_marker': False, 'has_temporal_reference': False, 'mentions_action': False, 'mentions_system_state': False}",[],"['investigate', 'execute', 'summarize', 'ops']",[]
investigate the hot spot in the key-value store,investigate,"{'is_question': False, 'question_word': None, 'has_imperative': False, 'imperative_verb': None, 'has_uncertainty_marker': False, 'has_temporal_reference': False, 'mentions_action': True, 'mentions_system_state': False}",[],"['investigate', 'execute', 'summarize', 'ops']",[]
how do I learn how to sew clothes,out_of_scope,"{'is_question': True, 'question_word': 'how', 'has_imperative': False, 'imperative_verb': None, 'has_uncertainty_marker': False, 'has_temporal_reference': False, 'mentions_action': False, 'mentions_system_state': False}",['block_execute'],"['investigate', 'summarize', 'ops']",['execute']
summarize the error logs,summarization,"{'is_question': False, 'question_word': None, 'has_imperative': False, 'imperative_verb': None, 'has_uncertainty_marker': False, 'has_temporal_reference': False, 'mentions_action': True, 'mentions_system_state': True}",[],"['investigate', 'execute', 'summarize', 'ops']",[]
give me an overview of the log-based metric trends,summarization,"{'is_question': False, 'question_word': None, 'has_imperative': False, 'imperative_verb': None, 'has_uncertainty_marker': False, 'has_temporal_reference': False, 'mentions_action': False, 'mentions_system_state': False}",[],"['investigate', 'execute', 'summarize', 'ops']",[]
give me uptime summary,summarization,"{'is_question': False, 'question_word': None, 'has_imperative': False, 'imperative_verb': None, 'has_uncertainty_marker': False, 'has_temporal_reference': False, 'mentions_action': False, 'mentions_system_state': True}",[],"['investigate', 'execute', 'summarize', 'ops']",[]
restart nginx on host123,execution,"{'is_question': False, 'question_word': None, 'has_imperative': True, 'imperative_verb': 'restart', 'has_uncertainty_marker': False, 'has_temporal_reference': False, 'mentions_action': True, 'mentions_system_state': False}",['allow_execute'],"['investigate', 'execute', 'summarize', 'ops']",[]
provide a brief on the database performance this month,summarization,"{'is_question': False, 'question_word': None, 'has_imperative': False, 'imperative_verb': None, 'has_uncertainty_marker': False, 'has_temporal_reference': False, 'mentions_action': False, 'mentions_system_state': False}",[],"['investigate', 'execute', 'summarize', 'ops']",[]
summarize the access request audit for the past month,summarization,"{'is_question': False, 'question_word': None, 'has_imperative': False, 'imperative_verb': None, 'has_uncertainty_marker': False, 'has_temporal_reference': True, 'mentions_action': True, 'mentions_system_state': False}",[],"['investigate', 'execute', 'summarize', 'ops']",[]
how do I fix a leaky faucet,out_of_scope,"{'is_question': True, 'question_word': 'how', 'has_imperative': False, 'imperative_verb': None, 'has_uncertainty_marker': False, 'has_temporal_reference': False, 'mentions_action': True, 'mentions_system_state': True}","['block_execute', 'require_diagnostic_investigate']","['investigate', 'summarize', 'ops']",['execute']
check what went wrong,investigate,"{'is_question': False, 'question_word': None, 'has_imperative': False, 'imperative_verb': None, 'has_uncertainty_marker': False, 'has_temporal_reference': False, 'mentions_action': True, 'mentions_system_state': False}",[],"['investigate', 'execute', 'summarize', 'ops']",[]
give me a summary of the runtime crash trends,summarization,"{'is_question': False, 'question_word': None, 'has_imperative': False, 'imperative_verb': None, 'has_uncertainty_marker': False, 'has_temporal_reference': False, 'mentions_action': False, 'mentions_system_state': True}",[],"['investigate', 'execute', 'summarize', 'ops']",[]
why is the user session being invalidated unexpectedly,investigate,"{'is_question': True, 'question_word': 'why', 'has_imperative': False, 'imperative_verb': None, 'has_uncertainty_marker': False, 'has_temporal_reference': False, 'mentions_action': False, 'mentions_system_state': False}",['block_execute'],"['investigate', 'summarize', 'ops']",['execute']
investigate the request being routed to a terminating pod,investigate,"{'is_question': False, 'question_word': None, 'has_imperative': False, 'imperative_verb': None, 'has_uncertainty_marker': False, 'has_temporal_reference': False, 'mentions_action': True, 'mentions_system_state': False}",[],"['investigate', 'execute', 'summarize', 'ops']",[]
push the signed container image to the registry,execution,"{'is_question': False, 'question_word': None, 'has_imperative': True, 'imperative_verb': 'push', 'has_uncertainty_marker': False, 'has_temporal_reference': False, 'mentions_action': True, 'mentions_system_state': False}",['allow_execute'],"['investigate', 'execute', 'summarize', 'ops']",[]
provide a brief on the mean time to detect this sprint,summarization,"{'is_question': False, 'question_word': None, 'has_imperative': False, 'imperative_verb': None, 'has_uncertainty_marker': False, 'has_temporal_reference': False, 'mentions_action': False, 'mentions_system_state': False}",[],"['investigate', 'execute', 'summarize', 'ops']",[]
what is chemistry,out_of_scope,"{'is_question': True, 'question_word': 'what', 'has_imperative': False, 'imperative_verb': None, 'has_uncertainty_marker': False, 'has_temporal_reference': False, 'mentions_action': False, 'mentions_system_state': False}",['block_execute'],"['investigate', 'summarize', 'ops']",['execute']
enable the audit log policy on the api server,execution,"{'is_question': False, 'question_word': None, 'has_imperative': False, 'imperative_verb': None, 'has_uncertainty_marker': False, 'has_temporal_reference': False, 'mentions_action': False, 'mentions_system_state': False}",[],"['investigate', 'execute', 'summarize', 'ops']",[]
analyze the slow startup time of the service,investigate,"{'is_question': False, 'question_word': None, 'has_imperative': False, 'imperative_verb': None, 'has_uncertainty_marker': False, 'has_temporal_reference': False, 'mentions_action': True, 'mentions_system_state': True}",[],"['investigate', 'execute', 'summarize', 'ops']",[]
provide a recap of the cost optimization initiatives,summarization,"{'is_question': False, 'question_word': None, 'has_imperative': False, 'imperative_verb': None, 'has_uncertainty_marker': False, 'has_temporal_reference': False, 'mentions_action': False, 'mentions_system_state': False}",[],"['investigate', 'execute', 'summarize', 'ops']",[]
what is genetics,out_of_scope,"{'is_question': True, 'question_word': 'what', 'has_imperative': False, 'imperative_verb': None, 'has_uncertainty_marker': False, 'has_temporal_reference': False, 'mentions_action': False, 'mentions_system_state': False}",['block_execute'],"['investigate', 'summarize', 'ops']",['execute']
summarize backup status,summarization,"{'is_question': False, 'question_word': None, 'has_imperative': False, 'imperative_verb': None, 'has_uncertainty_marker': False, 'has_temporal_reference': False, 'mentions_action': True, 'mentions_system_state': True}",[],"['investigate', 'execute', 'summarize', 'ops']",[]
why is load balancer unhealthy,investigate,"{'is_question': True, 'question_word': 'why', 'has_imperative': False, 'imperative_verb': None, 'has_uncertainty_marker': False, 'has_temporal_reference': False, 'mentions_action': False, 'mentions_system_state': False}",['block_execute'],"['investigate', 'summarize', 'ops']",['execute']
why is the deployment rollout stuck,investigate,"{'is_question': True, 'question_word': 'why', 'has_imperative': False, 'imperative_verb': None, 'has_uncertainty_marker': False, 'has_temporal_reference': False, 'mentions_action': True, 'mentions_system_state': False}",['block_execute'],"['investigate', 'summarize', 'ops']",['execute']
analyze exception logs,investigate,"{'is_question': False, 'question_word': None, 'has_imperative': False, 'imperative_verb': None, 'has_uncertainty_marker': False, 'has_temporal_reference': False, 'mentions_action': False, 'mentions_system_state': False}",[],"['investigate', 'execute', 'summarize', 'ops']",[]
rebuild the corrupted index on the users table,execution,"{'is_question': False, 'question_word': None, 'has_imperative': False, 'imperative_verb': None, 'has_uncertainty_marker': False, 'has_temporal_reference': False, 'mentions_action': False, 'mentions_system_state': False}",[],"['investigate', 'execute', 'summarize', 'ops']",[]
why is the read cache not warming up as expected,investigate,"{'is_question': True, 'question_word': 'why', 'has_imperative': False, 'imperative_verb': None, 'has_uncertainty_marker': False, 'has_temporal_reference': False, 'mentions_action': False, 'mentions_system_state': False}",['block_execute'],"['investigate', 'summarize', 'ops']",['execute']
what is the doppler effect,out_of_scope,"{'is_question': True, 'question_word': 'what', 'has_imperative': False, 'imperative_verb': None, 'has_uncertainty_marker': False, 'has_temporal_reference': False, 'mentions_action': False, 'mentions_system_state': False}",['block_execute'],"['investigate', 'summarize', 'ops']",['execute']
provide an overview of the resource quota usage by namespace,summarization,"{'is_question': False, 'question_word': None, 'has_imperative': False, 'imperative_verb': None, 'has_uncertainty_marker': False, 'has_temporal_reference': False, 'mentions_action': False, 'mentions_system_state': False}",[],"['investigate', 'execute', 'summarize', 'ops']",[]
stop the runaway data export job,execution,"{'is_question': False, 'question_word': None, 'has_imperative': True, 'imperative_verb': 'stop', 'has_uncertainty_marker': False, 'has_temporal_reference': False, 'mentions_action': True, 'mentions_system_state': False}",['allow_execute'],"['investigate', 'execute', 'summarize', 'ops']",[]
what is blockchain,out_of_scope,"{'is_question': True, 'question_word': 'what', 'has_imperative': False, 'imperative_verb': None, 'has_uncertainty_marker': False, 'has_temporal_reference': False, 'mentions_action': False, 'mentions_system_state': False}",['block_execute'],"['investigate', 'summarize', 'ops']",['execute']
analyze the packet fragmentation on the uplink,investigate,"{'is_question': False, 'question_word': None, 'has_imperative': False, 'imperative_verb': None, 'has_uncertainty_marker': False, 'has_temporal_reference': False, 'mentions_action': False, 'mentions_system_state': False}",[],"['investigate', 'execute', 'summarize', 'ops']",[]
configure the md raid rebuild priority,execution,"{'is_question': False, 'question_word': None, 'has_imperative': False, 'imperative_verb': None, 'has_uncertainty_marker': False, 'has_temporal_reference': False, 'mentions_action': False, 'mentions_system_state': False}",[],"['investigate', 'execute', 'summarize', 'ops']",[]
provide a recap of the kubernetes event anomalies,summarization,"{'is_question': False, 'question_word': None, 'has_imperative': False, 'imperative_verb': None, 'has_uncertainty_marker': False, 'has_temporal_reference': False, 'mentions_action': False, 'mentions_system_state': False}",[],"['investigate', 'execute', 'summarize', 'ops']",[]
set the jvm heap size to 8gb and restart,execution,"{'is_question': False, 'question_word': None, 'has_imperative': False, 'imperative_verb': None, 'has_uncertainty_marker': False, 'has_temporal_reference': False, 'mentions_action': True, 'mentions_system_state': False}",[],"['investigate', 'execute', 'summarize', 'ops']",[]
rotate the iam role credentials for the batch job,execution,"{'is_question': False, 'question_word': None, 'has_imperative': False, 'imperative_verb': None, 'has_uncertainty_marker': False, 'has_temporal_reference': False, 'mentions_action': False, 'mentions_system_state': False}",[],"['investigate', 'execute', 'summarize', 'ops']",[]
investigate the missing pod metrics from the scraper,investigate,"{'is_question': False, 'question_word': None, 'has_imperative': False, 'imperative_verb': None, 'has_uncertainty_marker': False, 'has_temporal_reference': False, 'mentions_action': True, 'mentions_system_state': False}",[],"['investigate', 'execute', 'summarize', 'ops']",[]
tell me about furniture,out_of_scope,"{'is_question': False, 'question_word': None, 'has_imperative': False, 'imperative_verb': None, 'has_uncertainty_marker': False, 'has_temporal_reference': False, 'mentions_action': False, 'mentions_system_state': False}",[],"['investigate', 'execute', 'summarize', 'ops']",[]
restart application server,execution,"{'is_question': False, 'question_word': None, 'has_imperative': True, 'imperative_verb': 'restart', 'has_uncertainty_marker': False, 'has_temporal_reference': False, 'mentions_action': True, 'mentions_system_state': False}",['allow_execute'],"['investigate', 'execute', 'summarize', 'ops']",[]
apply the virtual service retry policy,execution,"{'is_question': False, 'question_word': None, 'has_imperative': True, 'imperative_verb': 'apply', 'has_uncertainty_marker': False, 'has_temporal_reference': False, 'mentions_action': True, 'mentions_system_state': False}",['allow_execute'],"['investigate', 'execute', 'summarize', 'ops']",[]
check why the multi-region failover is taking too long,investigate,"{'is_question': False, 'question_word': None, 'has_imperative': False, 'imperative_verb': None, 'has_uncertainty_marker': False, 'has_temporal_reference': False, 'mentions_action': True, 'mentions_system_state': True}",[],"['investigate', 'execute', 'summarize', 'ops']",[]
what caused the memory oom on worker-node-4,investigate,"{'is_question': True, 'question_word': 'what', 'has_imperative': False, 'imperative_verb': None, 'has_uncertainty_marker': False, 'has_temporal_reference': False, 'mentions_action': False, 'mentions_system_state': True}","['block_execute', 'require_diagnostic_investigate']","['investigate', 'summarize', 'ops']",['execute']
check why jobs are failing silently in the queue,investigate,"{'is_question': False, 'question_word': None, 'has_imperative': False, 'imperative_verb': None, 'has_uncertainty_marker': False, 'has_temporal_reference': False, 'mentions_action': True, 'mentions_system_state': True}",[],"['investigate', 'execute', 'summarize', 'ops']",[]
tell me about dolphins,out_of_scope,"{'is_question': False, 'question_word': None, 'has_imperative': False, 'imperative_verb': None, 'has_uncertainty_marker': False, 'has_temporal_reference': False, 'mentions_action': False, 'mentions_system_state': False}",[],"['investigate', 'execute', 'summarize', 'ops']",[]
who wrote gulliver travels,out_of_scope,"{'is_question': True, 'question_word': 'who', 'has_imperative': False, 'imperative_verb': None, 'has_uncertainty_marker': False, 'has_temporal_reference': False, 'mentions_action': False, 'mentions_system_state': False}",['block_execute'],"['investigate', 'summarize', 'ops']",['execute']
check for anomalies in metrics,investigate,"{'is_question': False, 'question_word': None, 'has_imperative': False, 'imperative_verb': None, 'has_uncertainty_marker': False, 'has_temporal_reference': False, 'mentions_action': True, 'mentions_system_state': False}",[],"['investigate', 'execute', 'summarize', 'ops']",[]
why is the background job worker deadlocking,investigate,"{'is_question': True, 'question_word': 'why', 'has_imperative': False, 'imperative_verb': None, 'has_uncertainty_marker': False, 'has_temporal_reference': False, 'mentions_action': False, 'mentions_system_state': False}",['block_execute'],"['investigate', 'summarize', 'ops']",['execute']
summarize the observability maturity assessment results,summarization,"{'is_question': False, 'question_word': None, 'has_imperative': False, 'imperative_verb': None, 'has_uncertainty_marker': False, 'has_temporal_reference': False, 'mentions_action': True, 'mentions_system_state': False}",[],"['investigate', 'execute', 'summarize', 'ops']",[]
what countries border france,out_of_scope,"{'is_question': True, 'question_word': 'what', 'has_imperative': False, 'imperative_verb': None, 'has_uncertainty_marker': False, 'has_temporal_reference': False, 'mentions_action': False, 'mentions_system_state': False}",['block_execute'],"['investigate', 'summarize', 'ops']",['execute']
mount the backup volume in read-only mode,execution,"{'is_question': False, 'question_word': None, 'has_imperative': False, 'imperative_verb': None, 'has_uncertainty_marker': False, 'has_temporal_reference': False, 'mentions_action': False, 'mentions_system_state': False}",[],"['investigate', 'execute', 'summarize', 'ops']",[]
enable the kubernetes event exporter,execution,"{'is_question': False, 'question_word': None, 'has_imperative': False, 'imperative_verb': None, 'has_uncertainty_marker': False, 'has_temporal_reference': False, 'mentions_action': False, 'mentions_system_state': False}",[],"['investigate', 'execute', 'summarize', 'ops']",[]
how is silk produced,out_of_scope,"{'is_question': True, 'question_word': 'how', 'has_imperative': False, 'imperative_verb': None, 'has_uncertainty_marker': False, 'has_temporal_reference': False, 'mentions_action': False, 'mentions_system_state': False}",['block_execute'],"['investigate', 'summarize', 'ops']",['execute']
restart log aggregator,execution,"{'is_question': False, 'question_word': None, 'has_imperative': True, 'imperative_verb': 'restart', 'has_uncertainty_marker': False, 'has_temporal_reference': False, 'mentions_action': True, 'mentions_system_state': False}",['allow_execute'],"['investigate', 'execute', 'summarize', 'ops']",[]
apply the priority class to the critical workloads,execution,"{'is_question': False, 'question_word': None, 'has_imperative': True, 'imperative_verb': 'apply', 'has_uncertainty_marker': False, 'has_temporal_reference': False, 'mentions_action': True, 'mentions_system_state': False}",['allow_execute'],"['investigate', 'execute', 'summarize', 'ops']",[]
enable the cross-zone load balancing,execution,"{'is_question': False, 'question_word': None, 'has_imperative': False, 'imperative_verb': None, 'has_uncertainty_marker': False, 'has_temporal_reference': False, 'mentions_action': False, 'mentions_system_state': False}",[],"['investigate', 'execute', 'summarize', 'ops']",[]
how do I make soy candles,out_of_scope,"{'is_question': True, 'question_word': 'how', 'has_imperative': False, 'imperative_verb': None, 'has_uncertainty_marker': False, 'has_temporal_reference': False, 'mentions_action': False, 'mentions_system_state': False}",['block_execute'],"['investigate', 'summarize', 'ops']",['execute']
who is albert einstein,out_of_scope,"{'is_question': True, 'question_word': 'who', 'has_imperative': False, 'imperative_verb': None, 'has_uncertainty_marker': False, 'has_temporal_reference': False, 'mentions_action': False, 'mentions_system_state': False}",['block_execute'],"['investigate', 'summarize', 'ops']",['execute']
how do I skateboard,out_of_scope,"{'is_question': True, 'question_word': 'how', 'has_imperative': False, 'imperative_verb': None, 'has_uncertainty_marker': False, 'has_temporal_reference': False, 'mentions_action': False, 'mentions_system_state': False}",['block_execute'],"['investigate', 'summarize', 'ops']",['execute']
scale message queue,execution,"{'is_question': False, 'question_word': None, 'has_imperative': True, 'imperative_verb': 'scale', 'has_uncertainty_marker': False, 'has_temporal_reference': False, 'mentions_action': True, 'mentions_system_state': False}",['allow_execute'],"['investigate', 'execute', 'summarize', 'ops']",[]
summarize system health for app payments,summarization,"{'is_question': False, 'question_word': None, 'has_imperative': False, 'imperative_verb': None, 'has_uncertainty_marker': False, 'has_temporal_reference': False, 'mentions_action': True, 'mentions_system_state': False}",[],"['investigate', 'execute', 'summarize', 'ops']",[]
what is the tallest mountain,out_of_scope,"{'is_question': True, 'question_word': 'what', 'has_imperative': False, 'imperative_verb': None, 'has_uncertainty_marker': False, 'has_temporal_reference': False, 'mentions_action': False, 'mentions_system_state': False}",['block_execute'],"['investigate', 'summarize', 'ops']",['execute']
who is marie curie,out_of_scope,"{'is_question': True, 'question_word': 'who', 'has_imperative': False, 'imperative_verb': None, 'has_uncertainty_marker': False, 'has_temporal_reference': False, 'mentions_action': False, 'mentions_system_state': False}",['block_execute'],"['investigate', 'summarize', 'ops']",['execute']
who composed la traviata,out_of_scope,"{'is_question': True, 'question_word': 'who', 'has_imperative': False, 'imperative_verb': None, 'has_uncertainty_marker': False, 'has_temporal_reference': False, 'mentions_action': False, 'mentions_system_state': False}",['block_execute'],"['investigate', 'summarize', 'ops']",['execute']
what is a genome,out_of_scope,"{'is_question': True, 'question_word': 'what', 'has_imperative': False, 'imperative_verb': None, 'has_uncertainty_marker': False, 'has_temporal_reference': False, 'mentions_action': False, 'mentions_system_state': False}",['block_execute'],"['investigate', 'summarize', 'ops']",['execute']
tell me about the renaissance,out_of_scope,"{'is_question': False, 'question_word': None, 'has_imperative': False, 'imperative_verb': None, 'has_uncertainty_marker': False, 'has_temporal_reference': False, 'mentions_action': False, 'mentions_system_state': False}",[],"['investigate', 'execute', 'summarize', 'ops']",[]
update the exports file and refresh nfsd,execution,"{'is_question': False, 'question_word': None, 'has_imperative': True, 'imperative_verb': 'update', 'has_uncertainty_marker': False, 'has_temporal_reference': False, 'mentions_action': True, 'mentions_system_state': False}",['allow_execute'],"['investigate', 'execute', 'summarize', 'ops']",[]
what is economics,out_of_scope,"{'is_question': True, 'question_word': 'what', 'has_imperative': False, 'imperative_verb': None, 'has_uncertainty_marker': False, 'has_temporal_reference': False, 'mentions_action': False, 'mentions_system_state': False}",['block_execute'],"['investigate', 'summarize', 'ops']",['execute']
clear cache on all nodes,execution,"{'is_question': False, 'question_word': None, 'has_imperative': True, 'imperative_verb': 'clear', 'has_uncertainty_marker': False, 'has_temporal_reference': False, 'mentions_action': True, 'mentions_system_state': False}",['allow_execute'],"['investigate', 'execute', 'summarize', 'ops']",[]
summarize the health of the multi-region setup,summarization,"{'is_question': False, 'question_word': None, 'has_imperative': False, 'imperative_verb': None, 'has_uncertainty_marker': False, 'has_temporal_reference': False, 'mentions_action': True, 'mentions_system_state': False}",[],"['investigate', 'execute', 'summarize', 'ops']",[]
summarize the error budget status for all services,summarization,"{'is_question': False, 'question_word': None, 'has_imperative': False, 'imperative_verb': None, 'has_uncertainty_marker': False, 'has_temporal_reference': False, 'mentions_action': True, 'mentions_system_state': True}",[],"['investigate', 'execute', 'summarize', 'ops']",[]
what triggered the alert,investigate,"{'is_question': True, 'question_word': 'what', 'has_imperative': False, 'imperative_verb': None, 'has_uncertainty_marker': False, 'has_temporal_reference': False, 'mentions_action': False, 'mentions_system_state': False}",['block_execute'],"['investigate', 'summarize', 'ops']",['execute']
restore the selinux context on the data directory,execution,"{'is_question': False, 'question_word': None, 'has_imperative': False, 'imperative_verb': None, 'has_uncertainty_marker': False, 'has_temporal_reference': False, 'mentions_action': False, 'mentions_system_state': False}",[],"['investigate', 'execute', 'summarize', 'ops']",[]
what is the coldest place on earth,out_of_scope,"{'is_question': True, 'question_word': 'what', 'has_imperative': False, 'imperative_verb': None, 'has_uncertainty_marker': False, 'has_temporal_reference': False, 'mentions_action': False, 'mentions_system_state': False}",['block_execute'],"['investigate', 'summarize', 'ops']",['execute']
how do I make sushi,out_of_scope,"{'is_question': True, 'question_word': 'how', 'has_imperative': False, 'imperative_verb': None, 'has_uncertainty_marker': False, 'has_temporal_reference': False, 'mentions_action': False, 'mentions_system_state': False}",['block_execute'],"['investigate', 'summarize', 'ops']",['execute']
investigate the webhook delivery failures,investigate,"{'is_question': False, 'question_word': None, 'has_imperative': False, 'imperative_verb': None, 'has_uncertainty_marker': False, 'has_temporal_reference': False, 'mentions_action': True, 'mentions_system_state': True}",[],"['investigate', 'execute', 'summarize', 'ops']",[]
how do I make chocolate chip cookies,out_of_scope,"{'is_question': True, 'question_word': 'how', 'has_imperative': False, 'imperative_verb': None, 'has_uncertainty_marker': False, 'has_temporal_reference': False, 'mentions_action': False, 'mentions_system_state': False}",['block_execute'],"['investigate', 'summarize', 'ops']",['execute']
configure the route53 health check failover,execution,"{'is_question': False, 'question_word': None, 'has_imperative': False, 'imperative_verb': None, 'has_uncertainty_marker': False, 'has_temporal_reference': False, 'mentions_action': True, 'mentions_system_state': True}",[],"['investigate', 'execute', 'summarize', 'ops']",[]
what is the theory of evolution,out_of_scope,"{'is_question': True, 'question_word': 'what', 'has_imperative': False, 'imperative_verb': None, 'has_uncertainty_marker': False, 'has_temporal_reference': False, 'mentions_action': False, 'mentions_system_state': False}",['block_execute'],"['investigate', 'summarize', 'ops']",['execute']
enable the mutual tls between all services,execution,"{'is_question': False, 'question_word': None, 'has_imperative': False, 'imperative_verb': None, 'has_uncertainty_marker': False, 'has_temporal_reference': False, 'mentions_action': False, 'mentions_system_state': False}",[],"['investigate', 'execute', 'summarize', 'ops']",[]
who is thomas edison,out_of_scope,"{'is_question': True, 'question_word': 'who', 'has_imperative': False, 'imperative_verb': None, 'has_uncertainty_marker': False, 'has_temporal_reference': False, 'mentions_action': False, 'mentions_system_state': False}",['block_execute'],"['investigate', 'summarize', 'ops']",['execute']
configure the dead letter queue for failed messages,execution,"{'is_question': False, 'question_word': None, 'has_imperative': False, 'imperative_verb': None, 'has_uncertainty_marker': False, 'has_temporal_reference': False, 'mentions_action': False, 'mentions_system_state': True}",[],"['investigate', 'execute', 'summarize', 'ops']",[]
check what is causing the excessive context switches,investigate,"{'is_question': False, 'question_word': None, 'has_imperative': False, 'imperative_verb': None, 'has_uncertainty_marker': False, 'has_temporal_reference': False, 'mentions_action': True, 'mentions_system_state': False}",[],"['investigate', 'execute', 'summarize', 'ops']",[]
who won the latest academy awards,out_of_scope,"{'is_question': True, 'question_word': 'who', 'has_imperative': False, 'imperative_verb': None, 'has_uncertainty_marker': False, 'has_temporal_reference': False, 'mentions_action': False, 'mentions_system_state': False}",['block_execute'],"['investigate', 'summarize', 'ops']",['execute']
start the canary deployment for version 4.1,execution,"{'is_question': False, 'question_word': None, 'has_imperative': True, 'imperative_verb': 'start', 'has_uncertainty_marker': False, 'has_temporal_reference': False, 'mentions_action': True, 'mentions_system_state': False}",['allow_execute'],"['investigate', 'execute', 'summarize', 'ops']",[]
investigate failed authentication attempts,investigate,"{'is_question': False, 'question_word': None, 'has_imperative': False, 'imperative_verb': None, 'has_uncertainty_marker': False, 'has_temporal_reference': False, 'mentions_action': True, 'mentions_system_state': True}",[],"['investigate', 'execute', 'summarize', 'ops']",[]
what is a tectonic plate,out_of_scope,"{'is_question': True, 'question_word': 'what', 'has_imperative': False, 'imperative_verb': None, 'has_uncertainty_marker': False, 'has_temporal_reference': False, 'mentions_action': False, 'mentions_system_state': False}",['block_execute'],"['investigate', 'summarize', 'ops']",['execute']
give me a recap of the on-call escalation patterns,summarization,"{'is_question': False, 'question_word': None, 'has_imperative': False, 'imperative_verb': None, 'has_uncertainty_marker': False, 'has_temporal_reference': False, 'mentions_action': False, 'mentions_system_state': False}",[],"['investigate', 'execute', 'summarize', 'ops']",[]
what is the ozone layer,out_of_scope,"{'is_question': True, 'question_word': 'what', 'has_imperative': False, 'imperative_verb': None, 'has_uncertainty_marker': False, 'has_temporal_reference': False, 'mentions_action': False, 'mentions_system_state': False}",['block_execute'],"['investigate', 'summarize', 'ops']",['execute']
initialize the new replica set member,execution,"{'is_question': False, 'question_word': None, 'has_imperative': False, 'imperative_verb': None, 'has_uncertainty_marker': False, 'has_temporal_reference': False, 'mentions_action': False, 'mentions_system_state': False}",[],"['investigate', 'execute', 'summarize', 'ops']",[]
why are requests queued,investigate,"{'is_question': True, 'question_word': 'why', 'has_imperative': False, 'imperative_verb': None, 'has_uncertainty_marker': False, 'has_temporal_reference': False, 'mentions_action': False, 'mentions_system_state': False}",['block_execute'],"['investigate', 'summarize', 'ops']",['execute']
investigate the corrupted data in the cache layer,investigate,"{'is_question': False, 'question_word': None, 'has_imperative': False, 'imperative_verb': None, 'has_uncertainty_marker': False, 'has_temporal_reference': False, 'mentions_action': True, 'mentions_system_state': False}",[],"['investigate', 'execute', 'summarize', 'ops']",[]
apply the cpu frequency scaling governor change,execution,"{'is_question': False, 'question_word': None, 'has_imperative': True, 'imperative_verb': 'apply', 'has_uncertainty_marker': False, 'has_temporal_reference': False, 'mentions_action': True, 'mentions_system_state': True}",['allow_execute'],"['investigate', 'execute', 'summarize', 'ops']",[]
how do I stay healthy,out_of_scope,"{'is_question': True, 'question_word': 'how', 'has_imperative': False, 'imperative_verb': None, 'has_uncertainty_marker': False, 'has_temporal_reference': False, 'mentions_action': False, 'mentions_system_state': False}",['block_execute'],"['investigate', 'summarize', 'ops']",['execute']
what is the higgs boson,out_of_scope,"{'is_question': True, 'question_word': 'what', 'has_imperative': False, 'imperative_verb': None, 'has_uncertainty_marker': False, 'has_temporal_reference': False, 'mentions_action': False, 'mentions_system_state': False}",['block_execute'],"['investigate', 'summarize', 'ops']",['execute']
how do I make origami cranes,out_of_scope,"{'is_question': True, 'question_word': 'how', 'has_imperative': False, 'imperative_verb': None, 'has_uncertainty_marker': False, 'has_temporal_reference': False, 'mentions_action': False, 'mentions_system_state': False}",['block_execute'],"['investigate', 'summarize', 'ops']",['execute']
why is service discovery returning stale endpoints,investigate,"{'is_question': True, 'question_word': 'why', 'has_imperative': False, 'imperative_verb': None, 'has_uncertainty_marker': False, 'has_temporal_reference': False, 'mentions_action': False, 'mentions_system_state': False}",['block_execute'],"['investigate', 'summarize', 'ops']",['execute']
how do I learn how to type faster,out_of_scope,"{'is_question': True, 'question_word': 'how', 'has_imperative': False, 'imperative_verb': None, 'has_uncertainty_marker': False, 'has_temporal_reference': False, 'mentions_action': False, 'mentions_system_state': False}",['block_execute'],"['investigate', 'summarize', 'ops']",['execute']
analyze the jvm heap after the memory spike,investigate,"{'is_question': False, 'question_word': None, 'has_imperative': False, 'imperative_verb': None, 'has_uncertainty_marker': False, 'has_temporal_reference': False, 'mentions_action': False, 'mentions_system_state': True}",[],"['investigate', 'execute', 'summarize', 'ops']",[]
how do I learn calligraphy,out_of_scope,"{'is_question': True, 'question_word': 'how', 'has_imperative': False, 'imperative_verb': None, 'has_uncertainty_marker': False, 'has_temporal_reference': False, 'mentions_action': False, 'mentions_system_state': False}",['block_execute'],"['investigate', 'summarize', 'ops']",['execute']
give me a summary of the cluster upgrade progress,summarization,"{'is_question': False, 'question_word': None, 'has_imperative': False, 'imperative_verb': None, 'has_uncertainty_marker': False, 'has_temporal_reference': False, 'mentions_action': True, 'mentions_system_state': False}",[],"['investigate', 'execute', 'summarize', 'ops']",[]
give me a summary of the scaling decisions this week,summarization,"{'is_question': False, 'question_word': None, 'has_imperative': False, 'imperative_verb': None, 'has_uncertainty_marker': False, 'has_temporal_reference': False, 'mentions_action': False, 'mentions_system_state': False}",[],"['investigate', 'execute', 'summarize', 'ops']",[]
how do I make homemade bread,out_of_scope,"{'is_question': True, 'question_word': 'how', 'has_imperative': False, 'imperative_verb': None, 'has_uncertainty_marker': False, 'has_temporal_reference': False, 'mentions_action': False, 'mentions_system_state': False}",['block_execute'],"['investigate', 'summarize', 'ops']",['execute']
summarize the edge cache performance by region,summarization,"{'is_question': False, 'question_word': None, 'has_imperative': False, 'imperative_verb': None, 'has_uncertainty_marker': False, 'has_temporal_reference': False, 'mentions_action': True, 'mentions_system_state': False}",[],"['investigate', 'execute', 'summarize', 'ops']",[]
what is string theory,out_of_scope,"{'is_question': True, 'question_word': 'what', 'has_imperative': False, 'imperative_verb': None, 'has_uncertainty_marker': False, 'has_temporal_reference': False, 'mentions_action': False, 'mentions_system_state': False}",['block_execute'],"['investigate', 'summarize', 'ops']",['execute']
analyze the segment fault in the native library,investigate,"{'is_question': False, 'question_word': None, 'has_imperative': False, 'imperative_verb': None, 'has_uncertainty_marker': False, 'has_temporal_reference': False, 'mentions_action': False, 'mentions_system_state': False}",[],"['investigate', 'execute', 'summarize', 'ops']",[]
rollback the deployment,execution,"{'is_question': False, 'question_word': None, 'has_imperative': True, 'imperative_verb': 'rollback', 'has_uncertainty_marker': False, 'has_temporal_reference': False, 'mentions_action': True, 'mentions_system_state': False}",['allow_execute'],"['investigate', 'execute', 'summarize', 'ops']",[]
restart the envoy proxy with the new configuration,execution,"{'is_question': False, 'question_word': None, 'has_imperative': True, 'imperative_verb': 'restart', 'has_uncertainty_marker': False, 'has_temporal_reference': False, 'mentions_action': True, 'mentions_system_state': False}",['allow_execute'],"['investigate', 'execute', 'summarize', 'ops']",[]
summarize the distributed tracing insights for the api,summarization,"{'is_question': False, 'question_word': None, 'has_imperative': False, 'imperative_verb': None, 'has_uncertainty_marker': False, 'has_temporal_reference': False, 'mentions_action': True, 'mentions_system_state': False}",[],"['investigate', 'execute', 'summarize', 'ops']",[]
analyze the io error rate on the san,investigate,"{'is_question': False, 'question_word': None, 'has_imperative': False, 'imperative_verb': None, 'has_uncertainty_marker': False, 'has_temporal_reference': False, 'mentions_action': False, 'mentions_system_state': True}",[],"['investigate', 'execute', 'summarize', 'ops']",[]
tell me about the persian empire,out_of_scope,"{'is_question': False, 'question_word': None, 'has_imperative': False, 'imperative_verb': None, 'has_uncertainty_marker': False, 'has_temporal_reference': False, 'mentions_action': False, 'mentions_system_state': False}",[],"['investigate', 'execute', 'summarize', 'ops']",[]
force delete the stuck pod in the production namespace,execution,"{'is_question': False, 'question_word': None, 'has_imperative': False, 'imperative_verb': None, 'has_uncertainty_marker': False, 'has_temporal_reference': False, 'mentions_action': True, 'mentions_system_state': False}",[],"['investigate', 'execute', 'summarize', 'ops']",[]
set the pod disruption budget to allow one eviction,execution,"{'is_question': False, 'question_word': None, 'has_imperative': False, 'imperative_verb': None, 'has_uncertainty_marker': False, 'has_temporal_reference': False, 'mentions_action': False, 'mentions_system_state': False}",[],"['investigate', 'execute', 'summarize', 'ops']",[]
run the remediation playbook for cpu spike,execution,"{'is_question': False, 'question_word': None, 'has_imperative': False, 'imperative_verb': None, 'has_uncertainty_marker': False, 'has_temporal_reference': False, 'mentions_action': False, 'mentions_system_state': True}",[],"['investigate', 'execute', 'summarize', 'ops']",[]
tell me about the discovery of dna,out_of_scope,"{'is_question': False, 'question_word': None, 'has_imperative': False, 'imperative_verb': None, 'has_uncertainty_marker': False, 'has_temporal_reference': False, 'mentions_action': False, 'mentions_system_state': False}",[],"['investigate', 'execute', 'summarize', 'ops']",[]
how do I ride a bicycle,out_of_scope,"{'is_question': True, 'question_word': 'how', 'has_imperative': False, 'imperative_verb': None, 'has_uncertainty_marker': False, 'has_temporal_reference': False, 'mentions_action': False, 'mentions_system_state': False}",['block_execute'],"['investigate', 'summarize', 'ops']",['execute']
apply the cluster autoscaler priority expander config,execution,"{'is_question': False, 'question_word': None, 'has_imperative': True, 'imperative_verb': 'apply', 'has_uncertainty_marker': False, 'has_temporal_reference': False, 'mentions_action': True, 'mentions_system_state': False}",['allow_execute'],"['investigate', 'execute', 'summarize', 'ops']",[]
provide a brief on the data retention compliance status,summarization,"{'is_question': False, 'question_word': None, 'has_imperative': False, 'imperative_verb': None, 'has_uncertainty_marker': False, 'has_temporal_reference': False, 'mentions_action': False, 'mentions_system_state': True}",[],"['investigate', 'execute', 'summarize', 'ops']",[]
tell me about the aztec civilization,out_of_scope,"{'is_question': False, 'question_word': None, 'has_imperative': False, 'imperative_verb': None, 'has_uncertainty_marker': False, 'has_temporal_reference': False, 'mentions_action': False, 'mentions_system_state': False}",[],"['investigate', 'execute', 'summarize', 'ops']",[]
what caused the index corruption on elasticsearch,investigate,"{'is_question': True, 'question_word': 'what', 'has_imperative': False, 'imperative_verb': None, 'has_uncertainty_marker': False, 'has_temporal_reference': False, 'mentions_action': False, 'mentions_system_state': False}",['block_execute'],"['investigate', 'summarize', 'ops']",['execute']
what is paleontology,out_of_scope,"{'is_question': True, 'question_word': 'what', 'has_imperative': False, 'imperative_verb': None, 'has_uncertainty_marker': False, 'has_temporal_reference': False, 'mentions_action': False, 'mentions_system_state': False}",['block_execute'],"['investigate', 'summarize', 'ops']",['execute']
how do I learn how to paint with watercolor,out_of_scope,"{'is_question': True, 'question_word': 'how', 'has_imperative': False, 'imperative_verb': None, 'has_uncertainty_marker': False, 'has_temporal_reference': False, 'mentions_action': False, 'mentions_system_state': False}",['block_execute'],"['investigate', 'summarize', 'ops']",['execute']
give me a recap of the infrastructure changes this week,summarization,"{'is_question': False, 'question_word': None, 'has_imperative': False, 'imperative_verb': None, 'has_uncertainty_marker': False, 'has_temporal_reference': False, 'mentions_action': False, 'mentions_system_state': False}",[],"['investigate', 'execute', 'summarize', 'ops']",[]
what is causing packet loss on the network,investigate,"{'is_question': True, 'question_word': 'what', 'has_imperative': False, 'imperative_verb': None, 'has_uncertainty_marker': False, 'has_temporal_reference': False, 'mentions_action': False, 'mentions_system_state': False}",['block_execute'],"['investigate', 'summarize', 'ops']",['execute']
clear disk space on server alpha,execution,"{'is_question': False, 'question_word': None, 'has_imperative': True, 'imperative_verb': 'clear', 'has_uncertainty_marker': False, 'has_temporal_reference': False, 'mentions_action': True, 'mentions_system_state': False}",['allow_execute'],"['investigate', 'execute', 'summarize', 'ops']",[]
provide a brief on the database connection pool stats,summarization,"{'is_question': False, 'question_word': None, 'has_imperative': False, 'imperative_verb': None, 'has_uncertainty_marker': False, 'has_temporal_reference': False, 'mentions_action': False, 'mentions_system_state': False}",[],"['investigate', 'execute', 'summarize', 'ops']",[]
how do I learn how to whistle,out_of_scope,"{'is_question': True, 'question_word': 'how', 'has_imperative': False, 'imperative_verb': None, 'has_uncertainty_marker': False, 'has_temporal_reference': False, 'mentions_action': False, 'mentions_system_state': False}",['block_execute'],"['investigate', 'summarize', 'ops']",['execute']
create a snapshot of the production database,execution,"{'is_question': False, 'question_word': None, 'has_imperative': False, 'imperative_verb': None, 'has_uncertainty_marker': False, 'has_temporal_reference': False, 'mentions_action': False, 'mentions_system_state': False}",[],"['investigate', 'execute', 'summarize', 'ops']",[]
tell me about ancient babylon,out_of_scope,"{'is_question': False, 'question_word': None, 'has_imperative': False, 'imperative_verb': None, 'has_uncertainty_marker': False, 'has_temporal_reference': False, 'mentions_action': False, 'mentions_system_state': False}",[],"['investigate', 'execute', 'summarize', 'ops']",[]
apply the security hotfix to the dependency,execution,"{'is_question': False, 'question_word': None, 'has_imperative': True, 'imperative_verb': 'apply', 'has_uncertainty_marker': False, 'has_temporal_reference': False, 'mentions_action': True, 'mentions_system_state': False}",['allow_execute'],"['investigate', 'execute', 'summarize', 'ops']",[]
tell me about the mongol empire,out_of_scope,"{'is_question': False, 'question_word': None, 'has_imperative': False, 'imperative_verb': None, 'has_uncertainty_marker': False, 'has_temporal_reference': False, 'mentions_action': False, 'mentions_system_state': False}",[],"['investigate', 'execute', 'summarize', 'ops']",[]
show me the root cause of latency issues,investigate,"{'is_question': False, 'question_word': None, 'has_imperative': False, 'imperative_verb': None, 'has_uncertainty_marker': False, 'has_temporal_reference': False, 'mentions_action': True, 'mentions_system_state': True}",[],"['investigate', 'execute', 'summarize', 'ops']",[]
renew the lets encrypt certificate manually,execution,"{'is_question': False, 'question_word': None, 'has_imperative': False, 'imperative_verb': None, 'has_uncertainty_marker': False, 'has_temporal_reference': False, 'mentions_action': False, 'mentions_system_state': False}",[],"['investigate', 'execute', 'summarize', 'ops']",[]
who is julius caesar,out_of_scope,"{'is_question': True, 'question_word': 'who', 'has_imperative': False, 'imperative_verb': None, 'has_uncertainty_marker': False, 'has_temporal_reference': False, 'mentions_action': False, 'mentions_system_state': False}",['block_execute'],"['investigate', 'summarize', 'ops']",['execute']
extend the filesystem after volume resize,execution,"{'is_question': False, 'question_word': None, 'has_imperative': False, 'imperative_verb': None, 'has_uncertainty_marker': False, 'has_temporal_reference': False, 'mentions_action': False, 'mentions_system_state': False}",[],"['investigate', 'execute', 'summarize', 'ops']",[]
tell me about astronomy,out_of_scope,"{'is_question': False, 'question_word': None, 'has_imperative': False, 'imperative_verb': None, 'has_uncertainty_marker': False, 'has_temporal_reference': False, 'mentions_action': False, 'mentions_system_state': False}",[],"['investigate', 'execute', 'summarize', 'ops']",[]
run the vacuum full on the postgres database,execution,"{'is_question': False, 'question_word': None, 'has_imperative': False, 'imperative_verb': None, 'has_uncertainty_marker': False, 'has_temporal_reference': False, 'mentions_action': False, 'mentions_system_state': False}",[],"['investigate', 'execute', 'summarize', 'ops']",[]
summarize the failure domain isolation test results,summarization,"{'is_question': False, 'question_word': None, 'has_imperative': False, 'imperative_verb': None, 'has_uncertainty_marker': False, 'has_temporal_reference': False, 'mentions_action': True, 'mentions_system_state': True}",[],"['investigate', 'execute', 'summarize', 'ops']",[]
add the new host to the monitoring system,execution,"{'is_question': False, 'question_word': None, 'has_imperative': False, 'imperative_verb': None, 'has_uncertainty_marker': False, 'has_temporal_reference': False, 'mentions_action': False, 'mentions_system_state': False}",[],"['investigate', 'execute', 'summarize', 'ops']",[]
tell me about the stone age,out_of_scope,"{'is_question': False, 'question_word': None, 'has_imperative': False, 'imperative_verb': None, 'has_uncertainty_marker': False, 'has_temporal_reference': False, 'mentions_action': False, 'mentions_system_state': False}",[],"['investigate', 'execute', 'summarize', 'ops']",[]
uncordon the node after patching,execution,"{'is_question': False, 'question_word': None, 'has_imperative': False, 'imperative_verb': None, 'has_uncertainty_marker': False, 'has_temporal_reference': False, 'mentions_action': True, 'mentions_system_state': False}",[],"['investigate', 'execute', 'summarize', 'ops']",[]
what is the uncertainty principle,out_of_scope,"{'is_question': True, 'question_word': 'what', 'has_imperative': False, 'imperative_verb': None, 'has_uncertainty_marker': True, 'has_temporal_reference': False, 'mentions_action': False, 'mentions_system_state': False}","['block_execute', 'prefer_investigate']","['investigate', 'summarize', 'ops']",['execute']
why is the ingress controller rejecting requests,investigate,"{'is_question': True, 'question_word': 'why', 'has_imperative': False, 'imperative_verb': None, 'has_uncertainty_marker': False, 'has_temporal_reference': False, 'mentions_action': False, 'mentions_system_state': False}",['block_execute'],"['investigate', 'summarize', 'ops']",['execute']
give me a rundown of the production issues this week,summarization,"{'is_question': False, 'question_word': None, 'has_imperative': False, 'imperative_verb': None, 'has_uncertainty_marker': False, 'has_temporal_reference': False, 'mentions_action': False, 'mentions_system_state': True}",[],"['investigate', 'execute', 'summarize', 'ops']",[]
how do I play poker,out_of_scope,"{'is_question': True, 'question_word': 'how', 'has_imperative': False, 'imperative_verb': None, 'has_uncertainty_marker': False, 'has_temporal_reference': False, 'mentions_action': False, 'mentions_system_state': False}",['block_execute'],"['investigate', 'summarize', 'ops']",['execute']
configure the backup schedule for hourly snapshots,execution,"{'is_question': False, 'question_word': None, 'has_imperative': False, 'imperative_verb': None, 'has_uncertainty_marker': False, 'has_temporal_reference': False, 'mentions_action': False, 'mentions_system_state': False}",[],"['investigate', 'execute', 'summarize', 'ops']",[]
summarize the release candidate validation results,summarization,"{'is_question': False, 'question_word': None, 'has_imperative': False, 'imperative_verb': None, 'has_uncertainty_marker': False, 'has_temporal_reference': False, 'mentions_action': True, 'mentions_system_state': False}",[],"['investigate', 'execute', 'summarize', 'ops']",[]
scale the api service to 5 replicas,execution,"{'is_question': False, 'question_word': None, 'has_imperative': True, 'imperative_verb': 'scale', 'has_uncertainty_marker': False, 'has_temporal_reference': False, 'mentions_action': True, 'mentions_system_state': False}",['allow_execute'],"['investigate', 'execute', 'summarize', 'ops']",[]
how do I meditate,out_of_scope,"{'is_question': True, 'question_word': 'how', 'has_imperative': False, 'imperative_verb': None, 'has_uncertainty_marker': False, 'has_temporal_reference': False, 'mentions_action': False, 'mentions_system_state': False}",['block_execute'],"['investigate', 'summarize', 'ops']",['execute']
what is causing the jdbc connection pool saturation,investigate,"{'is_question': True, 'question_word': 'what', 'has_imperative': False, 'imperative_verb': None, 'has_uncertainty_marker': False, 'has_temporal_reference': False, 'mentions_action': False, 'mentions_system_state': False}",['block_execute'],"['investigate', 'summarize', 'ops']",['execute']
what is the history of chess,out_of_scope,"{'is_question': True, 'question_word': 'what', 'has_imperative': False, 'imperative_verb': None, 'has_uncertainty_marker': False, 'has_temporal_reference': False, 'mentions_action': False, 'mentions_system_state': False}",['block_execute'],"['investigate', 'summarize', 'ops']",['execute']
what is a cytoplasm,out_of_scope,"{'is_question': True, 'question_word': 'what', 'has_imperative': False, 'imperative_verb': None, 'has_uncertainty_marker': False, 'has_temporal_reference': False, 'mentions_action': False, 'mentions_system_state': False}",['block_execute'],"['investigate', 'summarize', 'ops']",['execute']
how do I plant a tree,out_of_scope,"{'is_question': True, 'question_word': 'how', 'has_imperative': False, 'imperative_verb': None, 'has_uncertainty_marker': False, 'has_temporal_reference': False, 'mentions_action': False, 'mentions_system_state': False}",['block_execute'],"['investigate', 'summarize', 'ops']",['execute']
umount the nfs share that is hanging,execution,"{'is_question': False, 'question_word': None, 'has_imperative': False, 'imperative_verb': None, 'has_uncertainty_marker': False, 'has_temporal_reference': False, 'mentions_action': False, 'mentions_system_state': False}",[],"['investigate', 'execute', 'summarize', 'ops']",[]
what is design,out_of_scope,"{'is_question': True, 'question_word': 'what', 'has_imperative': False, 'imperative_verb': None, 'has_uncertainty_marker': False, 'has_temporal_reference': False, 'mentions_action': False, 'mentions_system_state': False}",['block_execute'],"['investigate', 'summarize', 'ops']",['execute']
how do I make wine at home,out_of_scope,"{'is_question': True, 'question_word': 'how', 'has_imperative': False, 'imperative_verb': None, 'has_uncertainty_marker': False, 'has_temporal_reference': False, 'mentions_action': False, 'mentions_system_state': False}",['block_execute'],"['investigate', 'summarize', 'ops']",['execute']
summarize the incident classification by severity,summarization,"{'is_question': False, 'question_word': None, 'has_imperative': False, 'imperative_verb': None, 'has_uncertainty_marker': False, 'has_temporal_reference': False, 'mentions_action': True, 'mentions_system_state': False}",[],"['investigate', 'execute', 'summarize', 'ops']",[]
investigate the kernel soft lockup warnings,investigate,"{'is_question': False, 'question_word': None, 'has_imperative': False, 'imperative_verb': None, 'has_uncertainty_marker': False, 'has_temporal_reference': False, 'mentions_action': True, 'mentions_system_state': False}",[],"['investigate', 'execute', 'summarize', 'ops']",[]
tell me about the roman gladiators,out_of_scope,"{'is_question': False, 'question_word': None, 'has_imperative': False, 'imperative_verb': None, 'has_uncertainty_marker': False, 'has_temporal_reference': False, 'mentions_action': False, 'mentions_system_state': False}",[],"['investigate', 'execute', 'summarize', 'ops']",[]
summarize the certificate rotation completion status,summarization,"{'is_question': False, 'question_word': None, 'has_imperative': False, 'imperative_verb': None, 'has_uncertainty_marker': False, 'has_temporal_reference': False, 'mentions_action': True, 'mentions_system_state': True}",[],"['investigate', 'execute', 'summarize', 'ops']",[]
configure the jaeger sampling rate,execution,"{'is_question': False, 'question_word': None, 'has_imperative': False, 'imperative_verb': None, 'has_uncertainty_marker': False, 'has_temporal_reference': False, 'mentions_action': False, 'mentions_system_state': False}",[],"['investigate', 'execute', 'summarize', 'ops']",[]
how do I make butter at home,out_of_scope,"{'is_question': True, 'question_word': 'how', 'has_imperative': False, 'imperative_verb': None, 'has_uncertainty_marker': False, 'has_temporal_reference': False, 'mentions_action': False, 'mentions_system_state': False}",['block_execute'],"['investigate', 'summarize', 'ops']",['execute']
why is the container runtime consuming so much memory,investigate,"{'is_question': True, 'question_word': 'why', 'has_imperative': False, 'imperative_verb': None, 'has_uncertainty_marker': False, 'has_temporal_reference': False, 'mentions_action': False, 'mentions_system_state': True}","['block_execute', 'require_diagnostic_investigate']","['investigate', 'summarize', 'ops']",['execute']
who discovered america,out_of_scope,"{'is_question': True, 'question_word': 'who', 'has_imperative': False, 'imperative_verb': None, 'has_uncertainty_marker': False, 'has_temporal_reference': False, 'mentions_action': False, 'mentions_system_state': False}",['block_execute'],"['investigate', 'summarize', 'ops']",['execute']
how do I play guitar,out_of_scope,"{'is_question': True, 'question_word': 'how', 'has_imperative': False, 'imperative_verb': None, 'has_uncertainty_marker': False, 'has_temporal_reference': False, 'mentions_action': False, 'mentions_system_state': False}",['block_execute'],"['investigate', 'summarize', 'ops']",['execute']
provide a recap of the security posture improvement this quarter,summarization,"{'is_question': False, 'question_word': None, 'has_imperative': False, 'imperative_verb': None, 'has_uncertainty_marker': False, 'has_temporal_reference': False, 'mentions_action': False, 'mentions_system_state': False}",[],"['investigate', 'execute', 'summarize', 'ops']",[]
apply network policy,execution,"{'is_question': False, 'question_word': None, 'has_imperative': True, 'imperative_verb': 'apply', 'has_uncertainty_marker': False, 'has_temporal_reference': False, 'mentions_action': True, 'mentions_system_state': False}",['allow_execute'],"['investigate', 'execute', 'summarize', 'ops']",[]
summarize the findings from the recent security audit,summarization,"{'is_question': False, 'question_word': None, 'has_imperative': False, 'imperative_verb': None, 'has_uncertainty_marker': False, 'has_temporal_reference': False, 'mentions_action': True, 'mentions_system_state': False}",[],"['investigate', 'execute', 'summarize', 'ops']",[]
give me a summary of the runtime exception trends,summarization,"{'is_question': False, 'question_word': None, 'has_imperative': False, 'imperative_verb': None, 'has_uncertainty_marker': False, 'has_temporal_reference': False, 'mentions_action': False, 'mentions_system_state': False}",[],"['investigate', 'execute', 'summarize', 'ops']",[]
tell me about giraffes,out_of_scope,"{'is_question': False, 'question_word': None, 'has_imperative': False, 'imperative_verb': None, 'has_uncertainty_marker': False, 'has_temporal_reference': False, 'mentions_action': False, 'mentions_system_state': False}",[],"['investigate', 'execute', 'summarize', 'ops']",[]
why is the io scheduler causing write starvation,investigate,"{'is_question': True, 'question_word': 'why', 'has_imperative': False, 'imperative_verb': None, 'has_uncertainty_marker': False, 'has_temporal_reference': False, 'mentions_action': False, 'mentions_system_state': False}",['block_execute'],"['investigate', 'summarize', 'ops']",['execute']
analyze the slow query explain plan,investigate,"{'is_question': False, 'question_word': None, 'has_imperative': False, 'imperative_verb': None, 'has_uncertainty_marker': False, 'has_temporal_reference': False, 'mentions_action': True, 'mentions_system_state': True}",[],"['investigate', 'execute', 'summarize', 'ops']",[]
configure the metrics server resource requests,execution,"{'is_question': False, 'question_word': None, 'has_imperative': False, 'imperative_verb': None, 'has_uncertainty_marker': False, 'has_temporal_reference': False, 'mentions_action': False, 'mentions_system_state': False}",[],"['investigate', 'execute', 'summarize', 'ops']",[]
enable tracing,execution,"{'is_question': False, 'question_word': None, 'has_imperative': False, 'imperative_verb': None, 'has_uncertainty_marker': False, 'has_temporal_reference': False, 'mentions_action': False, 'mentions_system_state': False}",[],"['investigate', 'execute', 'summarize', 'ops']",[]
annotate the service with the canary weight,execution,"{'is_question': False, 'question_word': None, 'has_imperative': False, 'imperative_verb': None, 'has_uncertainty_marker': False, 'has_temporal_reference': False, 'mentions_action': False, 'mentions_system_state': False}",[],"['investigate', 'execute', 'summarize', 'ops']",[]
enable the new caching strategy globally,execution,"{'is_question': False, 'question_word': None, 'has_imperative': False, 'imperative_verb': None, 'has_uncertainty_marker': False, 'has_temporal_reference': False, 'mentions_action': False, 'mentions_system_state': False}",[],"['investigate', 'execute', 'summarize', 'ops']",[]
run the database failover test,execution,"{'is_question': False, 'question_word': None, 'has_imperative': False, 'imperative_verb': None, 'has_uncertainty_marker': False, 'has_temporal_reference': False, 'mentions_action': False, 'mentions_system_state': True}",[],"['investigate', 'execute', 'summarize', 'ops']",[]
tell me about the trojan war,out_of_scope,"{'is_question': False, 'question_word': None, 'has_imperative': False, 'imperative_verb': None, 'has_uncertainty_marker': False, 'has_temporal_reference': False, 'mentions_action': False, 'mentions_system_state': False}",[],"['investigate', 'execute', 'summarize', 'ops']",[]
summarize the blue green deployment outcome,summarization,"{'is_question': False, 'question_word': None, 'has_imperative': False, 'imperative_verb': None, 'has_uncertainty_marker': False, 'has_temporal_reference': False, 'mentions_action': True, 'mentions_system_state': False}",[],"['investigate', 'execute', 'summarize', 'ops']",[]
investigate the flapping health checks,investigate,"{'is_question': False, 'question_word': None, 'has_imperative': False, 'imperative_verb': None, 'has_uncertainty_marker': False, 'has_temporal_reference': False, 'mentions_action': True, 'mentions_system_state': False}",[],"['investigate', 'execute', 'summarize', 'ops']",[]
summarize the open actionable items from postmortems,summarization,"{'is_question': False, 'question_word': None, 'has_imperative': False, 'imperative_verb': None, 'has_uncertainty_marker': False, 'has_temporal_reference': False, 'mentions_action': True, 'mentions_system_state': False}",[],"['investigate', 'execute', 'summarize', 'ops']",[]
update the firewall rules to allow port 8443,execution,"{'is_question': False, 'question_word': None, 'has_imperative': True, 'imperative_verb': 'update', 'has_uncertainty_marker': False, 'has_temporal_reference': False, 'mentions_action': True, 'mentions_system_state': False}",['allow_execute'],"['investigate', 'execute', 'summarize', 'ops']",[]
analyze the ingress rule causing traffic leak,investigate,"{'is_question': False, 'question_word': None, 'has_imperative': False, 'imperative_verb': None, 'has_uncertainty_marker': False, 'has_temporal_reference': False, 'mentions_action': False, 'mentions_system_state': True}",[],"['investigate', 'execute', 'summarize', 'ops']",[]
deploy the hotfix to all production nodes,execution,"{'is_question': False, 'question_word': None, 'has_imperative': True, 'imperative_verb': 'deploy', 'has_uncertainty_marker': False, 'has_temporal_reference': False, 'mentions_action': True, 'mentions_system_state': False}",['allow_execute'],"['investigate', 'execute', 'summarize', 'ops']",[]
how do I make a rope,out_of_scope,"{'is_question': True, 'question_word': 'how', 'has_imperative': False, 'imperative_verb': None, 'has_uncertainty_marker': False, 'has_temporal_reference': False, 'mentions_action': False, 'mentions_system_state': False}",['block_execute'],"['investigate', 'summarize', 'ops']",['execute']
how do I carve soap,out_of_scope,"{'is_question': True, 'question_word': 'how', 'has_imperative': False, 'imperative_verb': None, 'has_uncertainty_marker': False, 'has_temporal_reference': False, 'mentions_action': False, 'mentions_system_state': False}",['block_execute'],"['investigate', 'summarize', 'ops']",['execute']
summarize the on-call activity for the past month,summarization,"{'is_question': False, 'question_word': None, 'has_imperative': False, 'imperative_verb': None, 'has_uncertainty_marker': False, 'has_temporal_reference': True, 'mentions_action': True, 'mentions_system_state': False}",[],"['investigate', 'execute', 'summarize', 'ops']",[]
tell me about the inca empire,out_of_scope,"{'is_question': False, 'question_word': None, 'has_imperative': False, 'imperative_verb': None, 'has_uncertainty_marker': False, 'has_temporal_reference': False, 'mentions_action': False, 'mentions_system_state': False}",[],"['investigate', 'execute', 'summarize', 'ops']",[]
summarize the incident postmortem action items,summarization,"{'is_question': False, 'question_word': None, 'has_imperative': False, 'imperative_verb': None, 'has_uncertainty_marker': False, 'has_temporal_reference': False, 'mentions_action': True, 'mentions_system_state': False}",[],"['investigate', 'execute', 'summarize', 'ops']",[]
how do submarines work,out_of_scope,"{'is_question': True, 'question_word': 'how', 'has_imperative': False, 'imperative_verb': None, 'has_uncertainty_marker': False, 'has_temporal_reference': False, 'mentions_action': False, 'mentions_system_state': False}",['block_execute'],"['investigate', 'summarize', 'ops']",['execute']
investigate the excessive logging causing disk saturation,investigate,"{'is_question': False, 'question_word': None, 'has_imperative': False, 'imperative_verb': None, 'has_uncertainty_marker': False, 'has_temporal_reference': False, 'mentions_action': True, 'mentions_system_state': False}",[],"['investigate', 'execute', 'summarize', 'ops']",[]
enable write-ahead logging on the database,execution,"{'is_question': False, 'question_word': None, 'has_imperative': False, 'imperative_verb': None, 'has_uncertainty_marker': False, 'has_temporal_reference': False, 'mentions_action': False, 'mentions_system_state': False}",[],"['investigate', 'execute', 'summarize', 'ops']",[]
investigate the dropped packets on the vpn interface,investigate,"{'is_question': False, 'question_word': None, 'has_imperative': False, 'imperative_verb': None, 'has_uncertainty_marker': False, 'has_temporal_reference': False, 'mentions_action': True, 'mentions_system_state': False}",[],"['investigate', 'execute', 'summarize', 'ops']",[]
check memory usage on db-server-7,investigate,"{'is_question': False, 'question_word': None, 'has_imperative': False, 'imperative_verb': None, 'has_uncertainty_marker': False, 'has_temporal_reference': False, 'mentions_action': True, 'mentions_system_state': True}",[],"['investigate', 'execute', 'summarize', 'ops']",[]
look into the mutex contention on shared resource,investigate,"{'is_question': False, 'question_word': None, 'has_imperative': False, 'imperative_verb': None, 'has_uncertainty_marker': False, 'has_temporal_reference': False, 'mentions_action': False, 'mentions_system_state': False}",[],"['investigate', 'execute', 'summarize', 'ops']",[]
why is the replica set not converging,investigate,"{'is_question': True, 'question_word': 'why', 'has_imperative': False, 'imperative_verb': None, 'has_uncertainty_marker': False, 'has_temporal_reference': False, 'mentions_action': False, 'mentions_system_state': False}",['block_execute'],"['investigate', 'summarize', 'ops']",['execute']
what is the nitrogen cycle,out_of_scope,"{'is_question': True, 'question_word': 'what', 'has_imperative': False, 'imperative_verb': None, 'has_uncertainty_marker': False, 'has_temporal_reference': False, 'mentions_action': False, 'mentions_system_state': False}",['block_execute'],"['investigate', 'summarize', 'ops']",['execute']
run the automated rollback on failed deployment,execution,"{'is_question': False, 'question_word': None, 'has_imperative': False, 'imperative_verb': None, 'has_uncertainty_marker': False, 'has_temporal_reference': False, 'mentions_action': True, 'mentions_system_state': True}",[],"['investigate', 'execute', 'summarize', 'ops']",[]
what is the food chain,out_of_scope,"{'is_question': True, 'question_word': 'what', 'has_imperative': False, 'imperative_verb': None, 'has_uncertainty_marker': False, 'has_temporal_reference': False, 'mentions_action': False, 'mentions_system_state': False}",['block_execute'],"['investigate', 'summarize', 'ops']",['execute']
tell me about the olympics history,out_of_scope,"{'is_question': False, 'question_word': None, 'has_imperative': False, 'imperative_verb': None, 'has_uncertainty_marker': False, 'has_temporal_reference': False, 'mentions_action': False, 'mentions_system_state': False}",[],"['investigate', 'execute', 'summarize', 'ops']",[]
how do I become a chef,out_of_scope,"{'is_question': True, 'question_word': 'how', 'has_imperative': False, 'imperative_verb': None, 'has_uncertainty_marker': False, 'has_temporal_reference': False, 'mentions_action': False, 'mentions_system_state': False}",['block_execute'],"['investigate', 'summarize', 'ops']",['execute']
summarize the configuration drift detections this week,summarization,"{'is_question': False, 'question_word': None, 'has_imperative': False, 'imperative_verb': None, 'has_uncertainty_marker': False, 'has_temporal_reference': False, 'mentions_action': True, 'mentions_system_state': False}",[],"['investigate', 'execute', 'summarize', 'ops']",[]
how do I make paella,out_of_scope,"{'is_question': True, 'question_word': 'how', 'has_imperative': False, 'imperative_verb': None, 'has_uncertainty_marker': False, 'has_temporal_reference': False, 'mentions_action': False, 'mentions_system_state': False}",['block_execute'],"['investigate', 'summarize', 'ops']",['execute']
give me a summary of the infrastructure scaling events,summarization,"{'is_question': False, 'question_word': None, 'has_imperative': False, 'imperative_verb': None, 'has_uncertainty_marker': False, 'has_temporal_reference': False, 'mentions_action': False, 'mentions_system_state': False}",[],"['investigate', 'execute', 'summarize', 'ops']",[]
configure the webhook timeout for the admission controller,execution,"{'is_question': False, 'question_word': None, 'has_imperative': False, 'imperative_verb': None, 'has_uncertainty_marker': False, 'has_temporal_reference': False, 'mentions_action': False, 'mentions_system_state': False}",[],"['investigate', 'execute', 'summarize', 'ops']",[]
provide a brief on the certificate rotation status,summarization,"{'is_question': False, 'question_word': None, 'has_imperative': False, 'imperative_verb': None, 'has_uncertainty_marker': False, 'has_temporal_reference': False, 'mentions_action': False, 'mentions_system_state': True}",[],"['investigate', 'execute', 'summarize', 'ops']",[]
what is the human genome,out_of_scope,"{'is_question': True, 'question_word': 'what', 'has_imperative': False, 'imperative_verb': None, 'has_uncertainty_marker': False, 'has_temporal_reference': False, 'mentions_action': False, 'mentions_system_state': False}",['block_execute'],"['investigate', 'summarize', 'ops']",['execute']
why is the proxy returning empty responses,investigate,"{'is_question': True, 'question_word': 'why', 'has_imperative': False, 'imperative_verb': None, 'has_uncertainty_marker': False, 'has_temporal_reference': False, 'mentions_action': False, 'mentions_system_state': False}",['block_execute'],"['investigate', 'summarize', 'ops']",['execute']
what is a pulsar,out_of_scope,"{'is_question': True, 'question_word': 'what', 'has_imperative': False, 'imperative_verb': None, 'has_uncertainty_marker': False, 'has_temporal_reference': False, 'mentions_action': False, 'mentions_system_state': False}",['block_execute'],"['investigate', 'summarize', 'ops']",['execute']
give me an overview of the active feature rollouts,summarization,"{'is_question': False, 'question_word': None, 'has_imperative': False, 'imperative_verb': None, 'has_uncertainty_marker': False, 'has_temporal_reference': False, 'mentions_action': False, 'mentions_system_state': False}",[],"['investigate', 'execute', 'summarize', 'ops']",[]
who is winston churchill,out_of_scope,"{'is_question': True, 'question_word': 'who', 'has_imperative': False, 'imperative_verb': None, 'has_uncertainty_marker': False, 'has_temporal_reference': False, 'mentions_action': False, 'mentions_system_state': False}",['block_execute'],"['investigate', 'summarize', 'ops']",['execute']
give me operational summary,summarization,"{'is_question': False, 'question_word': None, 'has_imperative': False, 'imperative_verb': None, 'has_uncertainty_marker': False, 'has_temporal_reference': False, 'mentions_action': False, 'mentions_system_state': False}",[],"['investigate', 'execute', 'summarize', 'ops']",[]
investigate the tcp syn flood on the public interface,investigate,"{'is_question': False, 'question_word': None, 'has_imperative': False, 'imperative_verb': None, 'has_uncertainty_marker': False, 'has_temporal_reference': False, 'mentions_action': True, 'mentions_system_state': False}",[],"['investigate', 'execute', 'summarize', 'ops']",[]
tell me about the cold war,out_of_scope,"{'is_question': False, 'question_word': None, 'has_imperative': False, 'imperative_verb': None, 'has_uncertainty_marker': False, 'has_temporal_reference': False, 'mentions_action': False, 'mentions_system_state': False}",[],"['investigate', 'execute', 'summarize', 'ops']",[]
analyze the slow commit log replay after recovery,investigate,"{'is_question': False, 'question_word': None, 'has_imperative': False, 'imperative_verb': None, 'has_uncertainty_marker': False, 'has_temporal_reference': False, 'mentions_action': False, 'mentions_system_state': True}",[],"['investigate', 'execute', 'summarize', 'ops']",[]
how do I plant a vegetable garden,out_of_scope,"{'is_question': True, 'question_word': 'how', 'has_imperative': False, 'imperative_verb': None, 'has_uncertainty_marker': False, 'has_temporal_reference': False, 'mentions_action': False, 'mentions_system_state': False}",['block_execute'],"['investigate', 'summarize', 'ops']",['execute']
summarize the thread pool utilization trends this week,summarization,"{'is_question': False, 'question_word': None, 'has_imperative': False, 'imperative_verb': None, 'has_uncertainty_marker': False, 'has_temporal_reference': False, 'mentions_action': True, 'mentions_system_state': False}",[],"['investigate', 'execute', 'summarize', 'ops']",[]
configure the etcd compaction interval,execution,"{'is_question': False, 'question_word': None, 'has_imperative': False, 'imperative_verb': None, 'has_uncertainty_marker': False, 'has_temporal_reference': False, 'mentions_action': False, 'mentions_system_state': False}",[],"['investigate', 'execute', 'summarize', 'ops']",[]
why is the log shipper dropping records,investigate,"{'is_question': True, 'question_word': 'why', 'has_imperative': False, 'imperative_verb': None, 'has_uncertainty_marker': False, 'has_temporal_reference': False, 'mentions_action': False, 'mentions_system_state': False}",['block_execute'],"['investigate', 'summarize', 'ops']",['execute']
what is causing the increased p95 latency,investigate,"{'is_question': True, 'question_word': 'what', 'has_imperative': False, 'imperative_verb': None, 'has_uncertainty_marker': False, 'has_temporal_reference': False, 'mentions_action': False, 'mentions_system_state': True}","['block_execute', 'require_diagnostic_investigate']","['investigate', 'summarize', 'ops']",['execute']
summarize the transaction rollback rate by service,summarization,"{'is_question': False, 'question_word': None, 'has_imperative': False, 'imperative_verb': None, 'has_uncertainty_marker': False, 'has_temporal_reference': False, 'mentions_action': True, 'mentions_system_state': False}",[],"['investigate', 'execute', 'summarize', 'ops']",[]
what is jazz music,out_of_scope,"{'is_question': True, 'question_word': 'what', 'has_imperative': False, 'imperative_verb': None, 'has_uncertainty_marker': False, 'has_temporal_reference': False, 'mentions_action': False, 'mentions_system_state': False}",['block_execute'],"['investigate', 'summarize', 'ops']",['execute']
tell me about the middle ages,out_of_scope,"{'is_question': False, 'question_word': None, 'has_imperative': False, 'imperative_verb': None, 'has_uncertainty_marker': False, 'has_temporal_reference': False, 'mentions_action': False, 'mentions_system_state': False}",[],"['investigate', 'execute', 'summarize', 'ops']",[]
give me a summary of the automated remediation coverage,summarization,"{'is_question': False, 'question_word': None, 'has_imperative': False, 'imperative_verb': None, 'has_uncertainty_marker': False, 'has_temporal_reference': False, 'mentions_action': False, 'mentions_system_state': False}",[],"['investigate', 'execute', 'summarize', 'ops']",[]
what is a binary star system,out_of_scope,"{'is_question': True, 'question_word': 'what', 'has_imperative': False, 'imperative_verb': None, 'has_uncertainty_marker': False, 'has_temporal_reference': False, 'mentions_action': False, 'mentions_system_state': False}",['block_execute'],"['investigate', 'summarize', 'ops']",['execute']
give me a summary of the observability alert noise ratio,summarization,"{'is_question': False, 'question_word': None, 'has_imperative': False, 'imperative_verb': None, 'has_uncertainty_marker': False, 'has_temporal_reference': False, 'mentions_action': False, 'mentions_system_state': False}",[],"['investigate', 'execute', 'summarize', 'ops']",[]
how do I make french press coffee,out_of_scope,"{'is_question': True, 'question_word': 'how', 'has_imperative': False, 'imperative_verb': None, 'has_uncertainty_marker': False, 'has_temporal_reference': False, 'mentions_action': False, 'mentions_system_state': False}",['block_execute'],"['investigate', 'summarize', 'ops']",['execute']
how do I start a podcast,out_of_scope,"{'is_question': True, 'question_word': 'how', 'has_imperative': False, 'imperative_verb': None, 'has_uncertainty_marker': False, 'has_temporal_reference': False, 'mentions_action': True, 'mentions_system_state': False}",['block_execute'],"['investigate', 'summarize', 'ops']",['execute']
how do I learn to identify birds,out_of_scope,"{'is_question': True, 'question_word': 'how', 'has_imperative': False, 'imperative_verb': None, 'has_uncertainty_marker': False, 'has_temporal_reference': False, 'mentions_action': False, 'mentions_system_state': False}",['block_execute'],"['investigate', 'summarize', 'ops']",['execute']
who composed the nutcracker,out_of_scope,"{'is_question': True, 'question_word': 'who', 'has_imperative': False, 'imperative_verb': None, 'has_uncertainty_marker': False, 'has_temporal_reference': False, 'mentions_action': False, 'mentions_system_state': False}",['block_execute'],"['investigate', 'summarize', 'ops']",['execute']
investigate the file system corruption on node-8,investigate,"{'is_question': False, 'question_word': None, 'has_imperative': False, 'imperative_verb': None, 'has_uncertainty_marker': False, 'has_temporal_reference': False, 'mentions_action': True, 'mentions_system_state': False}",[],"['investigate', 'execute', 'summarize', 'ops']",[]
why is the api response size unexpectedly large,investigate,"{'is_question': True, 'question_word': 'why', 'has_imperative': False, 'imperative_verb': None, 'has_uncertainty_marker': False, 'has_temporal_reference': False, 'mentions_action': False, 'mentions_system_state': False}",['block_execute'],"['investigate', 'summarize', 'ops']",['execute']
configure the ocsp stapling on the server,execution,"{'is_question': False, 'question_word': None, 'has_imperative': False, 'imperative_verb': None, 'has_uncertainty_marker': False, 'has_temporal_reference': False, 'mentions_action': False, 'mentions_system_state': False}",[],"['investigate', 'execute', 'summarize', 'ops']",[]
who wrote the odyssey,out_of_scope,"{'is_question': True, 'question_word': 'who', 'has_imperative': False, 'imperative_verb': None, 'has_uncertainty_marker': False, 'has_temporal_reference': False, 'mentions_action': False, 'mentions_system_state': False}",['block_execute'],"['investigate', 'summarize', 'ops']",['execute']
analyze the retry storm on downstream services,investigate,"{'is_question': False, 'question_word': None, 'has_imperative': False, 'imperative_verb': None, 'has_uncertainty_marker': False, 'has_temporal_reference': False, 'mentions_action': False, 'mentions_system_state': True}",[],"['investigate', 'execute', 'summarize', 'ops']",[]
who invented the light bulb,out_of_scope,"{'is_question': True, 'question_word': 'who', 'has_imperative': False, 'imperative_verb': None, 'has_uncertainty_marker': False, 'has_temporal_reference': False, 'mentions_action': False, 'mentions_system_state': False}",['block_execute'],"['investigate', 'summarize', 'ops']",['execute']
enable the branch protection rule on the repo,execution,"{'is_question': False, 'question_word': None, 'has_imperative': False, 'imperative_verb': None, 'has_uncertainty_marker': False, 'has_temporal_reference': False, 'mentions_action': False, 'mentions_system_state': False}",[],"['investigate', 'execute', 'summarize', 'ops']",[]
give me a summary of the tenant sla compliance status,summarization,"{'is_question': False, 'question_word': None, 'has_imperative': False, 'imperative_verb': None, 'has_uncertainty_marker': False, 'has_temporal_reference': False, 'mentions_action': False, 'mentions_system_state': True}",[],"['investigate', 'execute', 'summarize', 'ops']",[]
summarize the sre toil metrics this quarter,summarization,"{'is_question': False, 'question_word': None, 'has_imperative': False, 'imperative_verb': None, 'has_uncertainty_marker': False, 'has_temporal_reference': False, 'mentions_action': True, 'mentions_system_state': False}",[],"['investigate', 'execute', 'summarize', 'ops']",[]
tell me about the pyramids,out_of_scope,"{'is_question': False, 'question_word': None, 'has_imperative': False, 'imperative_verb': None, 'has_uncertainty_marker': False, 'has_temporal_reference': False, 'mentions_action': False, 'mentions_system_state': False}",[],"['investigate', 'execute', 'summarize', 'ops']",[]
resize the logical volume for the data partition,execution,"{'is_question': False, 'question_word': None, 'has_imperative': False, 'imperative_verb': None, 'has_uncertainty_marker': False, 'has_temporal_reference': False, 'mentions_action': False, 'mentions_system_state': False}",[],"['investigate', 'execute', 'summarize', 'ops']",[]
what is the fibonacci sequence,out_of_scope,"{'is_question': True, 'question_word': 'what', 'has_imperative': False, 'imperative_verb': None, 'has_uncertainty_marker': False, 'has_temporal_reference': False, 'mentions_action': False, 'mentions_system_state': False}",['block_execute'],"['investigate', 'summarize', 'ops']",['execute']
give me a summary of the node utilization across zones,summarization,"{'is_question': False, 'question_word': None, 'has_imperative': False, 'imperative_verb': None, 'has_uncertainty_marker': False, 'has_temporal_reference': False, 'mentions_action': False, 'mentions_system_state': False}",[],"['investigate', 'execute', 'summarize', 'ops']",[]
check the reason for the network interface flapping,investigate,"{'is_question': False, 'question_word': None, 'has_imperative': False, 'imperative_verb': None, 'has_uncertainty_marker': False, 'has_temporal_reference': False, 'mentions_action': True, 'mentions_system_state': False}",[],"['investigate', 'execute', 'summarize', 'ops']",[]
how do I whittle wood,out_of_scope,"{'is_question': True, 'question_word': 'how', 'has_imperative': False, 'imperative_verb': None, 'has_uncertainty_marker': False, 'has_temporal_reference': False, 'mentions_action': False, 'mentions_system_state': False}",['block_execute'],"['investigate', 'summarize', 'ops']",['execute']
tell me about medieval castles,out_of_scope,"{'is_question': False, 'question_word': None, 'has_imperative': False, 'imperative_verb': None, 'has_uncertainty_marker': False, 'has_temporal_reference': False, 'mentions_action': False, 'mentions_system_state': False}",[],"['investigate', 'execute', 'summarize', 'ops']",[]
how do I photograph,out_of_scope,"{'is_question': True, 'question_word': 'how', 'has_imperative': False, 'imperative_verb': None, 'has_uncertainty_marker': False, 'has_temporal_reference': False, 'mentions_action': False, 'mentions_system_state': False}",['block_execute'],"['investigate', 'summarize', 'ops']",['execute']
look into the prometheus scrape failures,investigate,"{'is_question': False, 'question_word': None, 'has_imperative': False, 'imperative_verb': None, 'has_uncertainty_marker': False, 'has_temporal_reference': False, 'mentions_action': False, 'mentions_system_state': True}",[],"['investigate', 'execute', 'summarize', 'ops']",[]
enable the dns query logging for diagnostics,execution,"{'is_question': False, 'question_word': None, 'has_imperative': False, 'imperative_verb': None, 'has_uncertainty_marker': False, 'has_temporal_reference': False, 'mentions_action': False, 'mentions_system_state': False}",[],"['investigate', 'execute', 'summarize', 'ops']",[]
who is shakespeare,out_of_scope,"{'is_question': True, 'question_word': 'who', 'has_imperative': False, 'imperative_verb': None, 'has_uncertainty_marker': False, 'has_temporal_reference': False, 'mentions_action': False, 'mentions_system_state': False}",['block_execute'],"['investigate', 'summarize', 'ops']",['execute']
summarize the cost per service unit this quarter,summarization,"{'is_question': False, 'question_word': None, 'has_imperative': False, 'imperative_verb': None, 'has_uncertainty_marker': False, 'has_temporal_reference': False, 'mentions_action': True, 'mentions_system_state': False}",[],"['investigate', 'execute', 'summarize', 'ops']",[]
investigate the cross-region latency increase,investigate,"{'is_question': False, 'question_word': None, 'has_imperative': False, 'imperative_verb': None, 'has_uncertainty_marker': False, 'has_temporal_reference': False, 'mentions_action': True, 'mentions_system_state': True}",[],"['investigate', 'execute', 'summarize', 'ops']",[]
analyze the pattern of disk write errors on the host,investigate,"{'is_question': False, 'question_word': None, 'has_imperative': False, 'imperative_verb': None, 'has_uncertainty_marker': False, 'has_temporal_reference': False, 'mentions_action': False, 'mentions_system_state': True}",[],"['investigate', 'execute', 'summarize', 'ops']",[]
what is a galaxy,out_of_scope,"{'is_question': True, 'question_word': 'what', 'has_imperative': False, 'imperative_verb': None, 'has_uncertainty_marker': False, 'has_temporal_reference': False, 'mentions_action': False, 'mentions_system_state': False}",['block_execute'],"['investigate', 'summarize', 'ops']",['execute']
update the load balancer target group with new instances,execution,"{'is_question': False, 'question_word': None, 'has_imperative': True, 'imperative_verb': 'update', 'has_uncertainty_marker': False, 'has_temporal_reference': False, 'mentions_action': True, 'mentions_system_state': False}",['allow_execute'],"['investigate', 'execute', 'summarize', 'ops']",[]
configure the heap profiler for the java service,execution,"{'is_question': False, 'question_word': None, 'has_imperative': False, 'imperative_verb': None, 'has_uncertainty_marker': False, 'has_temporal_reference': False, 'mentions_action': False, 'mentions_system_state': False}",[],"['investigate', 'execute', 'summarize', 'ops']",[]
terminate the zombie processes,execution,"{'is_question': False, 'question_word': None, 'has_imperative': True, 'imperative_verb': 'terminate', 'has_uncertainty_marker': False, 'has_temporal_reference': False, 'mentions_action': True, 'mentions_system_state': False}",['allow_execute'],"['investigate', 'execute', 'summarize', 'ops']",[]
summarize the batch processing job completion rates,summarization,"{'is_question': False, 'question_word': None, 'has_imperative': False, 'imperative_verb': None, 'has_uncertainty_marker': False, 'has_temporal_reference': False, 'mentions_action': True, 'mentions_system_state': False}",[],"['investigate', 'execute', 'summarize', 'ops']",[]
what caused the token bucket to overflow,investigate,"{'is_question': True, 'question_word': 'what', 'has_imperative': False, 'imperative_verb': None, 'has_uncertainty_marker': False, 'has_temporal_reference': False, 'mentions_action': False, 'mentions_system_state': False}",['block_execute'],"['investigate', 'summarize', 'ops']",['execute']
analyze the write skew in the distributed transaction,investigate,"{'is_question': False, 'question_word': None, 'has_imperative': False, 'imperative_verb': None, 'has_uncertainty_marker': False, 'has_temporal_reference': False, 'mentions_action': False, 'mentions_system_state': False}",[],"['investigate', 'execute', 'summarize', 'ops']",[]
give me a summary of the application profiling results,summarization,"{'is_question': False, 'question_word': None, 'has_imperative': False, 'imperative_verb': None, 'has_uncertainty_marker': False, 'has_temporal_reference': False, 'mentions_action': False, 'mentions_system_state': False}",[],"['investigate', 'execute', 'summarize', 'ops']",[]
what is causing the repeated node draining events,investigate,"{'is_question': True, 'question_word': 'what', 'has_imperative': False, 'imperative_verb': None, 'has_uncertainty_marker': False, 'has_temporal_reference': False, 'mentions_action': False, 'mentions_system_state': False}",['block_execute'],"['investigate', 'summarize', 'ops']",['execute']
what is quantum computing,out_of_scope,"{'is_question': True, 'question_word': 'what', 'has_imperative': False, 'imperative_verb': None, 'has_uncertainty_marker': False, 'has_temporal_reference': False, 'mentions_action': False, 'mentions_system_state': False}",['block_execute'],"['investigate', 'summarize', 'ops']",['execute']
provide a recap of the container image scan results,summarization,"{'is_question': False, 'question_word': None, 'has_imperative': False, 'imperative_verb': None, 'has_uncertainty_marker': False, 'has_temporal_reference': False, 'mentions_action': False, 'mentions_system_state': False}",[],"['investigate', 'execute', 'summarize', 'ops']",[]
simulate a node failure in staging,execution,"{'is_question': False, 'question_word': None, 'has_imperative': False, 'imperative_verb': None, 'has_uncertainty_marker': False, 'has_temporal_reference': False, 'mentions_action': False, 'mentions_system_state': True}",[],"['investigate', 'execute', 'summarize', 'ops']",[]
why is the build pipeline timing out,investigate,"{'is_question': True, 'question_word': 'why', 'has_imperative': False, 'imperative_verb': None, 'has_uncertainty_marker': False, 'has_temporal_reference': False, 'mentions_action': False, 'mentions_system_state': False}",['block_execute'],"['investigate', 'summarize', 'ops']",['execute']
how do I take better photos,out_of_scope,"{'is_question': True, 'question_word': 'how', 'has_imperative': False, 'imperative_verb': None, 'has_uncertainty_marker': False, 'has_temporal_reference': False, 'mentions_action': False, 'mentions_system_state': False}",['block_execute'],"['investigate', 'summarize', 'ops']",['execute']
who composed moonlight sonata,out_of_scope,"{'is_question': True, 'question_word': 'who', 'has_imperative': False, 'imperative_verb': None, 'has_uncertainty_marker': False, 'has_temporal_reference': False, 'mentions_action': False, 'mentions_system_state': False}",['block_execute'],"['investigate', 'summarize', 'ops']",['execute']
rotate the istio root certificate authority,execution,"{'is_question': False, 'question_word': None, 'has_imperative': False, 'imperative_verb': None, 'has_uncertainty_marker': False, 'has_temporal_reference': False, 'mentions_action': False, 'mentions_system_state': False}",[],"['investigate', 'execute', 'summarize', 'ops']",[]
investigate the blocked io thread in the event loop,investigate,"{'is_question': False, 'question_word': None, 'has_imperative': False, 'imperative_verb': None, 'has_uncertainty_marker': False, 'has_temporal_reference': False, 'mentions_action': True, 'mentions_system_state': False}",[],"['investigate', 'execute', 'summarize', 'ops']",[]
investigate the race condition in the job scheduler,investigate,"{'is_question': False, 'question_word': None, 'has_imperative': False, 'imperative_verb': None, 'has_uncertainty_marker': False, 'has_temporal_reference': False, 'mentions_action': True, 'mentions_system_state': False}",[],"['investigate', 'execute', 'summarize', 'ops']",[]
why is the connection draining taking too long,investigate,"{'is_question': True, 'question_word': 'why', 'has_imperative': False, 'imperative_verb': None, 'has_uncertainty_marker': False, 'has_temporal_reference': False, 'mentions_action': False, 'mentions_system_state': False}",['block_execute'],"['investigate', 'summarize', 'ops']",['execute']
check the reason for the degraded search ranking,investigate,"{'is_question': False, 'question_word': None, 'has_imperative': False, 'imperative_verb': None, 'has_uncertainty_marker': False, 'has_temporal_reference': False, 'mentions_action': True, 'mentions_system_state': False}",[],"['investigate', 'execute', 'summarize', 'ops']",[]
summarize the chaos engineering experiment results,summarization,"{'is_question': False, 'question_word': None, 'has_imperative': False, 'imperative_verb': None, 'has_uncertainty_marker': False, 'has_temporal_reference': False, 'mentions_action': True, 'mentions_system_state': False}",[],"['investigate', 'execute', 'summarize', 'ops']",[]
what is a black hole,out_of_scope,"{'is_question': True, 'question_word': 'what', 'has_imperative': False, 'imperative_verb': None, 'has_uncertainty_marker': False, 'has_temporal_reference': False, 'mentions_action': False, 'mentions_system_state': False}",['block_execute'],"['investigate', 'summarize', 'ops']",['execute']
apply the selinux policy update,execution,"{'is_question': False, 'question_word': None, 'has_imperative': True, 'imperative_verb': 'apply', 'has_uncertainty_marker': False, 'has_temporal_reference': False, 'mentions_action': True, 'mentions_system_state': False}",['allow_execute'],"['investigate', 'execute', 'summarize', 'ops']",[]
configure the namespace resource quotas,execution,"{'is_question': False, 'question_word': None, 'has_imperative': False, 'imperative_verb': None, 'has_uncertainty_marker': False, 'has_temporal_reference': False, 'mentions_action': False, 'mentions_system_state': False}",[],"['investigate', 'execute', 'summarize', 'ops']",[]
restart the systemd socket service,execution,"{'is_question': False, 'question_word': None, 'has_imperative': True, 'imperative_verb': 'restart', 'has_uncertainty_marker': False, 'has_temporal_reference': False, 'mentions_action': True, 'mentions_system_state': False}",['allow_execute'],"['investigate', 'execute', 'summarize', 'ops']",[]
analyze the traffic shaping rule mismatch,investigate,"{'is_question': False, 'question_word': None, 'has_imperative': False, 'imperative_verb': None, 'has_uncertainty_marker': False, 'has_temporal_reference': False, 'mentions_action': False, 'mentions_system_state': False}",[],"['investigate', 'execute', 'summarize', 'ops']",[]
provision a new ec2 instance for the web tier,execution,"{'is_question': False, 'question_word': None, 'has_imperative': False, 'imperative_verb': None, 'has_uncertainty_marker': False, 'has_temporal_reference': False, 'mentions_action': False, 'mentions_system_state': False}",[],"['investigate', 'execute', 'summarize', 'ops']",[]
investigate the network buffer overflow on ingress,investigate,"{'is_question': False, 'question_word': None, 'has_imperative': False, 'imperative_verb': None, 'has_uncertainty_marker': False, 'has_temporal_reference': False, 'mentions_action': True, 'mentions_system_state': False}",[],"['investigate', 'execute', 'summarize', 'ops']",[]
mount the tmpfs for the session data directory,execution,"{'is_question': False, 'question_word': None, 'has_imperative': False, 'imperative_verb': None, 'has_uncertainty_marker': False, 'has_temporal_reference': False, 'mentions_action': False, 'mentions_system_state': False}",[],"['investigate', 'execute', 'summarize', 'ops']",[]
why is cpu throttling happening,investigate,"{'is_question': True, 'question_word': 'why', 'has_imperative': False, 'imperative_verb': None, 'has_uncertainty_marker': False, 'has_temporal_reference': False, 'mentions_action': False, 'mentions_system_state': True}","['block_execute', 'require_diagnostic_investigate']","['investigate', 'summarize', 'ops']",['execute']
add the spf record for the new mail relay,execution,"{'is_question': False, 'question_word': None, 'has_imperative': False, 'imperative_verb': None, 'has_uncertainty_marker': False, 'has_temporal_reference': False, 'mentions_action': False, 'mentions_system_state': False}",[],"['investigate', 'execute', 'summarize', 'ops']",[]
run the load test against staging environment,execution,"{'is_question': False, 'question_word': None, 'has_imperative': False, 'imperative_verb': None, 'has_uncertainty_marker': False, 'has_temporal_reference': False, 'mentions_action': False, 'mentions_system_state': False}",[],"['investigate', 'execute', 'summarize', 'ops']",[]
tell me about the ming dynasty art,out_of_scope,"{'is_question': False, 'question_word': None, 'has_imperative': False, 'imperative_verb': None, 'has_uncertainty_marker': False, 'has_temporal_reference': False, 'mentions_action': False, 'mentions_system_state': False}",[],"['investigate', 'execute', 'summarize', 'ops']",[]
summarize the backup verification test outcomes,summarization,"{'is_question': False, 'question_word': None, 'has_imperative': False, 'imperative_verb': None, 'has_uncertainty_marker': False, 'has_temporal_reference': False, 'mentions_action': True, 'mentions_system_state': False}",[],"['investigate', 'execute', 'summarize', 'ops']",[]
configure the circuit breaker thresholds,execution,"{'is_question': False, 'question_word': None, 'has_imperative': False, 'imperative_verb': None, 'has_uncertainty_marker': False, 'has_temporal_reference': False, 'mentions_action': False, 'mentions_system_state': False}",[],"['investigate', 'execute', 'summarize', 'ops']",[]
summarize the incident response time trends,summarization,"{'is_question': False, 'question_word': None, 'has_imperative': False, 'imperative_verb': None, 'has_uncertainty_marker': False, 'has_temporal_reference': False, 'mentions_action': True, 'mentions_system_state': False}",[],"['investigate', 'execute', 'summarize', 'ops']",[]
provide a summary of the connection pool utilization,summarization,"{'is_question': False, 'question_word': None, 'has_imperative': False, 'imperative_verb': None, 'has_uncertainty_marker': False, 'has_temporal_reference': False, 'mentions_action': False, 'mentions_system_state': False}",[],"['investigate', 'execute', 'summarize', 'ops']",[]
how do I roller skate,out_of_scope,"{'is_question': True, 'question_word': 'how', 'has_imperative': False, 'imperative_verb': None, 'has_uncertainty_marker': False, 'has_temporal_reference': False, 'mentions_action': False, 'mentions_system_state': False}",['block_execute'],"['investigate', 'summarize', 'ops']",['execute']
who is rembrandt,out_of_scope,"{'is_question': True, 'question_word': 'who', 'has_imperative': False, 'imperative_verb': None, 'has_uncertainty_marker': False, 'has_temporal_reference': False, 'mentions_action': False, 'mentions_system_state': False}",['block_execute'],"['investigate', 'summarize', 'ops']",['execute']
summarize the latency trends for the past sprint,summarization,"{'is_question': False, 'question_word': None, 'has_imperative': False, 'imperative_verb': None, 'has_uncertainty_marker': False, 'has_temporal_reference': True, 'mentions_action': True, 'mentions_system_state': True}",[],"['investigate', 'execute', 'summarize', 'ops']",[]
apply the vault dynamic database credential policy,execution,"{'is_question': False, 'question_word': None, 'has_imperative': True, 'imperative_verb': 'apply', 'has_uncertainty_marker': False, 'has_temporal_reference': False, 'mentions_action': True, 'mentions_system_state': False}",['allow_execute'],"['investigate', 'execute', 'summarize', 'ops']",[]
who composed swan lake,out_of_scope,"{'is_question': True, 'question_word': 'who', 'has_imperative': False, 'imperative_verb': None, 'has_uncertainty_marker': False, 'has_temporal_reference': False, 'mentions_action': False, 'mentions_system_state': False}",['block_execute'],"['investigate', 'summarize', 'ops']",['execute']
what is causing the timeout in the payment gateway,investigate,"{'is_question': True, 'question_word': 'what', 'has_imperative': False, 'imperative_verb': None, 'has_uncertainty_marker': False, 'has_temporal_reference': False, 'mentions_action': False, 'mentions_system_state': False}",['block_execute'],"['investigate', 'summarize', 'ops']",['execute']
give me a summary of the storage utilization trends,summarization,"{'is_question': False, 'question_word': None, 'has_imperative': False, 'imperative_verb': None, 'has_uncertainty_marker': False, 'has_temporal_reference': False, 'mentions_action': False, 'mentions_system_state': False}",[],"['investigate', 'execute', 'summarize', 'ops']",[]
who is mahatma gandhi,out_of_scope,"{'is_question': True, 'question_word': 'who', 'has_imperative': False, 'imperative_verb': None, 'has_uncertainty_marker': False, 'has_temporal_reference': False, 'mentions_action': False, 'mentions_system_state': False}",['block_execute'],"['investigate', 'summarize', 'ops']",['execute']
what is the periodic table,out_of_scope,"{'is_question': True, 'question_word': 'what', 'has_imperative': False, 'imperative_verb': None, 'has_uncertainty_marker': False, 'has_temporal_reference': False, 'mentions_action': False, 'mentions_system_state': False}",['block_execute'],"['investigate', 'summarize', 'ops']",['execute']
check why the read replicas are out of sync,investigate,"{'is_question': False, 'question_word': None, 'has_imperative': False, 'imperative_verb': None, 'has_uncertainty_marker': False, 'has_temporal_reference': False, 'mentions_action': True, 'mentions_system_state': False}",[],"['investigate', 'execute', 'summarize', 'ops']",[]
why are requests timing out,investigate,"{'is_question': True, 'question_word': 'why', 'has_imperative': False, 'imperative_verb': None, 'has_uncertainty_marker': False, 'has_temporal_reference': False, 'mentions_action': False, 'mentions_system_state': False}",['block_execute'],"['investigate', 'summarize', 'ops']",['execute']
summarize the active incidents for the morning standup,summarization,"{'is_question': False, 'question_word': None, 'has_imperative': False, 'imperative_verb': None, 'has_uncertainty_marker': False, 'has_temporal_reference': False, 'mentions_action': True, 'mentions_system_state': False}",[],"['investigate', 'execute', 'summarize', 'ops']",[]
run the smart health test on the drive,execution,"{'is_question': False, 'question_word': None, 'has_imperative': False, 'imperative_verb': None, 'has_uncertainty_marker': False, 'has_temporal_reference': False, 'mentions_action': False, 'mentions_system_state': False}",[],"['investigate', 'execute', 'summarize', 'ops']",[]
who invented the telephone,out_of_scope,"{'is_question': True, 'question_word': 'who', 'has_imperative': False, 'imperative_verb': None, 'has_uncertainty_marker': False, 'has_temporal_reference': False, 'mentions_action': False, 'mentions_system_state': False}",['block_execute'],"['investigate', 'summarize', 'ops']",['execute']
provide an overview of the mean time to recovery metrics,summarization,"{'is_question': False, 'question_word': None, 'has_imperative': False, 'imperative_verb': None, 'has_uncertainty_marker': False, 'has_temporal_reference': False, 'mentions_action': False, 'mentions_system_state': False}",[],"['investigate', 'execute', 'summarize', 'ops']",[]
restart session manager,execution,"{'is_question': False, 'question_word': None, 'has_imperative': True, 'imperative_verb': 'restart', 'has_uncertainty_marker': False, 'has_temporal_reference': False, 'mentions_action': True, 'mentions_system_state': False}",['allow_execute'],"['investigate', 'execute', 'summarize', 'ops']",[]
investigate the recurring alert for swap usage,investigate,"{'is_question': False, 'question_word': None, 'has_imperative': False, 'imperative_verb': None, 'has_uncertainty_marker': False, 'has_temporal_reference': False, 'mentions_action': True, 'mentions_system_state': False}",[],"['investigate', 'execute', 'summarize', 'ops']",[]
rotate the api keys for third party integrations,execution,"{'is_question': False, 'question_word': None, 'has_imperative': False, 'imperative_verb': None, 'has_uncertainty_marker': False, 'has_temporal_reference': False, 'mentions_action': False, 'mentions_system_state': False}",[],"['investigate', 'execute', 'summarize', 'ops']",[]
investigate the spike in mutex contention metrics,investigate,"{'is_question': False, 'question_word': None, 'has_imperative': False, 'imperative_verb': None, 'has_uncertainty_marker': False, 'has_temporal_reference': False, 'mentions_action': True, 'mentions_system_state': True}",[],"['investigate', 'execute', 'summarize', 'ops']",[]
configure the pam authentication settings,execution,"{'is_question': False, 'question_word': None, 'has_imperative': False, 'imperative_verb': None, 'has_uncertainty_marker': False, 'has_temporal_reference': False, 'mentions_action': False, 'mentions_system_state': False}",[],"['investigate', 'execute', 'summarize', 'ops']",[]
patch the deployment to inject the new environment variable,execution,"{'is_question': False, 'question_word': None, 'has_imperative': True, 'imperative_verb': 'patch', 'has_uncertainty_marker': False, 'has_temporal_reference': False, 'mentions_action': True, 'mentions_system_state': False}",['allow_execute'],"['investigate', 'execute', 'summarize', 'ops']",[]
give me replication summary,summarization,"{'is_question': False, 'question_word': None, 'has_imperative': False, 'imperative_verb': None, 'has_uncertainty_marker': False, 'has_temporal_reference': False, 'mentions_action': False, 'mentions_system_state': False}",[],"['investigate', 'execute', 'summarize', 'ops']",[]
why is the worker thread unresponsive,investigate,"{'is_question': True, 'question_word': 'why', 'has_imperative': False, 'imperative_verb': None, 'has_uncertainty_marker': False, 'has_temporal_reference': False, 'mentions_action': False, 'mentions_system_state': False}",['block_execute'],"['investigate', 'summarize', 'ops']",['execute']
enable the distributed tracing collector,execution,"{'is_question': False, 'question_word': None, 'has_imperative': False, 'imperative_verb': None, 'has_uncertainty_marker': False, 'has_temporal_reference': False, 'mentions_action': False, 'mentions_system_state': False}",[],"['investigate', 'execute', 'summarize', 'ops']",[]
update the soa record on the authoritative dns,execution,"{'is_question': False, 'question_word': None, 'has_imperative': True, 'imperative_verb': 'update', 'has_uncertainty_marker': False, 'has_temporal_reference': False, 'mentions_action': True, 'mentions_system_state': False}",['allow_execute'],"['investigate', 'execute', 'summarize', 'ops']",[]
give me an overview of the gitops reconciliation status,summarization,"{'is_question': False, 'question_word': None, 'has_imperative': False, 'imperative_verb': None, 'has_uncertainty_marker': False, 'has_temporal_reference': False, 'mentions_action': False, 'mentions_system_state': True}",[],"['investigate', 'execute', 'summarize', 'ops']",[]
tell me about ancient china,out_of_scope,"{'is_question': False, 'question_word': None, 'has_imperative': False, 'imperative_verb': None, 'has_uncertainty_marker': False, 'has_temporal_reference': False, 'mentions_action': False, 'mentions_system_state': False}",[],"['investigate', 'execute', 'summarize', 'ops']",[]
tell me a story,out_of_scope,"{'is_question': False, 'question_word': None, 'has_imperative': False, 'imperative_verb': None, 'has_uncertainty_marker': False, 'has_temporal_reference': False, 'mentions_action': False, 'mentions_system_state': False}",[],"['investigate', 'execute', 'summarize', 'ops']",[]
how do I start beekeeping,out_of_scope,"{'is_question': True, 'question_word': 'how', 'has_imperative': False, 'imperative_verb': None, 'has_uncertainty_marker': False, 'has_temporal_reference': False, 'mentions_action': True, 'mentions_system_state': False}",['block_execute'],"['investigate', 'summarize', 'ops']",['execute']
what is causing the resource cleanup to be slow,investigate,"{'is_question': True, 'question_word': 'what', 'has_imperative': False, 'imperative_verb': None, 'has_uncertainty_marker': False, 'has_temporal_reference': False, 'mentions_action': True, 'mentions_system_state': True}","['block_execute', 'require_diagnostic_investigate']","['investigate', 'summarize', 'ops']",['execute']
enable audit logging on the api gateway,execution,"{'is_question': False, 'question_word': None, 'has_imperative': False, 'imperative_verb': None, 'has_uncertainty_marker': False, 'has_temporal_reference': False, 'mentions_action': False, 'mentions_system_state': False}",[],"['investigate', 'execute', 'summarize', 'ops']",[]
apply the waf rule to block the new attack pattern,execution,"{'is_question': False, 'question_word': None, 'has_imperative': True, 'imperative_verb': 'apply', 'has_uncertainty_marker': False, 'has_temporal_reference': False, 'mentions_action': True, 'mentions_system_state': False}",['allow_execute'],"['investigate', 'execute', 'summarize', 'ops']",[]
stop all running containers on host-9,execution,"{'is_question': False, 'question_word': None, 'has_imperative': True, 'imperative_verb': 'stop', 'has_uncertainty_marker': False, 'has_temporal_reference': False, 'mentions_action': True, 'mentions_system_state': False}",['allow_execute'],"['investigate', 'execute', 'summarize', 'ops']",[]
start backup job,execution,"{'is_question': False, 'question_word': None, 'has_imperative': True, 'imperative_verb': 'start', 'has_uncertainty_marker': False, 'has_temporal_reference': False, 'mentions_action': True, 'mentions_system_state': False}",['allow_execute'],"['investigate', 'execute', 'summarize', 'ops']",[]
why is the write ahead log growing unbounded,investigate,"{'is_question': True, 'question_word': 'why', 'has_imperative': False, 'imperative_verb': None, 'has_uncertainty_marker': False, 'has_temporal_reference': False, 'mentions_action': False, 'mentions_system_state': False}",['block_execute'],"['investigate', 'summarize', 'ops']",['execute']
give me an overview of the service dependency mapping,summarization,"{'is_question': False, 'question_word': None, 'has_imperative': False, 'imperative_verb': None, 'has_uncertainty_marker': False, 'has_temporal_reference': False, 'mentions_action': False, 'mentions_system_state': False}",[],"['investigate', 'execute', 'summarize', 'ops']",[]
analyze the certificate pinning failures in mobile clients,investigate,"{'is_question': False, 'question_word': None, 'has_imperative': False, 'imperative_verb': None, 'has_uncertainty_marker': False, 'has_temporal_reference': False, 'mentions_action': False, 'mentions_system_state': True}",[],"['investigate', 'execute', 'summarize', 'ops']",[]
tell me about the spanish inquisition,out_of_scope,"{'is_question': False, 'question_word': None, 'has_imperative': False, 'imperative_verb': None, 'has_uncertainty_marker': False, 'has_temporal_reference': False, 'mentions_action': False, 'mentions_system_state': False}",[],"['investigate', 'execute', 'summarize', 'ops']",[]
enable the maintenance mode on the microservice,execution,"{'is_question': False, 'question_word': None, 'has_imperative': False, 'imperative_verb': None, 'has_uncertainty_marker': False, 'has_temporal_reference': False, 'mentions_action': False, 'mentions_system_state': False}",[],"['investigate', 'execute', 'summarize', 'ops']",[]
what is yoga,out_of_scope,"{'is_question': True, 'question_word': 'what', 'has_imperative': False, 'imperative_verb': None, 'has_uncertainty_marker': False, 'has_temporal_reference': False, 'mentions_action': False, 'mentions_system_state': False}",['block_execute'],"['investigate', 'summarize', 'ops']",['execute']
what is a sonnet,out_of_scope,"{'is_question': True, 'question_word': 'what', 'has_imperative': False, 'imperative_verb': None, 'has_uncertainty_marker': False, 'has_temporal_reference': False, 'mentions_action': False, 'mentions_system_state': False}",['block_execute'],"['investigate', 'summarize', 'ops']",['execute']
configure the load shedding threshold on the api,execution,"{'is_question': False, 'question_word': None, 'has_imperative': False, 'imperative_verb': None, 'has_uncertainty_marker': False, 'has_temporal_reference': False, 'mentions_action': False, 'mentions_system_state': False}",[],"['investigate', 'execute', 'summarize', 'ops']",[]
run the chaos experiment to test failover,execution,"{'is_question': False, 'question_word': None, 'has_imperative': False, 'imperative_verb': None, 'has_uncertainty_marker': False, 'has_temporal_reference': False, 'mentions_action': False, 'mentions_system_state': True}",[],"['investigate', 'execute', 'summarize', 'ops']",[]
how do I learn origami,out_of_scope,"{'is_question': True, 'question_word': 'how', 'has_imperative': False, 'imperative_verb': None, 'has_uncertainty_marker': False, 'has_temporal_reference': False, 'mentions_action': False, 'mentions_system_state': False}",['block_execute'],"['investigate', 'summarize', 'ops']",['execute']
trigger the spinnaker pipeline for the hotfix,execution,"{'is_question': False, 'question_word': None, 'has_imperative': False, 'imperative_verb': None, 'has_uncertainty_marker': False, 'has_temporal_reference': False, 'mentions_action': True, 'mentions_system_state': False}",[],"['investigate', 'execute', 'summarize', 'ops']",[]
restart the kafka broker on node-3,execution,"{'is_question': False, 'question_word': None, 'has_imperative': True, 'imperative_verb': 'restart', 'has_uncertainty_marker': False, 'has_temporal_reference': False, 'mentions_action': True, 'mentions_system_state': False}",['allow_execute'],"['investigate', 'execute', 'summarize', 'ops']",[]
why is cache miss rate high,investigate,"{'is_question': True, 'question_word': 'why', 'has_imperative': False, 'imperative_verb': None, 'has_uncertainty_marker': False, 'has_temporal_reference': False, 'mentions_action': False, 'mentions_system_state': False}",['block_execute'],"['investigate', 'summarize', 'ops']",['execute']
why is the event sourcing replay taking too long,investigate,"{'is_question': True, 'question_word': 'why', 'has_imperative': False, 'imperative_verb': None, 'has_uncertainty_marker': False, 'has_temporal_reference': False, 'mentions_action': False, 'mentions_system_state': False}",['block_execute'],"['investigate', 'summarize', 'ops']",['execute']
what is the boiling point of water,out_of_scope,"{'is_question': True, 'question_word': 'what', 'has_imperative': False, 'imperative_verb': None, 'has_uncertainty_marker': False, 'has_temporal_reference': False, 'mentions_action': False, 'mentions_system_state': False}",['block_execute'],"['investigate', 'summarize', 'ops']",['execute']
how do I grow herbs indoors,out_of_scope,"{'is_question': True, 'question_word': 'how', 'has_imperative': False, 'imperative_verb': None, 'has_uncertainty_marker': False, 'has_temporal_reference': False, 'mentions_action': False, 'mentions_system_state': False}",['block_execute'],"['investigate', 'summarize', 'ops']",['execute']
tell me about the ming dynasty,out_of_scope,"{'is_question': False, 'question_word': None, 'has_imperative': False, 'imperative_verb': None, 'has_uncertainty_marker': False, 'has_temporal_reference': False, 'mentions_action': False, 'mentions_system_state': False}",[],"['investigate', 'execute', 'summarize', 'ops']",[]
how do I train for a marathon,out_of_scope,"{'is_question': True, 'question_word': 'how', 'has_imperative': False, 'imperative_verb': None, 'has_uncertainty_marker': False, 'has_temporal_reference': False, 'mentions_action': False, 'mentions_system_state': False}",['block_execute'],"['investigate', 'summarize', 'ops']",['execute']
what is existentialism,out_of_scope,"{'is_question': True, 'question_word': 'what', 'has_imperative': False, 'imperative_verb': None, 'has_uncertainty_marker': False, 'has_temporal_reference': False, 'mentions_action': False, 'mentions_system_state': False}",['block_execute'],"['investigate', 'summarize', 'ops']",['execute']
analyze why the canary deployment is showing errors,investigate,"{'is_question': False, 'question_word': None, 'has_imperative': False, 'imperative_verb': None, 'has_uncertainty_marker': False, 'has_temporal_reference': False, 'mentions_action': True, 'mentions_system_state': True}",[],"['investigate', 'execute', 'summarize', 'ops']",[]
how do I write a cover letter,out_of_scope,"{'is_question': True, 'question_word': 'how', 'has_imperative': False, 'imperative_verb': None, 'has_uncertainty_marker': False, 'has_temporal_reference': False, 'mentions_action': False, 'mentions_system_state': False}",['block_execute'],"['investigate', 'summarize', 'ops']",['execute']
remove the decommissioned server from the inventory,execution,"{'is_question': False, 'question_word': None, 'has_imperative': True, 'imperative_verb': 'remove', 'has_uncertainty_marker': False, 'has_temporal_reference': False, 'mentions_action': True, 'mentions_system_state': False}",['allow_execute'],"['investigate', 'execute', 'summarize', 'ops']",[]
how do I do a cartwheel,out_of_scope,"{'is_question': True, 'question_word': 'how', 'has_imperative': False, 'imperative_verb': None, 'has_uncertainty_marker': False, 'has_temporal_reference': False, 'mentions_action': False, 'mentions_system_state': False}",['block_execute'],"['investigate', 'summarize', 'ops']",['execute']
tell me about the amazon rainforest,out_of_scope,"{'is_question': False, 'question_word': None, 'has_imperative': False, 'imperative_verb': None, 'has_uncertainty_marker': False, 'has_temporal_reference': False, 'mentions_action': False, 'mentions_system_state': False}",[],"['investigate', 'execute', 'summarize', 'ops']",[]
check the metrics cardinality explosion in prometheus,investigate,"{'is_question': False, 'question_word': None, 'has_imperative': False, 'imperative_verb': None, 'has_uncertainty_marker': False, 'has_temporal_reference': False, 'mentions_action': True, 'mentions_system_state': False}",[],"['investigate', 'execute', 'summarize', 'ops']",[]
compress and archive the old log files,execution,"{'is_question': False, 'question_word': None, 'has_imperative': False, 'imperative_verb': None, 'has_uncertainty_marker': False, 'has_temporal_reference': False, 'mentions_action': False, 'mentions_system_state': False}",[],"['investigate', 'execute', 'summarize', 'ops']",[]
investigate error rate spike in production,investigate,"{'is_question': False, 'question_word': None, 'has_imperative': False, 'imperative_verb': None, 'has_uncertainty_marker': False, 'has_temporal_reference': False, 'mentions_action': True, 'mentions_system_state': True}",[],"['investigate', 'execute', 'summarize', 'ops']",[]
provide security incident summary,summarization,"{'is_question': False, 'question_word': None, 'has_imperative': False, 'imperative_verb': None, 'has_uncertainty_marker': False, 'has_temporal_reference': False, 'mentions_action': False, 'mentions_system_state': False}",[],"['investigate', 'execute', 'summarize', 'ops']",[]
what is forensic science,out_of_scope,"{'is_question': True, 'question_word': 'what', 'has_imperative': False, 'imperative_verb': None, 'has_uncertainty_marker': False, 'has_temporal_reference': False, 'mentions_action': False, 'mentions_system_state': False}",['block_execute'],"['investigate', 'summarize', 'ops']",['execute']
provide a recap of the server provisioning activities,summarization,"{'is_question': False, 'question_word': None, 'has_imperative': False, 'imperative_verb': None, 'has_uncertainty_marker': False, 'has_temporal_reference': False, 'mentions_action': False, 'mentions_system_state': False}",[],"['investigate', 'execute', 'summarize', 'ops']",[]
summarize the horizontal autoscaler trigger patterns,summarization,"{'is_question': False, 'question_word': None, 'has_imperative': False, 'imperative_verb': None, 'has_uncertainty_marker': False, 'has_temporal_reference': False, 'mentions_action': True, 'mentions_system_state': False}",[],"['investigate', 'execute', 'summarize', 'ops']",[]
flush dns cache,execution,"{'is_question': False, 'question_word': None, 'has_imperative': False, 'imperative_verb': None, 'has_uncertainty_marker': False, 'has_temporal_reference': False, 'mentions_action': False, 'mentions_system_state': False}",[],"['investigate', 'execute', 'summarize', 'ops']",[]
investigate the message serialization error in the broker,investigate,"{'is_question': False, 'question_word': None, 'has_imperative': False, 'imperative_verb': None, 'has_uncertainty_marker': False, 'has_temporal_reference': False, 'mentions_action': True, 'mentions_system_state': True}",[],"['investigate', 'execute', 'summarize', 'ops']",[]
show root cause analysis for outage,investigate,"{'is_question': False, 'question_word': None, 'has_imperative': False, 'imperative_verb': None, 'has_uncertainty_marker': False, 'has_temporal_reference': False, 'mentions_action': True, 'mentions_system_state': False}",[],"['investigate', 'execute', 'summarize', 'ops']",[]
analyze the traces for the slow checkout flow,investigate,"{'is_question': False, 'question_word': None, 'has_imperative': False, 'imperative_verb': None, 'has_uncertainty_marker': False, 'has_temporal_reference': False, 'mentions_action': True, 'mentions_system_state': True}",[],"['investigate', 'execute', 'summarize', 'ops']",[]
how do I learn card magic,out_of_scope,"{'is_question': True, 'question_word': 'how', 'has_imperative': False, 'imperative_verb': None, 'has_uncertainty_marker': False, 'has_temporal_reference': False, 'mentions_action': False, 'mentions_system_state': False}",['block_execute'],"['investigate', 'summarize', 'ops']",['execute']
provide a brief on the change success rate this cycle,summarization,"{'is_question': False, 'question_word': None, 'has_imperative': False, 'imperative_verb': None, 'has_uncertainty_marker': False, 'has_temporal_reference': False, 'mentions_action': False, 'mentions_system_state': False}",[],"['investigate', 'execute', 'summarize', 'ops']",[]
tell me about the boer war,out_of_scope,"{'is_question': False, 'question_word': None, 'has_imperative': False, 'imperative_verb': None, 'has_uncertainty_marker': False, 'has_temporal_reference': False, 'mentions_action': False, 'mentions_system_state': False}",[],"['investigate', 'execute', 'summarize', 'ops']",[]
why is the persistent connection being dropped,investigate,"{'is_question': True, 'question_word': 'why', 'has_imperative': False, 'imperative_verb': None, 'has_uncertainty_marker': False, 'has_temporal_reference': False, 'mentions_action': False, 'mentions_system_state': False}",['block_execute'],"['investigate', 'summarize', 'ops']",['execute']
summarize the key performance indicators for the quarter,summarization,"{'is_question': False, 'question_word': None, 'has_imperative': False, 'imperative_verb': None, 'has_uncertainty_marker': False, 'has_temporal_reference': False, 'mentions_action': True, 'mentions_system_state': False}",[],"['investigate', 'execute', 'summarize', 'ops']",[]
who wrote anna karenina,out_of_scope,"{'is_question': True, 'question_word': 'who', 'has_imperative': False, 'imperative_verb': None, 'has_uncertainty_marker': False, 'has_temporal_reference': False, 'mentions_action': False, 'mentions_system_state': False}",['block_execute'],"['investigate', 'summarize', 'ops']",['execute']
tell me about elephants,out_of_scope,"{'is_question': False, 'question_word': None, 'has_imperative': False, 'imperative_verb': None, 'has_uncertainty_marker': False, 'has_temporal_reference': False, 'mentions_action': False, 'mentions_system_state': False}",[],"['investigate', 'execute', 'summarize', 'ops']",[]
who wrote crime and punishment,out_of_scope,"{'is_question': True, 'question_word': 'who', 'has_imperative': False, 'imperative_verb': None, 'has_uncertainty_marker': False, 'has_temporal_reference': False, 'mentions_action': False, 'mentions_system_state': False}",['block_execute'],"['investigate', 'summarize', 'ops']",['execute']
investigate the degraded write throughput on the database,investigate,"{'is_question': False, 'question_word': None, 'has_imperative': False, 'imperative_verb': None, 'has_uncertainty_marker': False, 'has_temporal_reference': False, 'mentions_action': True, 'mentions_system_state': False}",[],"['investigate', 'execute', 'summarize', 'ops']",[]
apply the service mesh traffic policy,execution,"{'is_question': False, 'question_word': None, 'has_imperative': True, 'imperative_verb': 'apply', 'has_uncertainty_marker': False, 'has_temporal_reference': False, 'mentions_action': True, 'mentions_system_state': False}",['allow_execute'],"['investigate', 'execute', 'summarize', 'ops']",[]
apply backup retention policy,execution,"{'is_question': False, 'question_word': None, 'has_imperative': True, 'imperative_verb': 'apply', 'has_uncertainty_marker': False, 'has_temporal_reference': False, 'mentions_action': True, 'mentions_system_state': False}",['allow_execute'],"['investigate', 'execute', 'summarize', 'ops']",[]
update the kubeconfig with the new credentials,execution,"{'is_question': False, 'question_word': None, 'has_imperative': True, 'imperative_verb': 'update', 'has_uncertainty_marker': False, 'has_temporal_reference': False, 'mentions_action': True, 'mentions_system_state': False}",['allow_execute'],"['investigate', 'execute', 'summarize', 'ops']",[]
check the reason behind the pod crashloopbackoff,investigate,"{'is_question': False, 'question_word': None, 'has_imperative': False, 'imperative_verb': None, 'has_uncertainty_marker': False, 'has_temporal_reference': False, 'mentions_action': True, 'mentions_system_state': True}",[],"['investigate', 'execute', 'summarize', 'ops']",[]
what is a magnetar,out_of_scope,"{'is_question': True, 'question_word': 'what', 'has_imperative': False, 'imperative_verb': None, 'has_uncertainty_marker': False, 'has_temporal_reference': False, 'mentions_action': False, 'mentions_system_state': False}",['block_execute'],"['investigate', 'summarize', 'ops']",['execute']
who discovered penicillin,out_of_scope,"{'is_question': True, 'question_word': 'who', 'has_imperative': False, 'imperative_verb': None, 'has_uncertainty_marker': False, 'has_temporal_reference': False, 'mentions_action': False, 'mentions_system_state': False}",['block_execute'],"['investigate', 'summarize', 'ops']",['execute']
revoke the expired service certificate,execution,"{'is_question': False, 'question_word': None, 'has_imperative': False, 'imperative_verb': None, 'has_uncertainty_marker': False, 'has_temporal_reference': False, 'mentions_action': False, 'mentions_system_state': False}",[],"['investigate', 'execute', 'summarize', 'ops']",[]
tell me about movies,out_of_scope,"{'is_question': False, 'question_word': None, 'has_imperative': False, 'imperative_verb': None, 'has_uncertainty_marker': False, 'has_temporal_reference': False, 'mentions_action': False, 'mentions_system_state': False}",[],"['investigate', 'execute', 'summarize', 'ops']",[]
tell me about the ancient roman baths,out_of_scope,"{'is_question': False, 'question_word': None, 'has_imperative': False, 'imperative_verb': None, 'has_uncertainty_marker': False, 'has_temporal_reference': False, 'mentions_action': False, 'mentions_system_state': False}",[],"['investigate', 'execute', 'summarize', 'ops']",[]
analyze the pattern of recurring memory pressure alerts,investigate,"{'is_question': False, 'question_word': None, 'has_imperative': False, 'imperative_verb': None, 'has_uncertainty_marker': False, 'has_temporal_reference': False, 'mentions_action': False, 'mentions_system_state': True}",[],"['investigate', 'execute', 'summarize', 'ops']",[]
why is the kubernetes scheduler failing to place pods,investigate,"{'is_question': True, 'question_word': 'why', 'has_imperative': False, 'imperative_verb': None, 'has_uncertainty_marker': False, 'has_temporal_reference': False, 'mentions_action': False, 'mentions_system_state': True}","['block_execute', 'require_diagnostic_investigate']","['investigate', 'summarize', 'ops']",['execute']
enable persistent connections on the proxy,execution,"{'is_question': False, 'question_word': None, 'has_imperative': False, 'imperative_verb': None, 'has_uncertainty_marker': False, 'has_temporal_reference': False, 'mentions_action': False, 'mentions_system_state': False}",[],"['investigate', 'execute', 'summarize', 'ops']",[]
what caused memory leak in app,investigate,"{'is_question': True, 'question_word': 'what', 'has_imperative': False, 'imperative_verb': None, 'has_uncertainty_marker': False, 'has_temporal_reference': False, 'mentions_action': False, 'mentions_system_state': True}","['block_execute', 'require_diagnostic_investigate']","['investigate', 'summarize', 'ops']",['execute']
provide an overview of the service health by business domain,summarization,"{'is_question': False, 'question_word': None, 'has_imperative': False, 'imperative_verb': None, 'has_uncertainty_marker': False, 'has_temporal_reference': False, 'mentions_action': False, 'mentions_system_state': False}",[],"['investigate', 'execute', 'summarize', 'ops']",[]
what are your hobbies,out_of_scope,"{'is_question': True, 'question_word': 'what', 'has_imperative': False, 'imperative_verb': None, 'has_uncertainty_marker': False, 'has_temporal_reference': False, 'mentions_action': False, 'mentions_system_state': False}",['block_execute'],"['investigate', 'summarize', 'ops']",['execute']
provide a brief on the kubernetes cluster utilization,summarization,"{'is_question': False, 'question_word': None, 'has_imperative': False, 'imperative_verb': None, 'has_uncertainty_marker': False, 'has_temporal_reference': False, 'mentions_action': False, 'mentions_system_state': False}",[],"['investigate', 'execute', 'summarize', 'ops']",[]
execute the rolling restart of all microservices,execution,"{'is_question': False, 'question_word': None, 'has_imperative': False, 'imperative_verb': None, 'has_uncertainty_marker': False, 'has_temporal_reference': False, 'mentions_action': True, 'mentions_system_state': False}",[],"['investigate', 'execute', 'summarize', 'ops']",[]
enable the opentelemetry collector on the service,execution,"{'is_question': False, 'question_word': None, 'has_imperative': False, 'imperative_verb': None, 'has_uncertainty_marker': False, 'has_temporal_reference': False, 'mentions_action': False, 'mentions_system_state': False}",[],"['investigate', 'execute', 'summarize', 'ops']",[]
give me an overview of the log ingestion cost trends,summarization,"{'is_question': False, 'question_word': None, 'has_imperative': False, 'imperative_verb': None, 'has_uncertainty_marker': False, 'has_temporal_reference': False, 'mentions_action': False, 'mentions_system_state': False}",[],"['investigate', 'execute', 'summarize', 'ops']",[]
give me an overview of the alerting rule changes,summarization,"{'is_question': False, 'question_word': None, 'has_imperative': False, 'imperative_verb': None, 'has_uncertainty_marker': False, 'has_temporal_reference': False, 'mentions_action': False, 'mentions_system_state': False}",[],"['investigate', 'execute', 'summarize', 'ops']",[]
investigate the delayed metric reporting from agent,investigate,"{'is_question': False, 'question_word': None, 'has_imperative': False, 'imperative_verb': None, 'has_uncertainty_marker': False, 'has_temporal_reference': False, 'mentions_action': True, 'mentions_system_state': False}",[],"['investigate', 'execute', 'summarize', 'ops']",[]
what is continental drift,out_of_scope,"{'is_question': True, 'question_word': 'what', 'has_imperative': False, 'imperative_verb': None, 'has_uncertainty_marker': False, 'has_temporal_reference': False, 'mentions_action': False, 'mentions_system_state': False}",['block_execute'],"['investigate', 'summarize', 'ops']",['execute']
who wrote the iliad,out_of_scope,"{'is_question': True, 'question_word': 'who', 'has_imperative': False, 'imperative_verb': None, 'has_uncertainty_marker': False, 'has_temporal_reference': False, 'mentions_action': False, 'mentions_system_state': False}",['block_execute'],"['investigate', 'summarize', 'ops']",['execute']
provide weekly report summary,summarization,"{'is_question': False, 'question_word': None, 'has_imperative': False, 'imperative_verb': None, 'has_uncertainty_marker': False, 'has_temporal_reference': False, 'mentions_action': True, 'mentions_system_state': False}",[],"['investigate', 'execute', 'summarize', 'ops']",[]
check what is causing the high cpu wait on nfs,investigate,"{'is_question': False, 'question_word': None, 'has_imperative': False, 'imperative_verb': None, 'has_uncertainty_marker': False, 'has_temporal_reference': False, 'mentions_action': True, 'mentions_system_state': True}",[],"['investigate', 'execute', 'summarize', 'ops']",[]
give me a summary of the node group scaling history,summarization,"{'is_question': False, 'question_word': None, 'has_imperative': False, 'imperative_verb': None, 'has_uncertainty_marker': False, 'has_temporal_reference': False, 'mentions_action': False, 'mentions_system_state': False}",[],"['investigate', 'execute', 'summarize', 'ops']",[]
investigate the spurious wakeups in the thread pool,investigate,"{'is_question': False, 'question_word': None, 'has_imperative': False, 'imperative_verb': None, 'has_uncertainty_marker': False, 'has_temporal_reference': False, 'mentions_action': True, 'mentions_system_state': False}",[],"['investigate', 'execute', 'summarize', 'ops']",[]
what is causing the repeated ip address conflict in the cluster,investigate,"{'is_question': True, 'question_word': 'what', 'has_imperative': False, 'imperative_verb': None, 'has_uncertainty_marker': False, 'has_temporal_reference': False, 'mentions_action': False, 'mentions_system_state': False}",['block_execute'],"['investigate', 'summarize', 'ops']",['execute']
patch the third-party library to the safe version,execution,"{'is_question': False, 'question_word': None, 'has_imperative': True, 'imperative_verb': 'patch', 'has_uncertainty_marker': False, 'has_temporal_reference': False, 'mentions_action': True, 'mentions_system_state': False}",['allow_execute'],"['investigate', 'execute', 'summarize', 'ops']",[]
who was cleopatra,out_of_scope,"{'is_question': True, 'question_word': 'who', 'has_imperative': False, 'imperative_verb': None, 'has_uncertainty_marker': False, 'has_temporal_reference': False, 'mentions_action': False, 'mentions_system_state': False}",['block_execute'],"['investigate', 'summarize', 'ops']",['execute']
why is the search indexer falling behind,investigate,"{'is_question': True, 'question_word': 'why', 'has_imperative': False, 'imperative_verb': None, 'has_uncertainty_marker': False, 'has_temporal_reference': False, 'mentions_action': False, 'mentions_system_state': False}",['block_execute'],"['investigate', 'summarize', 'ops']",['execute']
tell me about the mesopotamian civilization,out_of_scope,"{'is_question': False, 'question_word': None, 'has_imperative': False, 'imperative_verb': None, 'has_uncertainty_marker': False, 'has_temporal_reference': False, 'mentions_action': False, 'mentions_system_state': False}",[],"['investigate', 'execute', 'summarize', 'ops']",[]
summarize database performance,summarization,"{'is_question': False, 'question_word': None, 'has_imperative': False, 'imperative_verb': None, 'has_uncertainty_marker': False, 'has_temporal_reference': False, 'mentions_action': True, 'mentions_system_state': False}",[],"['investigate', 'execute', 'summarize', 'ops']",[]
provide a brief on the job queue wait time trends,summarization,"{'is_question': False, 'question_word': None, 'has_imperative': False, 'imperative_verb': None, 'has_uncertainty_marker': False, 'has_temporal_reference': False, 'mentions_action': False, 'mentions_system_state': False}",[],"['investigate', 'execute', 'summarize', 'ops']",[]
how do I cook pasta,out_of_scope,"{'is_question': True, 'question_word': 'how', 'has_imperative': False, 'imperative_verb': None, 'has_uncertainty_marker': False, 'has_temporal_reference': False, 'mentions_action': False, 'mentions_system_state': False}",['block_execute'],"['investigate', 'summarize', 'ops']",['execute']
what caused the connection storm after failover,investigate,"{'is_question': True, 'question_word': 'what', 'has_imperative': False, 'imperative_verb': None, 'has_uncertainty_marker': False, 'has_temporal_reference': False, 'mentions_action': False, 'mentions_system_state': True}","['block_execute', 'require_diagnostic_investigate']","['investigate', 'summarize', 'ops']",['execute']
how does sonar work,out_of_scope,"{'is_question': True, 'question_word': 'how', 'has_imperative': False, 'imperative_verb': None, 'has_uncertainty_marker': False, 'has_temporal_reference': False, 'mentions_action': False, 'mentions_system_state': False}",['block_execute'],"['investigate', 'summarize', 'ops']",['execute']
configure the kernel network parameters via sysctl,execution,"{'is_question': False, 'question_word': None, 'has_imperative': False, 'imperative_verb': None, 'has_uncertainty_marker': False, 'has_temporal_reference': False, 'mentions_action': False, 'mentions_system_state': False}",[],"['investigate', 'execute', 'summarize', 'ops']",[]
run the terraform plan review before apply,execution,"{'is_question': False, 'question_word': None, 'has_imperative': False, 'imperative_verb': None, 'has_uncertainty_marker': False, 'has_temporal_reference': False, 'mentions_action': True, 'mentions_system_state': False}",[],"['investigate', 'execute', 'summarize', 'ops']",[]
configure the database read timeout to 10 seconds,execution,"{'is_question': False, 'question_word': None, 'has_imperative': False, 'imperative_verb': None, 'has_uncertainty_marker': False, 'has_temporal_reference': False, 'mentions_action': False, 'mentions_system_state': False}",[],"['investigate', 'execute', 'summarize', 'ops']",[]
summarize the scheduled maintenance completion report,summarization,"{'is_question': False, 'question_word': None, 'has_imperative': False, 'imperative_verb': None, 'has_uncertainty_marker': False, 'has_temporal_reference': False, 'mentions_action': True, 'mentions_system_state': False}",[],"['investigate', 'execute', 'summarize', 'ops']",[]
check what is causing the http keep-alive to be disabled,investigate,"{'is_question': False, 'question_word': None, 'has_imperative': False, 'imperative_verb': None, 'has_uncertainty_marker': False, 'has_temporal_reference': False, 'mentions_action': True, 'mentions_system_state': False}",[],"['investigate', 'execute', 'summarize', 'ops']",[]
how do I brew kombucha,out_of_scope,"{'is_question': True, 'question_word': 'how', 'has_imperative': False, 'imperative_verb': None, 'has_uncertainty_marker': False, 'has_temporal_reference': False, 'mentions_action': False, 'mentions_system_state': False}",['block_execute'],"['investigate', 'summarize', 'ops']",['execute']
apply the rate limit policy to the external api proxy,execution,"{'is_question': False, 'question_word': None, 'has_imperative': True, 'imperative_verb': 'apply', 'has_uncertainty_marker': False, 'has_temporal_reference': False, 'mentions_action': True, 'mentions_system_state': False}",['allow_execute'],"['investigate', 'execute', 'summarize', 'ops']",[]
