utterance,gold_intent,facts,constraints,allowed_intents,suppressed_intents
why is server host123 cpu high,investigate,"{'is_question': True, 'has_imperative': False, 'has_temporal_ref': False}","{'question_blocks_execute': True, 'prefer_investigate_when_uncertain': True}","['investigate', 'ops', 'summarize']",['execute']
check memory usage on db-server-7,investigate,"{'is_question': False, 'has_imperative': True, 'has_temporal_ref': False}","{'question_blocks_execute': False, 'prefer_investigate_when_uncertain': False}","['execute', 'investigate', 'ops', 'summarize']",[]
what caused the outage last night,investigate,"{'is_question': True, 'has_imperative': False, 'has_temporal_ref': True}","{'question_blocks_execute': True, 'prefer_investigate_when_uncertain': True}","['investigate', 'ops', 'summarize']",['execute']
show me errors from the last deployment,investigate,"{'is_question': False, 'has_imperative': True, 'has_temporal_ref': True}","{'question_blocks_execute': False, 'prefer_investigate_when_uncertain': False}","['execute', 'investigate', 'ops', 'summarize']",[]
analyze why response time increased,investigate,"{'is_question': True, 'has_imperative': True, 'has_temporal_ref': False}","{'question_blocks_execute': True, 'prefer_investigate_when_uncertain': False}","['investigate', 'ops', 'summarize']",['execute']
investigate cpu spike on web-server-3,investigate,"{'is_question': False, 'has_imperative': False, 'has_temporal_ref': False}","{'question_blocks_execute': False, 'prefer_investigate_when_uncertain': False}","['execute', 'investigate', 'ops', 'summarize']",[]
what is causing high memory on app-01,investigate,"{'is_question': True, 'has_imperative': False, 'has_temporal_ref': False}","{'question_blocks_execute': True, 'prefer_investigate_when_uncertain': True}","['investigate', 'ops', 'summarize']",['execute']
why did the database go down,investigate,"{'is_question': True, 'has_imperative': False, 'has_temporal_ref': False}","{'question_blocks_execute': True, 'prefer_investigate_when_uncertain': True}","['investigate', 'ops', 'summarize']",['execute']
show me the root cause of latency issues,investigate,"{'is_question': False, 'has_imperative': True, 'has_temporal_ref': False}","{'question_blocks_execute': False, 'prefer_investigate_when_uncertain': False}","['execute', 'investigate', 'ops', 'summarize']",[]
analyze the performance degradation,investigate,"{'is_question': False, 'has_imperative': True, 'has_temporal_ref': False}","{'question_blocks_execute': False, 'prefer_investigate_when_uncertain': False}","['execute', 'investigate', 'ops', 'summarize']",[]
why is disk usage at 90 percent,investigate,"{'is_question': True, 'has_imperative': False, 'has_temporal_ref': False}","{'question_blocks_execute': True, 'prefer_investigate_when_uncertain': True}","['investigate', 'ops', 'summarize']",['execute']
check network connectivity on prod-env,investigate,"{'is_question': False, 'has_imperative': True, 'has_temporal_ref': False}","{'question_blocks_execute': False, 'prefer_investigate_when_uncertain': False}","['execute', 'investigate', 'ops', 'summarize']",[]
what caused the service failure,investigate,"{'is_question': True, 'has_imperative': False, 'has_temporal_ref': False}","{'question_blocks_execute': True, 'prefer_investigate_when_uncertain': True}","['investigate', 'ops', 'summarize']",['execute']
investigate error rate spike in production,investigate,"{'is_question': False, 'has_imperative': False, 'has_temporal_ref': False}","{'question_blocks_execute': False, 'prefer_investigate_when_uncertain': False}","['execute', 'investigate', 'ops', 'summarize']",[]
why are requests timing out,investigate,"{'is_question': True, 'has_imperative': False, 'has_temporal_ref': False}","{'question_blocks_execute': True, 'prefer_investigate_when_uncertain': True}","['investigate', 'ops', 'summarize']",['execute']
analyze the failed deployment,investigate,"{'is_question': False, 'has_imperative': True, 'has_temporal_ref': False}","{'question_blocks_execute': False, 'prefer_investigate_when_uncertain': False}","['execute', 'investigate', 'ops', 'summarize']",[]
what triggered the alert,investigate,"{'is_question': True, 'has_imperative': False, 'has_temporal_ref': False}","{'question_blocks_execute': True, 'prefer_investigate_when_uncertain': True}","['investigate', 'ops', 'summarize']",['execute']
check for anomalies in metrics,investigate,"{'is_question': False, 'has_imperative': True, 'has_temporal_ref': False}","{'question_blocks_execute': False, 'prefer_investigate_when_uncertain': False}","['execute', 'investigate', 'ops', 'summarize']",[]
investigate the database slowdown,investigate,"{'is_question': False, 'has_imperative': False, 'has_temporal_ref': False}","{'question_blocks_execute': False, 'prefer_investigate_when_uncertain': False}","['execute', 'investigate', 'ops', 'summarize']",[]
why is load balancer unhealthy,investigate,"{'is_question': True, 'has_imperative': False, 'has_temporal_ref': False}","{'question_blocks_execute': True, 'prefer_investigate_when_uncertain': True}","['investigate', 'ops', 'summarize']",['execute']
show root cause analysis for outage,investigate,"{'is_question': False, 'has_imperative': True, 'has_temporal_ref': False}","{'question_blocks_execute': False, 'prefer_investigate_when_uncertain': False}","['execute', 'investigate', 'ops', 'summarize']",[]
what caused memory leak in app,investigate,"{'is_question': True, 'has_imperative': False, 'has_temporal_ref': False}","{'question_blocks_execute': True, 'prefer_investigate_when_uncertain': True}","['investigate', 'ops', 'summarize']",['execute']
analyze cpu consumption trends,investigate,"{'is_question': False, 'has_imperative': True, 'has_temporal_ref': False}","{'question_blocks_execute': False, 'prefer_investigate_when_uncertain': False}","['execute', 'investigate', 'ops', 'summarize']",[]
investigate disk I/O bottleneck,investigate,"{'is_question': False, 'has_imperative': False, 'has_temporal_ref': False}","{'question_blocks_execute': False, 'prefer_investigate_when_uncertain': False}","['execute', 'investigate', 'ops', 'summarize']",[]
why is application responding slowly,investigate,"{'is_question': True, 'has_imperative': False, 'has_temporal_ref': False}","{'question_blocks_execute': True, 'prefer_investigate_when_uncertain': True}","['investigate', 'ops', 'summarize']",['execute']
check what went wrong with deployment,investigate,"{'is_question': True, 'has_imperative': True, 'has_temporal_ref': False}","{'question_blocks_execute': True, 'prefer_investigate_when_uncertain': False}","['investigate', 'ops', 'summarize']",['execute']
investigate failed authentication attempts,investigate,"{'is_question': False, 'has_imperative': False, 'has_temporal_ref': False}","{'question_blocks_execute': False, 'prefer_investigate_when_uncertain': False}","['execute', 'investigate', 'ops', 'summarize']",[]
why did backup job fail,investigate,"{'is_question': True, 'has_imperative': False, 'has_temporal_ref': False}","{'question_blocks_execute': True, 'prefer_investigate_when_uncertain': True}","['investigate', 'ops', 'summarize']",['execute']
analyze network latency issues,investigate,"{'is_question': False, 'has_imperative': True, 'has_temporal_ref': False}","{'question_blocks_execute': False, 'prefer_investigate_when_uncertain': False}","['execute', 'investigate', 'ops', 'summarize']",[]
what is causing service degradation,investigate,"{'is_question': True, 'has_imperative': False, 'has_temporal_ref': False}","{'question_blocks_execute': True, 'prefer_investigate_when_uncertain': True}","['investigate', 'ops', 'summarize']",['execute']
investigate high error rate,investigate,"{'is_question': False, 'has_imperative': False, 'has_temporal_ref': False}","{'question_blocks_execute': False, 'prefer_investigate_when_uncertain': False}","['execute', 'investigate', 'ops', 'summarize']",[]
why did health check fail,investigate,"{'is_question': True, 'has_imperative': False, 'has_temporal_ref': False}","{'question_blocks_execute': True, 'prefer_investigate_when_uncertain': True}","['investigate', 'ops', 'summarize']",['execute']
check what caused the crash,investigate,"{'is_question': True, 'has_imperative': True, 'has_temporal_ref': False}","{'question_blocks_execute': True, 'prefer_investigate_when_uncertain': False}","['investigate', 'ops', 'summarize']",['execute']
investigate timeout errors,investigate,"{'is_question': False, 'has_imperative': False, 'has_temporal_ref': False}","{'question_blocks_execute': False, 'prefer_investigate_when_uncertain': False}","['execute', 'investigate', 'ops', 'summarize']",[]
why is cache miss rate high,investigate,"{'is_question': True, 'has_imperative': False, 'has_temporal_ref': False}","{'question_blocks_execute': True, 'prefer_investigate_when_uncertain': True}","['investigate', 'ops', 'summarize']",['execute']
analyze exception logs,investigate,"{'is_question': False, 'has_imperative': True, 'has_temporal_ref': False}","{'question_blocks_execute': False, 'prefer_investigate_when_uncertain': False}","['execute', 'investigate', 'ops', 'summarize']",[]
investigate connection pool exhaustion,investigate,"{'is_question': False, 'has_imperative': False, 'has_temporal_ref': False}","{'question_blocks_execute': False, 'prefer_investigate_when_uncertain': False}","['execute', 'investigate', 'ops', 'summarize']",[]
why are requests queued,investigate,"{'is_question': True, 'has_imperative': False, 'has_temporal_ref': False}","{'question_blocks_execute': True, 'prefer_investigate_when_uncertain': True}","['investigate', 'ops', 'summarize']",['execute']
check what's causing the bottleneck,investigate,"{'is_question': True, 'has_imperative': True, 'has_temporal_ref': False}","{'question_blocks_execute': True, 'prefer_investigate_when_uncertain': False}","['investigate', 'ops', 'summarize']",['execute']
investigate memory fragmentation,investigate,"{'is_question': False, 'has_imperative': False, 'has_temporal_ref': False}","{'question_blocks_execute': False, 'prefer_investigate_when_uncertain': False}","['execute', 'investigate', 'ops', 'summarize']",[]
why is cpu throttling happening,investigate,"{'is_question': True, 'has_imperative': False, 'has_temporal_ref': False}","{'question_blocks_execute': True, 'prefer_investigate_when_uncertain': True}","['investigate', 'ops', 'summarize']",['execute']
analyze performance metrics,investigate,"{'is_question': False, 'has_imperative': True, 'has_temporal_ref': False}","{'question_blocks_execute': False, 'prefer_investigate_when_uncertain': False}","['execute', 'investigate', 'ops', 'summarize']",[]
investigate deadlock in database,investigate,"{'is_question': False, 'has_imperative': False, 'has_temporal_ref': False}","{'question_blocks_execute': False, 'prefer_investigate_when_uncertain': False}","['execute', 'investigate', 'ops', 'summarize']",[]
why is replication lagging,investigate,"{'is_question': True, 'has_imperative': False, 'has_temporal_ref': False}","{'question_blocks_execute': True, 'prefer_investigate_when_uncertain': True}","['investigate', 'ops', 'summarize']",['execute']
check what caused sync failure,investigate,"{'is_question': True, 'has_imperative': True, 'has_temporal_ref': False}","{'question_blocks_execute': True, 'prefer_investigate_when_uncertain': False}","['investigate', 'ops', 'summarize']",['execute']
investigate cluster node failure,investigate,"{'is_question': False, 'has_imperative': False, 'has_temporal_ref': False}","{'question_blocks_execute': False, 'prefer_investigate_when_uncertain': False}","['execute', 'investigate', 'ops', 'summarize']",[]
why are containers crashing,investigate,"{'is_question': True, 'has_imperative': False, 'has_temporal_ref': False}","{'question_blocks_execute': True, 'prefer_investigate_when_uncertain': True}","['investigate', 'ops', 'summarize']",['execute']
analyze resource constraints,investigate,"{'is_question': False, 'has_imperative': True, 'has_temporal_ref': False}","{'question_blocks_execute': False, 'prefer_investigate_when_uncertain': False}","['execute', 'investigate', 'ops', 'summarize']",[]
investigate queue backlog,investigate,"{'is_question': False, 'has_imperative': False, 'has_temporal_ref': False}","{'question_blocks_execute': False, 'prefer_investigate_when_uncertain': False}","['execute', 'investigate', 'ops', 'summarize']",[]
why is throughput degraded,investigate,"{'is_question': True, 'has_imperative': False, 'has_temporal_ref': False}","{'question_blocks_execute': True, 'prefer_investigate_when_uncertain': True}","['investigate', 'ops', 'summarize']",['execute']
check what went wrong,investigate,"{'is_question': True, 'has_imperative': True, 'has_temporal_ref': False}","{'question_blocks_execute': True, 'prefer_investigate_when_uncertain': False}","['investigate', 'ops', 'summarize']",['execute']
why is the ssl certificate expired on prod,investigate,"{'is_question': True, 'has_imperative': False, 'has_temporal_ref': False}","{'question_blocks_execute': True, 'prefer_investigate_when_uncertain': True}","['investigate', 'ops', 'summarize']",['execute']
can you look into the dns resolution failure,investigate,"{'is_question': False, 'has_imperative': False, 'has_temporal_ref': False}","{'question_blocks_execute': False, 'prefer_investigate_when_uncertain': False}","['execute', 'investigate', 'ops', 'summarize']",[]
what is causing packet loss on the network,investigate,"{'is_question': True, 'has_imperative': False, 'has_temporal_ref': False}","{'question_blocks_execute': True, 'prefer_investigate_when_uncertain': True}","['investigate', 'ops', 'summarize']",['execute']
investigate the sudden increase in 5xx errors,investigate,"{'is_question': False, 'has_imperative': False, 'has_temporal_ref': False}","{'question_blocks_execute': False, 'prefer_investigate_when_uncertain': False}","['execute', 'investigate', 'ops', 'summarize']",[]
why is the api gateway returning 503,investigate,"{'is_question': True, 'has_imperative': False, 'has_temporal_ref': False}","{'question_blocks_execute': True, 'prefer_investigate_when_uncertain': True}","['investigate', 'ops', 'summarize']",['execute']
analyze the thread dump from app server,investigate,"{'is_question': False, 'has_imperative': True, 'has_temporal_ref': False}","{'question_blocks_execute': False, 'prefer_investigate_when_uncertain': False}","['execute', 'investigate', 'ops', 'summarize']",[]
check why cron jobs are failing,investigate,"{'is_question': True, 'has_imperative': True, 'has_temporal_ref': False}","{'question_blocks_execute': True, 'prefer_investigate_when_uncertain': False}","['investigate', 'ops', 'summarize']",['execute']
what caused the spike in garbage collection time,investigate,"{'is_question': True, 'has_imperative': False, 'has_temporal_ref': False}","{'question_blocks_execute': True, 'prefer_investigate_when_uncertain': True}","['investigate', 'ops', 'summarize']",['execute']
investigate why websocket connections are dropping,investigate,"{'is_question': True, 'has_imperative': False, 'has_temporal_ref': False}","{'question_blocks_execute': True, 'prefer_investigate_when_uncertain': True}","['investigate', 'ops', 'summarize']",['execute']
why is the message broker not consuming messages,investigate,"{'is_question': True, 'has_imperative': False, 'has_temporal_ref': False}","{'question_blocks_execute': True, 'prefer_investigate_when_uncertain': True}","['investigate', 'ops', 'summarize']",['execute']
look into the storage IOPS issue,investigate,"{'is_question': False, 'has_imperative': False, 'has_temporal_ref': False}","{'question_blocks_execute': False, 'prefer_investigate_when_uncertain': False}","['execute', 'investigate', 'ops', 'summarize']",[]
what is causing the high swap usage on node-5,investigate,"{'is_question': True, 'has_imperative': False, 'has_temporal_ref': False}","{'question_blocks_execute': True, 'prefer_investigate_when_uncertain': True}","['investigate', 'ops', 'summarize']",['execute']
analyze the slow query logs for the past hour,investigate,"{'is_question': False, 'has_imperative': True, 'has_temporal_ref': True}","{'question_blocks_execute': False, 'prefer_investigate_when_uncertain': False}","['execute', 'investigate', 'ops', 'summarize']",[]
check why the read replicas are out of sync,investigate,"{'is_question': True, 'has_imperative': True, 'has_temporal_ref': False}","{'question_blocks_execute': True, 'prefer_investigate_when_uncertain': False}","['investigate', 'ops', 'summarize']",['execute']
investigate the TLS handshake failures,investigate,"{'is_question': False, 'has_imperative': False, 'has_temporal_ref': False}","{'question_blocks_execute': False, 'prefer_investigate_when_uncertain': False}","['execute', 'investigate', 'ops', 'summarize']",[]
why is the CDN cache invalidation not working,investigate,"{'is_question': True, 'has_imperative': False, 'has_temporal_ref': False}","{'question_blocks_execute': True, 'prefer_investigate_when_uncertain': True}","['investigate', 'ops', 'summarize']",['execute']
examine the kernel panic logs on host-42,investigate,"{'is_question': False, 'has_imperative': False, 'has_temporal_ref': False}","{'question_blocks_execute': False, 'prefer_investigate_when_uncertain': False}","['execute', 'investigate', 'ops', 'summarize']",[]
what caused the pod evictions in kubernetes,investigate,"{'is_question': True, 'has_imperative': False, 'has_temporal_ref': False}","{'question_blocks_execute': True, 'prefer_investigate_when_uncertain': True}","['investigate', 'ops', 'summarize']",['execute']
investigate the intermittent connection resets,investigate,"{'is_question': False, 'has_imperative': False, 'has_temporal_ref': False}","{'question_blocks_execute': False, 'prefer_investigate_when_uncertain': False}","['execute', 'investigate', 'ops', 'summarize']",[]
why is the redis cluster showing high fragmentation,investigate,"{'is_question': True, 'has_imperative': False, 'has_temporal_ref': False}","{'question_blocks_execute': True, 'prefer_investigate_when_uncertain': True}","['investigate', 'ops', 'summarize']",['execute']
check the firewall rules blocking traffic,investigate,"{'is_question': False, 'has_imperative': True, 'has_temporal_ref': False}","{'question_blocks_execute': False, 'prefer_investigate_when_uncertain': False}","['execute', 'investigate', 'ops', 'summarize']",[]
analyze the heap dump for memory leak,investigate,"{'is_question': False, 'has_imperative': True, 'has_temporal_ref': False}","{'question_blocks_execute': False, 'prefer_investigate_when_uncertain': False}","['execute', 'investigate', 'ops', 'summarize']",[]
investigate the data corruption in table orders,investigate,"{'is_question': False, 'has_imperative': False, 'has_temporal_ref': False}","{'question_blocks_execute': False, 'prefer_investigate_when_uncertain': False}","['execute', 'investigate', 'ops', 'summarize']",[]
why is the queue consumer lagging behind producer,investigate,"{'is_question': True, 'has_imperative': False, 'has_temporal_ref': False}","{'question_blocks_execute': True, 'prefer_investigate_when_uncertain': True}","['investigate', 'ops', 'summarize']",['execute']
what triggered the auto-scaling event,investigate,"{'is_question': True, 'has_imperative': False, 'has_temporal_ref': False}","{'question_blocks_execute': True, 'prefer_investigate_when_uncertain': True}","['investigate', 'ops', 'summarize']",['execute']
look into the certificate chain validation error,investigate,"{'is_question': False, 'has_imperative': False, 'has_temporal_ref': False}","{'question_blocks_execute': False, 'prefer_investigate_when_uncertain': False}","['execute', 'investigate', 'ops', 'summarize']",[]
examine the audit logs for suspicious activity,investigate,"{'is_question': False, 'has_imperative': False, 'has_temporal_ref': False}","{'question_blocks_execute': False, 'prefer_investigate_when_uncertain': False}","['execute', 'investigate', 'ops', 'summarize']",[]
why is the etcd cluster showing leader election issues,investigate,"{'is_question': True, 'has_imperative': False, 'has_temporal_ref': False}","{'question_blocks_execute': True, 'prefer_investigate_when_uncertain': True}","['investigate', 'ops', 'summarize']",['execute']
investigate the network partition between zones,investigate,"{'is_question': False, 'has_imperative': False, 'has_temporal_ref': False}","{'question_blocks_execute': False, 'prefer_investigate_when_uncertain': False}","['execute', 'investigate', 'ops', 'summarize']",[]
what is causing the high p99 latency,investigate,"{'is_question': True, 'has_imperative': False, 'has_temporal_ref': False}","{'question_blocks_execute': True, 'prefer_investigate_when_uncertain': True}","['investigate', 'ops', 'summarize']",['execute']
check why the batch processing job is stuck,investigate,"{'is_question': True, 'has_imperative': True, 'has_temporal_ref': False}","{'question_blocks_execute': True, 'prefer_investigate_when_uncertain': False}","['investigate', 'ops', 'summarize']",['execute']
analyze the jvm thread contention issue,investigate,"{'is_question': False, 'has_imperative': True, 'has_temporal_ref': False}","{'question_blocks_execute': False, 'prefer_investigate_when_uncertain': False}","['execute', 'investigate', 'ops', 'summarize']",[]
why is the load test showing degraded throughput,investigate,"{'is_question': True, 'has_imperative': False, 'has_temporal_ref': False}","{'question_blocks_execute': True, 'prefer_investigate_when_uncertain': True}","['investigate', 'ops', 'summarize']",['execute']
investigate the file descriptor leak,investigate,"{'is_question': False, 'has_imperative': False, 'has_temporal_ref': False}","{'question_blocks_execute': False, 'prefer_investigate_when_uncertain': False}","['execute', 'investigate', 'ops', 'summarize']",[]
what caused the split brain in the cluster,investigate,"{'is_question': True, 'has_imperative': False, 'has_temporal_ref': False}","{'question_blocks_execute': True, 'prefer_investigate_when_uncertain': True}","['investigate', 'ops', 'summarize']",['execute']
look into the http connection pool timeout,investigate,"{'is_question': False, 'has_imperative': False, 'has_temporal_ref': False}","{'question_blocks_execute': False, 'prefer_investigate_when_uncertain': False}","['execute', 'investigate', 'ops', 'summarize']",[]
why is the search indexer falling behind,investigate,"{'is_question': True, 'has_imperative': False, 'has_temporal_ref': False}","{'question_blocks_execute': True, 'prefer_investigate_when_uncertain': True}","['investigate', 'ops', 'summarize']",['execute']
check the correlation between cpu spike and deployments,investigate,"{'is_question': False, 'has_imperative': True, 'has_temporal_ref': False}","{'question_blocks_execute': False, 'prefer_investigate_when_uncertain': False}","['execute', 'investigate', 'ops', 'summarize']",[]
investigate the disk write latency on ssd array,investigate,"{'is_question': False, 'has_imperative': False, 'has_temporal_ref': False}","{'question_blocks_execute': False, 'prefer_investigate_when_uncertain': False}","['execute', 'investigate', 'ops', 'summarize']",[]
what is causing the oauth token refresh failures,investigate,"{'is_question': True, 'has_imperative': False, 'has_temporal_ref': False}","{'question_blocks_execute': True, 'prefer_investigate_when_uncertain': True}","['investigate', 'ops', 'summarize']",['execute']
analyze why the canary deployment is showing errors,investigate,"{'is_question': True, 'has_imperative': True, 'has_temporal_ref': False}","{'question_blocks_execute': True, 'prefer_investigate_when_uncertain': False}","['investigate', 'ops', 'summarize']",['execute']
check why the health endpoint is returning stale data,investigate,"{'is_question': True, 'has_imperative': True, 'has_temporal_ref': False}","{'question_blocks_execute': True, 'prefer_investigate_when_uncertain': False}","['investigate', 'ops', 'summarize']",['execute']
investigate the memory pressure alerts on worker nodes,investigate,"{'is_question': False, 'has_imperative': False, 'has_temporal_ref': False}","{'question_blocks_execute': False, 'prefer_investigate_when_uncertain': False}","['execute', 'investigate', 'ops', 'summarize']",[]
why is the graphql resolver timing out,investigate,"{'is_question': True, 'has_imperative': False, 'has_temporal_ref': False}","{'question_blocks_execute': True, 'prefer_investigate_when_uncertain': True}","['investigate', 'ops', 'summarize']",['execute']
look into the prometheus scrape failures,investigate,"{'is_question': False, 'has_imperative': False, 'has_temporal_ref': False}","{'question_blocks_execute': False, 'prefer_investigate_when_uncertain': False}","['execute', 'investigate', 'ops', 'summarize']",[]
what caused the raft consensus timeout,investigate,"{'is_question': True, 'has_imperative': False, 'has_temporal_ref': False}","{'question_blocks_execute': True, 'prefer_investigate_when_uncertain': True}","['investigate', 'ops', 'summarize']",['execute']
investigate the grpc deadline exceeded errors,investigate,"{'is_question': False, 'has_imperative': False, 'has_temporal_ref': False}","{'question_blocks_execute': False, 'prefer_investigate_when_uncertain': False}","['execute', 'investigate', 'ops', 'summarize']",[]
why is the connection draining taking too long,investigate,"{'is_question': True, 'has_imperative': False, 'has_temporal_ref': False}","{'question_blocks_execute': True, 'prefer_investigate_when_uncertain': True}","['investigate', 'ops', 'summarize']",['execute']
analyze the rate of retries on downstream calls,investigate,"{'is_question': False, 'has_imperative': True, 'has_temporal_ref': False}","{'question_blocks_execute': False, 'prefer_investigate_when_uncertain': False}","['execute', 'investigate', 'ops', 'summarize']",[]
check what is causing the event loop blocking,investigate,"{'is_question': True, 'has_imperative': True, 'has_temporal_ref': False}","{'question_blocks_execute': True, 'prefer_investigate_when_uncertain': False}","['investigate', 'ops', 'summarize']",['execute']
investigate the segfault in the native module,investigate,"{'is_question': False, 'has_imperative': False, 'has_temporal_ref': False}","{'question_blocks_execute': False, 'prefer_investigate_when_uncertain': False}","['execute', 'investigate', 'ops', 'summarize']",[]
why is the WAL replay taking hours on postgres,investigate,"{'is_question': True, 'has_imperative': False, 'has_temporal_ref': False}","{'question_blocks_execute': True, 'prefer_investigate_when_uncertain': True}","['investigate', 'ops', 'summarize']",['execute']
what caused the index corruption on elasticsearch,investigate,"{'is_question': True, 'has_imperative': False, 'has_temporal_ref': False}","{'question_blocks_execute': True, 'prefer_investigate_when_uncertain': True}","['investigate', 'ops', 'summarize']",['execute']
look into the consistent hashing rebalance issue,investigate,"{'is_question': False, 'has_imperative': False, 'has_temporal_ref': False}","{'question_blocks_execute': False, 'prefer_investigate_when_uncertain': False}","['execute', 'investigate', 'ops', 'summarize']",[]
why is the service mesh sidecar consuming too much cpu,investigate,"{'is_question': True, 'has_imperative': False, 'has_temporal_ref': False}","{'question_blocks_execute': True, 'prefer_investigate_when_uncertain': True}","['investigate', 'ops', 'summarize']",['execute']
investigate the clock skew between nodes,investigate,"{'is_question': False, 'has_imperative': False, 'has_temporal_ref': False}","{'question_blocks_execute': False, 'prefer_investigate_when_uncertain': False}","['execute', 'investigate', 'ops', 'summarize']",[]
what is causing the write amplification on the database,investigate,"{'is_question': True, 'has_imperative': False, 'has_temporal_ref': False}","{'question_blocks_execute': True, 'prefer_investigate_when_uncertain': True}","['investigate', 'ops', 'summarize']",['execute']
analyze the open file handle count on prod servers,investigate,"{'is_question': False, 'has_imperative': True, 'has_temporal_ref': False}","{'question_blocks_execute': False, 'prefer_investigate_when_uncertain': False}","['execute', 'investigate', 'ops', 'summarize']",[]
check why the circuit breaker keeps tripping,investigate,"{'is_question': True, 'has_imperative': True, 'has_temporal_ref': False}","{'question_blocks_execute': True, 'prefer_investigate_when_uncertain': False}","['investigate', 'ops', 'summarize']",['execute']
investigate the cold start latency in serverless functions,investigate,"{'is_question': False, 'has_imperative': False, 'has_temporal_ref': False}","{'question_blocks_execute': False, 'prefer_investigate_when_uncertain': False}","['execute', 'investigate', 'ops', 'summarize']",[]
why is the bloom filter returning false positives,investigate,"{'is_question': True, 'has_imperative': False, 'has_temporal_ref': False}","{'question_blocks_execute': True, 'prefer_investigate_when_uncertain': True}","['investigate', 'ops', 'summarize']",['execute']
look into the mutex contention on shared resource,investigate,"{'is_question': False, 'has_imperative': False, 'has_temporal_ref': False}","{'question_blocks_execute': False, 'prefer_investigate_when_uncertain': False}","['execute', 'investigate', 'ops', 'summarize']",[]
what caused the thundering herd on cache expiry,investigate,"{'is_question': True, 'has_imperative': False, 'has_temporal_ref': False}","{'question_blocks_execute': True, 'prefer_investigate_when_uncertain': True}","['investigate', 'ops', 'summarize']",['execute']
investigate the asymmetric network routing issue,investigate,"{'is_question': False, 'has_imperative': False, 'has_temporal_ref': False}","{'question_blocks_execute': False, 'prefer_investigate_when_uncertain': False}","['execute', 'investigate', 'ops', 'summarize']",[]
why is the compaction process stalling on cassandra,investigate,"{'is_question': True, 'has_imperative': False, 'has_temporal_ref': False}","{'question_blocks_execute': True, 'prefer_investigate_when_uncertain': True}","['investigate', 'ops', 'summarize']",['execute']
analyze the tombstone accumulation in the database,investigate,"{'is_question': False, 'has_imperative': True, 'has_temporal_ref': False}","{'question_blocks_execute': False, 'prefer_investigate_when_uncertain': False}","['execute', 'investigate', 'ops', 'summarize']",[]
check the tcp retransmission rate on the interface,investigate,"{'is_question': False, 'has_imperative': True, 'has_temporal_ref': False}","{'question_blocks_execute': False, 'prefer_investigate_when_uncertain': False}","['execute', 'investigate', 'ops', 'summarize']",[]
investigate the cross-region replication delay,investigate,"{'is_question': False, 'has_imperative': False, 'has_temporal_ref': False}","{'question_blocks_execute': False, 'prefer_investigate_when_uncertain': False}","['execute', 'investigate', 'ops', 'summarize']",[]
why is the garbage collector pausing for 500ms,investigate,"{'is_question': True, 'has_imperative': False, 'has_temporal_ref': False}","{'question_blocks_execute': True, 'prefer_investigate_when_uncertain': True}","['investigate', 'ops', 'summarize']",['execute']
look into the inode exhaustion on the log partition,investigate,"{'is_question': False, 'has_imperative': False, 'has_temporal_ref': False}","{'question_blocks_execute': False, 'prefer_investigate_when_uncertain': False}","['execute', 'investigate', 'ops', 'summarize']",[]
what caused the connection storm after failover,investigate,"{'is_question': True, 'has_imperative': False, 'has_temporal_ref': False}","{'question_blocks_execute': True, 'prefer_investigate_when_uncertain': True}","['investigate', 'ops', 'summarize']",['execute']
investigate the flapping health checks,investigate,"{'is_question': False, 'has_imperative': False, 'has_temporal_ref': False}","{'question_blocks_execute': False, 'prefer_investigate_when_uncertain': False}","['execute', 'investigate', 'ops', 'summarize']",[]
why is the dns ttl causing stale lookups,investigate,"{'is_question': True, 'has_imperative': False, 'has_temporal_ref': False}","{'question_blocks_execute': True, 'prefer_investigate_when_uncertain': True}","['investigate', 'ops', 'summarize']",['execute']
analyze the kernel scheduler latency spikes,investigate,"{'is_question': False, 'has_imperative': True, 'has_temporal_ref': False}","{'question_blocks_execute': False, 'prefer_investigate_when_uncertain': False}","['execute', 'investigate', 'ops', 'summarize']",[]
check what is triggering the oom killer,investigate,"{'is_question': True, 'has_imperative': True, 'has_temporal_ref': False}","{'question_blocks_execute': True, 'prefer_investigate_when_uncertain': False}","['investigate', 'ops', 'summarize']",['execute']
investigate the ssl renegotiation overhead,investigate,"{'is_question': False, 'has_imperative': False, 'has_temporal_ref': False}","{'question_blocks_execute': False, 'prefer_investigate_when_uncertain': False}","['execute', 'investigate', 'ops', 'summarize']",[]
why is the background job worker deadlocking,investigate,"{'is_question': True, 'has_imperative': False, 'has_temporal_ref': False}","{'question_blocks_execute': True, 'prefer_investigate_when_uncertain': True}","['investigate', 'ops', 'summarize']",['execute']
what caused the data skew in the partitioned table,investigate,"{'is_question': True, 'has_imperative': False, 'has_temporal_ref': False}","{'question_blocks_execute': True, 'prefer_investigate_when_uncertain': True}","['investigate', 'ops', 'summarize']",['execute']
look into the nfs mount hanging issue,investigate,"{'is_question': False, 'has_imperative': False, 'has_temporal_ref': False}","{'question_blocks_execute': False, 'prefer_investigate_when_uncertain': False}","['execute', 'investigate', 'ops', 'summarize']",[]
investigate the spurious wakeups in the thread pool,investigate,"{'is_question': False, 'has_imperative': False, 'has_temporal_ref': False}","{'question_blocks_execute': False, 'prefer_investigate_when_uncertain': False}","['execute', 'investigate', 'ops', 'summarize']",[]
why is the zookeeper session expiring frequently,investigate,"{'is_question': True, 'has_imperative': False, 'has_temporal_ref': False}","{'question_blocks_execute': True, 'prefer_investigate_when_uncertain': True}","['investigate', 'ops', 'summarize']",['execute']
analyze the log rotation failure on app-server-12,investigate,"{'is_question': False, 'has_imperative': True, 'has_temporal_ref': False}","{'question_blocks_execute': False, 'prefer_investigate_when_uncertain': False}","['execute', 'investigate', 'ops', 'summarize']",[]
check why the reverse proxy is dropping headers,investigate,"{'is_question': True, 'has_imperative': True, 'has_temporal_ref': False}","{'question_blocks_execute': True, 'prefer_investigate_when_uncertain': False}","['investigate', 'ops', 'summarize']",['execute']
investigate the network buffer overflow on ingress,investigate,"{'is_question': False, 'has_imperative': False, 'has_temporal_ref': False}","{'question_blocks_execute': False, 'prefer_investigate_when_uncertain': False}","['execute', 'investigate', 'ops', 'summarize']",[]
why is the snapshot restore taking longer than expected,investigate,"{'is_question': True, 'has_imperative': False, 'has_temporal_ref': False}","{'question_blocks_execute': True, 'prefer_investigate_when_uncertain': True}","['investigate', 'ops', 'summarize']",['execute']
what caused the lease expiration on the distributed lock,investigate,"{'is_question': True, 'has_imperative': False, 'has_temporal_ref': False}","{'question_blocks_execute': True, 'prefer_investigate_when_uncertain': True}","['investigate', 'ops', 'summarize']",['execute']
look into the memory allocation failure in container,investigate,"{'is_question': False, 'has_imperative': False, 'has_temporal_ref': False}","{'question_blocks_execute': False, 'prefer_investigate_when_uncertain': False}","['execute', 'investigate', 'ops', 'summarize']",[]
investigate the cpu steal time on virtual machines,investigate,"{'is_question': False, 'has_imperative': False, 'has_temporal_ref': False}","{'question_blocks_execute': False, 'prefer_investigate_when_uncertain': False}","['execute', 'investigate', 'ops', 'summarize']",[]
why is the database vacuum process not completing,investigate,"{'is_question': True, 'has_imperative': False, 'has_temporal_ref': False}","{'question_blocks_execute': True, 'prefer_investigate_when_uncertain': True}","['investigate', 'ops', 'summarize']",['execute']
analyze the socket backlog on the listener,investigate,"{'is_question': False, 'has_imperative': True, 'has_temporal_ref': False}","{'question_blocks_execute': False, 'prefer_investigate_when_uncertain': False}","['execute', 'investigate', 'ops', 'summarize']",[]
check the semaphore deadlock in the process pool,investigate,"{'is_question': False, 'has_imperative': True, 'has_temporal_ref': False}","{'question_blocks_execute': False, 'prefer_investigate_when_uncertain': False}","['execute', 'investigate', 'ops', 'summarize']",[]
investigate the page cache thrashing issue,investigate,"{'is_question': False, 'has_imperative': False, 'has_temporal_ref': False}","{'question_blocks_execute': False, 'prefer_investigate_when_uncertain': False}","['execute', 'investigate', 'ops', 'summarize']",[]
why is the io scheduler causing write starvation,investigate,"{'is_question': True, 'has_imperative': False, 'has_temporal_ref': False}","{'question_blocks_execute': True, 'prefer_investigate_when_uncertain': True}","['investigate', 'ops', 'summarize']",['execute']
what is causing the tcp connection reset by peer,investigate,"{'is_question': True, 'has_imperative': False, 'has_temporal_ref': False}","{'question_blocks_execute': True, 'prefer_investigate_when_uncertain': True}","['investigate', 'ops', 'summarize']",['execute']
look into the systemd service restart loop,investigate,"{'is_question': False, 'has_imperative': False, 'has_temporal_ref': False}","{'question_blocks_execute': False, 'prefer_investigate_when_uncertain': False}","['execute', 'investigate', 'ops', 'summarize']",[]
investigate the kernel soft lockup warnings,investigate,"{'is_question': False, 'has_imperative': False, 'has_temporal_ref': False}","{'question_blocks_execute': False, 'prefer_investigate_when_uncertain': False}","['execute', 'investigate', 'ops', 'summarize']",[]
why is the cgroup memory limit being exceeded,investigate,"{'is_question': True, 'has_imperative': False, 'has_temporal_ref': False}","{'question_blocks_execute': True, 'prefer_investigate_when_uncertain': True}","['investigate', 'ops', 'summarize']",['execute']
analyze the numa imbalance on the multi-socket server,investigate,"{'is_question': False, 'has_imperative': True, 'has_temporal_ref': False}","{'question_blocks_execute': False, 'prefer_investigate_when_uncertain': False}","['execute', 'investigate', 'ops', 'summarize']",[]
restart nginx on host123,execution,"{'is_question': False, 'has_imperative': True, 'has_temporal_ref': False}","{'question_blocks_execute': False, 'prefer_investigate_when_uncertain': False}","['execute', 'investigate', 'ops', 'summarize']",[]
scale the api service to 5 replicas,execution,"{'is_question': False, 'has_imperative': False, 'has_temporal_ref': False}","{'question_blocks_execute': False, 'prefer_investigate_when_uncertain': False}","['execute', 'investigate', 'ops', 'summarize']",[]
clear disk space on server alpha,execution,"{'is_question': False, 'has_imperative': False, 'has_temporal_ref': False}","{'question_blocks_execute': False, 'prefer_investigate_when_uncertain': False}","['execute', 'investigate', 'ops', 'summarize']",[]
run the remediation playbook for cpu spike,execution,"{'is_question': False, 'has_imperative': True, 'has_temporal_ref': False}","{'question_blocks_execute': False, 'prefer_investigate_when_uncertain': False}","['execute', 'investigate', 'ops', 'summarize']",[]
apply security patch on db-server-7,execution,"{'is_question': False, 'has_imperative': False, 'has_temporal_ref': False}","{'question_blocks_execute': False, 'prefer_investigate_when_uncertain': False}","['execute', 'investigate', 'ops', 'summarize']",[]
restart application server,execution,"{'is_question': False, 'has_imperative': True, 'has_temporal_ref': False}","{'question_blocks_execute': False, 'prefer_investigate_when_uncertain': False}","['execute', 'investigate', 'ops', 'summarize']",[]
scale up the database replica,execution,"{'is_question': False, 'has_imperative': False, 'has_temporal_ref': False}","{'question_blocks_execute': False, 'prefer_investigate_when_uncertain': False}","['execute', 'investigate', 'ops', 'summarize']",[]
kill the hanging process,execution,"{'is_question': False, 'has_imperative': False, 'has_temporal_ref': False}","{'question_blocks_execute': False, 'prefer_investigate_when_uncertain': False}","['execute', 'investigate', 'ops', 'summarize']",[]
clear cache on all nodes,execution,"{'is_question': False, 'has_imperative': False, 'has_temporal_ref': False}","{'question_blocks_execute': False, 'prefer_investigate_when_uncertain': False}","['execute', 'investigate', 'ops', 'summarize']",[]
restart the load balancer,execution,"{'is_question': False, 'has_imperative': True, 'has_temporal_ref': False}","{'question_blocks_execute': False, 'prefer_investigate_when_uncertain': False}","['execute', 'investigate', 'ops', 'summarize']",[]
apply configuration changes,execution,"{'is_question': False, 'has_imperative': False, 'has_temporal_ref': False}","{'question_blocks_execute': False, 'prefer_investigate_when_uncertain': False}","['execute', 'investigate', 'ops', 'summarize']",[]
rollback the deployment,execution,"{'is_question': False, 'has_imperative': False, 'has_temporal_ref': False}","{'question_blocks_execute': False, 'prefer_investigate_when_uncertain': False}","['execute', 'investigate', 'ops', 'summarize']",[]
start backup job,execution,"{'is_question': False, 'has_imperative': False, 'has_temporal_ref': False}","{'question_blocks_execute': False, 'prefer_investigate_when_uncertain': False}","['execute', 'investigate', 'ops', 'summarize']",[]
stop the runaway query,execution,"{'is_question': False, 'has_imperative': False, 'has_temporal_ref': False}","{'question_blocks_execute': False, 'prefer_investigate_when_uncertain': False}","['execute', 'investigate', 'ops', 'summarize']",[]
reset network interface,execution,"{'is_question': False, 'has_imperative': False, 'has_temporal_ref': False}","{'question_blocks_execute': False, 'prefer_investigate_when_uncertain': False}","['execute', 'investigate', 'ops', 'summarize']",[]
clear log files,execution,"{'is_question': False, 'has_imperative': False, 'has_temporal_ref': False}","{'question_blocks_execute': False, 'prefer_investigate_when_uncertain': False}","['execute', 'investigate', 'ops', 'summarize']",[]
restart monitoring agent,execution,"{'is_question': False, 'has_imperative': True, 'has_temporal_ref': False}","{'question_blocks_execute': False, 'prefer_investigate_when_uncertain': False}","['execute', 'investigate', 'ops', 'summarize']",[]
flush dns cache,execution,"{'is_question': False, 'has_imperative': False, 'has_temporal_ref': False}","{'question_blocks_execute': False, 'prefer_investigate_when_uncertain': False}","['execute', 'investigate', 'ops', 'summarize']",[]
rebuild index on table,execution,"{'is_question': False, 'has_imperative': False, 'has_temporal_ref': False}","{'question_blocks_execute': False, 'prefer_investigate_when_uncertain': False}","['execute', 'investigate', 'ops', 'summarize']",[]
restart container,execution,"{'is_question': False, 'has_imperative': True, 'has_temporal_ref': False}","{'question_blocks_execute': False, 'prefer_investigate_when_uncertain': False}","['execute', 'investigate', 'ops', 'summarize']",[]
scale down resources,execution,"{'is_question': False, 'has_imperative': False, 'has_temporal_ref': False}","{'question_blocks_execute': False, 'prefer_investigate_when_uncertain': False}","['execute', 'investigate', 'ops', 'summarize']",[]
enable circuit breaker,execution,"{'is_question': False, 'has_imperative': False, 'has_temporal_ref': False}","{'question_blocks_execute': False, 'prefer_investigate_when_uncertain': False}","['execute', 'investigate', 'ops', 'summarize']",[]
trigger failover,execution,"{'is_question': False, 'has_imperative': False, 'has_temporal_ref': False}","{'question_blocks_execute': False, 'prefer_investigate_when_uncertain': False}","['execute', 'investigate', 'ops', 'summarize']",[]
drain connections gracefully,execution,"{'is_question': False, 'has_imperative': False, 'has_temporal_ref': False}","{'question_blocks_execute': False, 'prefer_investigate_when_uncertain': False}","['execute', 'investigate', 'ops', 'summarize']",[]
reset application state,execution,"{'is_question': False, 'has_imperative': False, 'has_temporal_ref': False}","{'question_blocks_execute': False, 'prefer_investigate_when_uncertain': False}","['execute', 'investigate', 'ops', 'summarize']",[]
restart background worker,execution,"{'is_question': False, 'has_imperative': True, 'has_temporal_ref': False}","{'question_blocks_execute': False, 'prefer_investigate_when_uncertain': False}","['execute', 'investigate', 'ops', 'summarize']",[]
apply rate limiting,execution,"{'is_question': False, 'has_imperative': False, 'has_temporal_ref': False}","{'question_blocks_execute': False, 'prefer_investigate_when_uncertain': False}","['execute', 'investigate', 'ops', 'summarize']",[]
enable request throttling,execution,"{'is_question': False, 'has_imperative': False, 'has_temporal_ref': False}","{'question_blocks_execute': False, 'prefer_investigate_when_uncertain': False}","['execute', 'investigate', 'ops', 'summarize']",[]
purge old logs,execution,"{'is_question': False, 'has_imperative': False, 'has_temporal_ref': False}","{'question_blocks_execute': False, 'prefer_investigate_when_uncertain': False}","['execute', 'investigate', 'ops', 'summarize']",[]
vacuum database,execution,"{'is_question': False, 'has_imperative': False, 'has_temporal_ref': False}","{'question_blocks_execute': False, 'prefer_investigate_when_uncertain': False}","['execute', 'investigate', 'ops', 'summarize']",[]
restart api gateway,execution,"{'is_question': False, 'has_imperative': True, 'has_temporal_ref': False}","{'question_blocks_execute': False, 'prefer_investigate_when_uncertain': False}","['execute', 'investigate', 'ops', 'summarize']",[]
scale message queue,execution,"{'is_question': False, 'has_imperative': False, 'has_temporal_ref': False}","{'question_blocks_execute': False, 'prefer_investigate_when_uncertain': False}","['execute', 'investigate', 'ops', 'summarize']",[]
apply hotfix,execution,"{'is_question': False, 'has_imperative': False, 'has_temporal_ref': False}","{'question_blocks_execute': False, 'prefer_investigate_when_uncertain': False}","['execute', 'investigate', 'ops', 'summarize']",[]
reset error counters,execution,"{'is_question': False, 'has_imperative': False, 'has_temporal_ref': False}","{'question_blocks_execute': False, 'prefer_investigate_when_uncertain': False}","['execute', 'investigate', 'ops', 'summarize']",[]
enable debug logging,execution,"{'is_question': False, 'has_imperative': False, 'has_temporal_ref': False}","{'question_blocks_execute': False, 'prefer_investigate_when_uncertain': False}","['execute', 'investigate', 'ops', 'summarize']",[]
restart health check,execution,"{'is_question': False, 'has_imperative': True, 'has_temporal_ref': False}","{'question_blocks_execute': False, 'prefer_investigate_when_uncertain': False}","['execute', 'investigate', 'ops', 'summarize']",[]
force garbage collection,execution,"{'is_question': False, 'has_imperative': False, 'has_temporal_ref': False}","{'question_blocks_execute': False, 'prefer_investigate_when_uncertain': False}","['execute', 'investigate', 'ops', 'summarize']",[]
apply network policy,execution,"{'is_question': False, 'has_imperative': False, 'has_temporal_ref': False}","{'question_blocks_execute': False, 'prefer_investigate_when_uncertain': False}","['execute', 'investigate', 'ops', 'summarize']",[]
restart session manager,execution,"{'is_question': False, 'has_imperative': True, 'has_temporal_ref': False}","{'question_blocks_execute': False, 'prefer_investigate_when_uncertain': False}","['execute', 'investigate', 'ops', 'summarize']",[]
scale job scheduler,execution,"{'is_question': False, 'has_imperative': False, 'has_temporal_ref': False}","{'question_blocks_execute': False, 'prefer_investigate_when_uncertain': False}","['execute', 'investigate', 'ops', 'summarize']",[]
apply backup retention policy,execution,"{'is_question': False, 'has_imperative': False, 'has_temporal_ref': False}","{'question_blocks_execute': False, 'prefer_investigate_when_uncertain': False}","['execute', 'investigate', 'ops', 'summarize']",[]
restart log aggregator,execution,"{'is_question': False, 'has_imperative': True, 'has_temporal_ref': False}","{'question_blocks_execute': False, 'prefer_investigate_when_uncertain': False}","['execute', 'investigate', 'ops', 'summarize']",[]
enable auto-healing,execution,"{'is_question': False, 'has_imperative': False, 'has_temporal_ref': False}","{'question_blocks_execute': False, 'prefer_investigate_when_uncertain': False}","['execute', 'investigate', 'ops', 'summarize']",[]
apply security rules,execution,"{'is_question': False, 'has_imperative': False, 'has_temporal_ref': False}","{'question_blocks_execute': False, 'prefer_investigate_when_uncertain': False}","['execute', 'investigate', 'ops', 'summarize']",[]
restart cluster coordinator,execution,"{'is_question': False, 'has_imperative': True, 'has_temporal_ref': False}","{'question_blocks_execute': False, 'prefer_investigate_when_uncertain': False}","['execute', 'investigate', 'ops', 'summarize']",[]
scale data cache,execution,"{'is_question': False, 'has_imperative': False, 'has_temporal_ref': False}","{'question_blocks_execute': False, 'prefer_investigate_when_uncertain': False}","['execute', 'investigate', 'ops', 'summarize']",[]
apply database migration,execution,"{'is_question': False, 'has_imperative': False, 'has_temporal_ref': False}","{'question_blocks_execute': False, 'prefer_investigate_when_uncertain': False}","['execute', 'investigate', 'ops', 'summarize']",[]
restart service mesh,execution,"{'is_question': False, 'has_imperative': True, 'has_temporal_ref': False}","{'question_blocks_execute': False, 'prefer_investigate_when_uncertain': False}","['execute', 'investigate', 'ops', 'summarize']",[]
enable tracing,execution,"{'is_question': False, 'has_imperative': False, 'has_temporal_ref': False}","{'question_blocks_execute': False, 'prefer_investigate_when_uncertain': False}","['execute', 'investigate', 'ops', 'summarize']",[]
deploy the latest build to staging,execution,"{'is_question': False, 'has_imperative': False, 'has_temporal_ref': False}","{'question_blocks_execute': False, 'prefer_investigate_when_uncertain': False}","['execute', 'investigate', 'ops', 'summarize']",[]
rotate the ssl certificates on all endpoints,execution,"{'is_question': False, 'has_imperative': False, 'has_temporal_ref': False}","{'question_blocks_execute': False, 'prefer_investigate_when_uncertain': False}","['execute', 'investigate', 'ops', 'summarize']",[]
provision a new ec2 instance for the web tier,execution,"{'is_question': False, 'has_imperative': False, 'has_temporal_ref': False}","{'question_blocks_execute': False, 'prefer_investigate_when_uncertain': False}","['execute', 'investigate', 'ops', 'summarize']",[]
stop all running containers on host-9,execution,"{'is_question': False, 'has_imperative': False, 'has_temporal_ref': False}","{'question_blocks_execute': False, 'prefer_investigate_when_uncertain': False}","['execute', 'investigate', 'ops', 'summarize']",[]
update the firewall rules to allow port 8443,execution,"{'is_question': False, 'has_imperative': False, 'has_temporal_ref': False}","{'question_blocks_execute': False, 'prefer_investigate_when_uncertain': False}","['execute', 'investigate', 'ops', 'summarize']",[]
migrate the database schema to version 3.2,execution,"{'is_question': False, 'has_imperative': False, 'has_temporal_ref': False}","{'question_blocks_execute': False, 'prefer_investigate_when_uncertain': False}","['execute', 'investigate', 'ops', 'summarize']",[]
resize the persistent volume to 500gb,execution,"{'is_question': False, 'has_imperative': False, 'has_temporal_ref': False}","{'question_blocks_execute': False, 'prefer_investigate_when_uncertain': False}","['execute', 'investigate', 'ops', 'summarize']",[]
restart the kafka broker on node-3,execution,"{'is_question': False, 'has_imperative': True, 'has_temporal_ref': False}","{'question_blocks_execute': False, 'prefer_investigate_when_uncertain': False}","['execute', 'investigate', 'ops', 'summarize']",[]
terminate the zombie processes,execution,"{'is_question': False, 'has_imperative': False, 'has_temporal_ref': False}","{'question_blocks_execute': False, 'prefer_investigate_when_uncertain': False}","['execute', 'investigate', 'ops', 'summarize']",[]
create a snapshot of the production database,execution,"{'is_question': False, 'has_imperative': False, 'has_temporal_ref': False}","{'question_blocks_execute': False, 'prefer_investigate_when_uncertain': False}","['execute', 'investigate', 'ops', 'summarize']",[]
enable maintenance mode on the website,execution,"{'is_question': False, 'has_imperative': False, 'has_temporal_ref': False}","{'question_blocks_execute': False, 'prefer_investigate_when_uncertain': False}","['execute', 'investigate', 'ops', 'summarize']",[]
disable the feature flag for dark mode,execution,"{'is_question': False, 'has_imperative': False, 'has_temporal_ref': False}","{'question_blocks_execute': False, 'prefer_investigate_when_uncertain': False}","['execute', 'investigate', 'ops', 'summarize']",[]
scale the worker pool to 20 instances,execution,"{'is_question': False, 'has_imperative': False, 'has_temporal_ref': False}","{'question_blocks_execute': False, 'prefer_investigate_when_uncertain': False}","['execute', 'investigate', 'ops', 'summarize']",[]
flush the redis cache completely,execution,"{'is_question': False, 'has_imperative': False, 'has_temporal_ref': False}","{'question_blocks_execute': False, 'prefer_investigate_when_uncertain': False}","['execute', 'investigate', 'ops', 'summarize']",[]
redeploy the microservice with the fix,execution,"{'is_question': False, 'has_imperative': False, 'has_temporal_ref': False}","{'question_blocks_execute': False, 'prefer_investigate_when_uncertain': False}","['execute', 'investigate', 'ops', 'summarize']",[]
configure the auto-scaling policy for peak hours,execution,"{'is_question': False, 'has_imperative': False, 'has_temporal_ref': False}","{'question_blocks_execute': False, 'prefer_investigate_when_uncertain': False}","['execute', 'investigate', 'ops', 'summarize']",[]
mount the nfs share on the batch server,execution,"{'is_question': False, 'has_imperative': False, 'has_temporal_ref': False}","{'question_blocks_execute': False, 'prefer_investigate_when_uncertain': False}","['execute', 'investigate', 'ops', 'summarize']",[]
run the data integrity check script,execution,"{'is_question': False, 'has_imperative': True, 'has_temporal_ref': False}","{'question_blocks_execute': False, 'prefer_investigate_when_uncertain': False}","['execute', 'investigate', 'ops', 'summarize']",[]
rotate the api keys for third party integrations,execution,"{'is_question': False, 'has_imperative': False, 'has_temporal_ref': False}","{'question_blocks_execute': False, 'prefer_investigate_when_uncertain': False}","['execute', 'investigate', 'ops', 'summarize']",[]
update the dns records for the new ip,execution,"{'is_question': False, 'has_imperative': False, 'has_temporal_ref': False}","{'question_blocks_execute': False, 'prefer_investigate_when_uncertain': False}","['execute', 'investigate', 'ops', 'summarize']",[]
restart the elasticsearch cluster rolling,execution,"{'is_question': False, 'has_imperative': True, 'has_temporal_ref': False}","{'question_blocks_execute': False, 'prefer_investigate_when_uncertain': False}","['execute', 'investigate', 'ops', 'summarize']",[]
enable write-ahead logging on the database,execution,"{'is_question': False, 'has_imperative': False, 'has_temporal_ref': False}","{'question_blocks_execute': False, 'prefer_investigate_when_uncertain': False}","['execute', 'investigate', 'ops', 'summarize']",[]
switch traffic to the blue deployment,execution,"{'is_question': False, 'has_imperative': False, 'has_temporal_ref': False}","{'question_blocks_execute': False, 'prefer_investigate_when_uncertain': False}","['execute', 'investigate', 'ops', 'summarize']",[]
increase the connection pool size to 200,execution,"{'is_question': False, 'has_imperative': False, 'has_temporal_ref': False}","{'question_blocks_execute': False, 'prefer_investigate_when_uncertain': False}","['execute', 'investigate', 'ops', 'summarize']",[]
run the certificate renewal automation,execution,"{'is_question': False, 'has_imperative': True, 'has_temporal_ref': False}","{'question_blocks_execute': False, 'prefer_investigate_when_uncertain': False}","['execute', 'investigate', 'ops', 'summarize']",[]
disable the deprecated api endpoint,execution,"{'is_question': False, 'has_imperative': False, 'has_temporal_ref': False}","{'question_blocks_execute': False, 'prefer_investigate_when_uncertain': False}","['execute', 'investigate', 'ops', 'summarize']",[]
execute the database cleanup stored procedure,execution,"{'is_question': False, 'has_imperative': True, 'has_temporal_ref': False}","{'question_blocks_execute': False, 'prefer_investigate_when_uncertain': False}","['execute', 'investigate', 'ops', 'summarize']",[]
start the canary deployment for version 4.1,execution,"{'is_question': False, 'has_imperative': False, 'has_temporal_ref': False}","{'question_blocks_execute': False, 'prefer_investigate_when_uncertain': False}","['execute', 'investigate', 'ops', 'summarize']",[]
set up the vpn tunnel to the partner network,execution,"{'is_question': False, 'has_imperative': False, 'has_temporal_ref': False}","{'question_blocks_execute': False, 'prefer_investigate_when_uncertain': False}","['execute', 'investigate', 'ops', 'summarize']",[]
enable gzip compression on the web server,execution,"{'is_question': False, 'has_imperative': False, 'has_temporal_ref': False}","{'question_blocks_execute': False, 'prefer_investigate_when_uncertain': False}","['execute', 'investigate', 'ops', 'summarize']",[]
apply the kernel security update and reboot,execution,"{'is_question': False, 'has_imperative': False, 'has_temporal_ref': False}","{'question_blocks_execute': False, 'prefer_investigate_when_uncertain': False}","['execute', 'investigate', 'ops', 'summarize']",[]
initialize the new replica set member,execution,"{'is_question': False, 'has_imperative': False, 'has_temporal_ref': False}","{'question_blocks_execute': False, 'prefer_investigate_when_uncertain': False}","['execute', 'investigate', 'ops', 'summarize']",[]
run the load test against staging environment,execution,"{'is_question': False, 'has_imperative': True, 'has_temporal_ref': False}","{'question_blocks_execute': False, 'prefer_investigate_when_uncertain': False}","['execute', 'investigate', 'ops', 'summarize']",[]
configure the log shipping to the siem,execution,"{'is_question': False, 'has_imperative': False, 'has_temporal_ref': False}","{'question_blocks_execute': False, 'prefer_investigate_when_uncertain': False}","['execute', 'investigate', 'ops', 'summarize']",[]
enable the new rate limit policy globally,execution,"{'is_question': False, 'has_imperative': False, 'has_temporal_ref': False}","{'question_blocks_execute': False, 'prefer_investigate_when_uncertain': False}","['execute', 'investigate', 'ops', 'summarize']",[]
evict stale entries from the distributed cache,execution,"{'is_question': False, 'has_imperative': False, 'has_temporal_ref': False}","{'question_blocks_execute': False, 'prefer_investigate_when_uncertain': False}","['execute', 'investigate', 'ops', 'summarize']",[]
restart the cron scheduler service,execution,"{'is_question': False, 'has_imperative': True, 'has_temporal_ref': False}","{'question_blocks_execute': False, 'prefer_investigate_when_uncertain': False}","['execute', 'investigate', 'ops', 'summarize']",[]
apply the terraform plan for infrastructure changes,execution,"{'is_question': False, 'has_imperative': False, 'has_temporal_ref': False}","{'question_blocks_execute': False, 'prefer_investigate_when_uncertain': False}","['execute', 'investigate', 'ops', 'summarize']",[]
update the helm chart values and upgrade release,execution,"{'is_question': False, 'has_imperative': False, 'has_temporal_ref': False}","{'question_blocks_execute': False, 'prefer_investigate_when_uncertain': False}","['execute', 'investigate', 'ops', 'summarize']",[]
provision additional read replicas for the database,execution,"{'is_question': False, 'has_imperative': False, 'has_temporal_ref': False}","{'question_blocks_execute': False, 'prefer_investigate_when_uncertain': False}","['execute', 'investigate', 'ops', 'summarize']",[]
reconfigure the reverse proxy routing rules,execution,"{'is_question': False, 'has_imperative': False, 'has_temporal_ref': False}","{'question_blocks_execute': False, 'prefer_investigate_when_uncertain': False}","['execute', 'investigate', 'ops', 'summarize']",[]
bounce the application pool in iis,execution,"{'is_question': False, 'has_imperative': False, 'has_temporal_ref': False}","{'question_blocks_execute': False, 'prefer_investigate_when_uncertain': False}","['execute', 'investigate', 'ops', 'summarize']",[]
start the disaster recovery failover procedure,execution,"{'is_question': False, 'has_imperative': False, 'has_temporal_ref': False}","{'question_blocks_execute': False, 'prefer_investigate_when_uncertain': False}","['execute', 'investigate', 'ops', 'summarize']",[]
compress and archive the old log files,execution,"{'is_question': False, 'has_imperative': False, 'has_temporal_ref': False}","{'question_blocks_execute': False, 'prefer_investigate_when_uncertain': False}","['execute', 'investigate', 'ops', 'summarize']",[]
enable ssl termination on the load balancer,execution,"{'is_question': False, 'has_imperative': False, 'has_temporal_ref': False}","{'question_blocks_execute': False, 'prefer_investigate_when_uncertain': False}","['execute', 'investigate', 'ops', 'summarize']",[]
update the oauth client credentials,execution,"{'is_question': False, 'has_imperative': False, 'has_temporal_ref': False}","{'question_blocks_execute': False, 'prefer_investigate_when_uncertain': False}","['execute', 'investigate', 'ops', 'summarize']",[]
rebalance the kafka topic partitions,execution,"{'is_question': False, 'has_imperative': False, 'has_temporal_ref': False}","{'question_blocks_execute': False, 'prefer_investigate_when_uncertain': False}","['execute', 'investigate', 'ops', 'summarize']",[]
set the jvm heap size to 8gb and restart,execution,"{'is_question': False, 'has_imperative': False, 'has_temporal_ref': False}","{'question_blocks_execute': False, 'prefer_investigate_when_uncertain': False}","['execute', 'investigate', 'ops', 'summarize']",[]
deploy the hotfix to all production nodes,execution,"{'is_question': False, 'has_imperative': False, 'has_temporal_ref': False}","{'question_blocks_execute': False, 'prefer_investigate_when_uncertain': False}","['execute', 'investigate', 'ops', 'summarize']",[]
enable cross-origin resource sharing headers,execution,"{'is_question': False, 'has_imperative': False, 'has_temporal_ref': False}","{'question_blocks_execute': False, 'prefer_investigate_when_uncertain': False}","['execute', 'investigate', 'ops', 'summarize']",[]
run the ansible playbook for server hardening,execution,"{'is_question': False, 'has_imperative': True, 'has_temporal_ref': False}","{'question_blocks_execute': False, 'prefer_investigate_when_uncertain': False}","['execute', 'investigate', 'ops', 'summarize']",[]
trigger the ci cd pipeline for the release branch,execution,"{'is_question': False, 'has_imperative': False, 'has_temporal_ref': False}","{'question_blocks_execute': False, 'prefer_investigate_when_uncertain': False}","['execute', 'investigate', 'ops', 'summarize']",[]
reset the admin password on the management console,execution,"{'is_question': False, 'has_imperative': False, 'has_temporal_ref': False}","{'question_blocks_execute': False, 'prefer_investigate_when_uncertain': False}","['execute', 'investigate', 'ops', 'summarize']",[]
configure the health check interval to 30 seconds,execution,"{'is_question': False, 'has_imperative': False, 'has_temporal_ref': False}","{'question_blocks_execute': False, 'prefer_investigate_when_uncertain': False}","['execute', 'investigate', 'ops', 'summarize']",[]
enable persistent connections on the proxy,execution,"{'is_question': False, 'has_imperative': False, 'has_temporal_ref': False}","{'question_blocks_execute': False, 'prefer_investigate_when_uncertain': False}","['execute', 'investigate', 'ops', 'summarize']",[]
run the vacuum full on the postgres database,execution,"{'is_question': False, 'has_imperative': True, 'has_temporal_ref': False}","{'question_blocks_execute': False, 'prefer_investigate_when_uncertain': False}","['execute', 'investigate', 'ops', 'summarize']",[]
set up the monitoring alerts for the new service,execution,"{'is_question': False, 'has_imperative': False, 'has_temporal_ref': False}","{'question_blocks_execute': False, 'prefer_investigate_when_uncertain': False}","['execute', 'investigate', 'ops', 'summarize']",[]
decommission the old server from the cluster,execution,"{'is_question': False, 'has_imperative': False, 'has_temporal_ref': False}","{'question_blocks_execute': False, 'prefer_investigate_when_uncertain': False}","['execute', 'investigate', 'ops', 'summarize']",[]
enable binary logging on the mysql primary,execution,"{'is_question': False, 'has_imperative': False, 'has_temporal_ref': False}","{'question_blocks_execute': False, 'prefer_investigate_when_uncertain': False}","['execute', 'investigate', 'ops', 'summarize']",[]
apply the network acl changes to the subnet,execution,"{'is_question': False, 'has_imperative': False, 'has_temporal_ref': False}","{'question_blocks_execute': False, 'prefer_investigate_when_uncertain': False}","['execute', 'investigate', 'ops', 'summarize']",[]
restart the prometheus and grafana stack,execution,"{'is_question': False, 'has_imperative': True, 'has_temporal_ref': False}","{'question_blocks_execute': False, 'prefer_investigate_when_uncertain': False}","['execute', 'investigate', 'ops', 'summarize']",[]
execute the blue green deployment switch,execution,"{'is_question': False, 'has_imperative': True, 'has_temporal_ref': False}","{'question_blocks_execute': False, 'prefer_investigate_when_uncertain': False}","['execute', 'investigate', 'ops', 'summarize']",[]
increase the file descriptor limit to 65535,execution,"{'is_question': False, 'has_imperative': False, 'has_temporal_ref': False}","{'question_blocks_execute': False, 'prefer_investigate_when_uncertain': False}","['execute', 'investigate', 'ops', 'summarize']",[]
run the chaos engineering test on staging,execution,"{'is_question': False, 'has_imperative': True, 'has_temporal_ref': False}","{'question_blocks_execute': False, 'prefer_investigate_when_uncertain': False}","['execute', 'investigate', 'ops', 'summarize']",[]
configure the backup schedule for hourly snapshots,execution,"{'is_question': False, 'has_imperative': False, 'has_temporal_ref': False}","{'question_blocks_execute': False, 'prefer_investigate_when_uncertain': False}","['execute', 'investigate', 'ops', 'summarize']",[]
enable query caching on the database,execution,"{'is_question': False, 'has_imperative': False, 'has_temporal_ref': False}","{'question_blocks_execute': False, 'prefer_investigate_when_uncertain': False}","['execute', 'investigate', 'ops', 'summarize']",[]
deploy the sidecar proxy to all pods,execution,"{'is_question': False, 'has_imperative': False, 'has_temporal_ref': False}","{'question_blocks_execute': False, 'prefer_investigate_when_uncertain': False}","['execute', 'investigate', 'ops', 'summarize']",[]
update the tls cipher suite configuration,execution,"{'is_question': False, 'has_imperative': False, 'has_temporal_ref': False}","{'question_blocks_execute': False, 'prefer_investigate_when_uncertain': False}","['execute', 'investigate', 'ops', 'summarize']",[]
run the storage migration to the new array,execution,"{'is_question': False, 'has_imperative': True, 'has_temporal_ref': False}","{'question_blocks_execute': False, 'prefer_investigate_when_uncertain': False}","['execute', 'investigate', 'ops', 'summarize']",[]
scale the ingress controller replicas,execution,"{'is_question': False, 'has_imperative': False, 'has_temporal_ref': False}","{'question_blocks_execute': False, 'prefer_investigate_when_uncertain': False}","['execute', 'investigate', 'ops', 'summarize']",[]
apply the pod security policy changes,execution,"{'is_question': False, 'has_imperative': False, 'has_temporal_ref': False}","{'question_blocks_execute': False, 'prefer_investigate_when_uncertain': False}","['execute', 'investigate', 'ops', 'summarize']",[]
enable audit logging on the api gateway,execution,"{'is_question': False, 'has_imperative': False, 'has_temporal_ref': False}","{'question_blocks_execute': False, 'prefer_investigate_when_uncertain': False}","['execute', 'investigate', 'ops', 'summarize']",[]
restart the message queue consumers,execution,"{'is_question': False, 'has_imperative': True, 'has_temporal_ref': False}","{'question_blocks_execute': False, 'prefer_investigate_when_uncertain': False}","['execute', 'investigate', 'ops', 'summarize']",[]
configure the retry policy with exponential backoff,execution,"{'is_question': False, 'has_imperative': False, 'has_temporal_ref': False}","{'question_blocks_execute': False, 'prefer_investigate_when_uncertain': False}","['execute', 'investigate', 'ops', 'summarize']",[]
run the index optimization on the search cluster,execution,"{'is_question': False, 'has_imperative': True, 'has_temporal_ref': False}","{'question_blocks_execute': False, 'prefer_investigate_when_uncertain': False}","['execute', 'investigate', 'ops', 'summarize']",[]
set up the cross-region replication,execution,"{'is_question': False, 'has_imperative': False, 'has_temporal_ref': False}","{'question_blocks_execute': False, 'prefer_investigate_when_uncertain': False}","['execute', 'investigate', 'ops', 'summarize']",[]
enable http2 on the reverse proxy,execution,"{'is_question': False, 'has_imperative': False, 'has_temporal_ref': False}","{'question_blocks_execute': False, 'prefer_investigate_when_uncertain': False}","['execute', 'investigate', 'ops', 'summarize']",[]
apply the resource quota to the namespace,execution,"{'is_question': False, 'has_imperative': False, 'has_temporal_ref': False}","{'question_blocks_execute': False, 'prefer_investigate_when_uncertain': False}","['execute', 'investigate', 'ops', 'summarize']",[]
execute the rolling restart of all microservices,execution,"{'is_question': False, 'has_imperative': True, 'has_temporal_ref': False}","{'question_blocks_execute': False, 'prefer_investigate_when_uncertain': False}","['execute', 'investigate', 'ops', 'summarize']",[]
configure the connection timeout to 30 seconds,execution,"{'is_question': False, 'has_imperative': False, 'has_temporal_ref': False}","{'question_blocks_execute': False, 'prefer_investigate_when_uncertain': False}","['execute', 'investigate', 'ops', 'summarize']",[]
run the compliance scan on all servers,execution,"{'is_question': False, 'has_imperative': True, 'has_temporal_ref': False}","{'question_blocks_execute': False, 'prefer_investigate_when_uncertain': False}","['execute', 'investigate', 'ops', 'summarize']",[]
enable the new caching strategy globally,execution,"{'is_question': False, 'has_imperative': False, 'has_temporal_ref': False}","{'question_blocks_execute': False, 'prefer_investigate_when_uncertain': False}","['execute', 'investigate', 'ops', 'summarize']",[]
deploy the database proxy layer,execution,"{'is_question': False, 'has_imperative': False, 'has_temporal_ref': False}","{'question_blocks_execute': False, 'prefer_investigate_when_uncertain': False}","['execute', 'investigate', 'ops', 'summarize']",[]
update the container image to the patched version,execution,"{'is_question': False, 'has_imperative': False, 'has_temporal_ref': False}","{'question_blocks_execute': False, 'prefer_investigate_when_uncertain': False}","['execute', 'investigate', 'ops', 'summarize']",[]
run the performance benchmark suite,execution,"{'is_question': False, 'has_imperative': True, 'has_temporal_ref': False}","{'question_blocks_execute': False, 'prefer_investigate_when_uncertain': False}","['execute', 'investigate', 'ops', 'summarize']",[]
configure the dead letter queue for failed messages,execution,"{'is_question': False, 'has_imperative': False, 'has_temporal_ref': False}","{'question_blocks_execute': False, 'prefer_investigate_when_uncertain': False}","['execute', 'investigate', 'ops', 'summarize']",[]
enable request tracing across all services,execution,"{'is_question': False, 'has_imperative': False, 'has_temporal_ref': False}","{'question_blocks_execute': False, 'prefer_investigate_when_uncertain': False}","['execute', 'investigate', 'ops', 'summarize']",[]
apply the storage class changes for the volumes,execution,"{'is_question': False, 'has_imperative': False, 'has_temporal_ref': False}","{'question_blocks_execute': False, 'prefer_investigate_when_uncertain': False}","['execute', 'investigate', 'ops', 'summarize']",[]
restart the gossip protocol seed nodes,execution,"{'is_question': False, 'has_imperative': True, 'has_temporal_ref': False}","{'question_blocks_execute': False, 'prefer_investigate_when_uncertain': False}","['execute', 'investigate', 'ops', 'summarize']",[]
run the data migration script for the new schema,execution,"{'is_question': False, 'has_imperative': True, 'has_temporal_ref': False}","{'question_blocks_execute': False, 'prefer_investigate_when_uncertain': False}","['execute', 'investigate', 'ops', 'summarize']",[]
configure the circuit breaker thresholds,execution,"{'is_question': False, 'has_imperative': False, 'has_temporal_ref': False}","{'question_blocks_execute': False, 'prefer_investigate_when_uncertain': False}","['execute', 'investigate', 'ops', 'summarize']",[]
enable the web application firewall rules,execution,"{'is_question': False, 'has_imperative': False, 'has_temporal_ref': False}","{'question_blocks_execute': False, 'prefer_investigate_when_uncertain': False}","['execute', 'investigate', 'ops', 'summarize']",[]
apply the cpu and memory limits to all pods,execution,"{'is_question': False, 'has_imperative': False, 'has_temporal_ref': False}","{'question_blocks_execute': False, 'prefer_investigate_when_uncertain': False}","['execute', 'investigate', 'ops', 'summarize']",[]
trigger the automated rollback procedure,execution,"{'is_question': False, 'has_imperative': False, 'has_temporal_ref': False}","{'question_blocks_execute': False, 'prefer_investigate_when_uncertain': False}","['execute', 'investigate', 'ops', 'summarize']",[]
set up the service mesh mutual tls,execution,"{'is_question': False, 'has_imperative': False, 'has_temporal_ref': False}","{'question_blocks_execute': False, 'prefer_investigate_when_uncertain': False}","['execute', 'investigate', 'ops', 'summarize']",[]
run the database failover test,execution,"{'is_question': False, 'has_imperative': True, 'has_temporal_ref': False}","{'question_blocks_execute': False, 'prefer_investigate_when_uncertain': False}","['execute', 'investigate', 'ops', 'summarize']",[]
configure the log retention policy to 90 days,execution,"{'is_question': False, 'has_imperative': False, 'has_temporal_ref': False}","{'question_blocks_execute': False, 'prefer_investigate_when_uncertain': False}","['execute', 'investigate', 'ops', 'summarize']",[]
enable the distributed tracing collector,execution,"{'is_question': False, 'has_imperative': False, 'has_temporal_ref': False}","{'question_blocks_execute': False, 'prefer_investigate_when_uncertain': False}","['execute', 'investigate', 'ops', 'summarize']",[]
apply the egress network policy,execution,"{'is_question': False, 'has_imperative': False, 'has_temporal_ref': False}","{'question_blocks_execute': False, 'prefer_investigate_when_uncertain': False}","['execute', 'investigate', 'ops', 'summarize']",[]
restart the coordination service,execution,"{'is_question': False, 'has_imperative': True, 'has_temporal_ref': False}","{'question_blocks_execute': False, 'prefer_investigate_when_uncertain': False}","['execute', 'investigate', 'ops', 'summarize']",[]
run the cluster health verification script,execution,"{'is_question': False, 'has_imperative': True, 'has_temporal_ref': False}","{'question_blocks_execute': False, 'prefer_investigate_when_uncertain': False}","['execute', 'investigate', 'ops', 'summarize']",[]
summarize the incident from yesterday,summarization,"{'is_question': False, 'has_imperative': False, 'has_temporal_ref': True}","{'question_blocks_execute': False, 'prefer_investigate_when_uncertain': False}","['execute', 'investigate', 'ops', 'summarize']",[]
give me a summary of alerts for last week,summarization,"{'is_question': False, 'has_imperative': False, 'has_temporal_ref': True}","{'question_blocks_execute': False, 'prefer_investigate_when_uncertain': False}","['execute', 'investigate', 'ops', 'summarize']",[]
summarize system health for app payments,summarization,"{'is_question': False, 'has_imperative': False, 'has_temporal_ref': False}","{'question_blocks_execute': False, 'prefer_investigate_when_uncertain': False}","['execute', 'investigate', 'ops', 'summarize']",[]
provide a brief on today's outages,summarization,"{'is_question': False, 'has_imperative': False, 'has_temporal_ref': True}","{'question_blocks_execute': False, 'prefer_investigate_when_uncertain': False}","['execute', 'investigate', 'ops', 'summarize']",[]
summarize what actions were taken,summarization,"{'is_question': True, 'has_imperative': False, 'has_temporal_ref': False}","{'question_blocks_execute': True, 'prefer_investigate_when_uncertain': True}","['investigate', 'ops', 'summarize']",['execute']
summarize the error logs,summarization,"{'is_question': False, 'has_imperative': False, 'has_temporal_ref': False}","{'question_blocks_execute': False, 'prefer_investigate_when_uncertain': False}","['execute', 'investigate', 'ops', 'summarize']",[]
give me incident summary,summarization,"{'is_question': False, 'has_imperative': False, 'has_temporal_ref': False}","{'question_blocks_execute': False, 'prefer_investigate_when_uncertain': False}","['execute', 'investigate', 'ops', 'summarize']",[]
summarize deployment changes,summarization,"{'is_question': False, 'has_imperative': False, 'has_temporal_ref': False}","{'question_blocks_execute': False, 'prefer_investigate_when_uncertain': False}","['execute', 'investigate', 'ops', 'summarize']",[]
provide metrics summary,summarization,"{'is_question': False, 'has_imperative': False, 'has_temporal_ref': False}","{'question_blocks_execute': False, 'prefer_investigate_when_uncertain': False}","['execute', 'investigate', 'ops', 'summarize']",[]
summarize alert trends,summarization,"{'is_question': False, 'has_imperative': False, 'has_temporal_ref': False}","{'question_blocks_execute': False, 'prefer_investigate_when_uncertain': False}","['execute', 'investigate', 'ops', 'summarize']",[]
give me event summary,summarization,"{'is_question': False, 'has_imperative': False, 'has_temporal_ref': False}","{'question_blocks_execute': False, 'prefer_investigate_when_uncertain': False}","['execute', 'investigate', 'ops', 'summarize']",[]
summarize service status,summarization,"{'is_question': False, 'has_imperative': False, 'has_temporal_ref': False}","{'question_blocks_execute': False, 'prefer_investigate_when_uncertain': False}","['execute', 'investigate', 'ops', 'summarize']",[]
provide performance summary,summarization,"{'is_question': False, 'has_imperative': False, 'has_temporal_ref': False}","{'question_blocks_execute': False, 'prefer_investigate_when_uncertain': False}","['execute', 'investigate', 'ops', 'summarize']",[]
summarize resource usage,summarization,"{'is_question': False, 'has_imperative': False, 'has_temporal_ref': False}","{'question_blocks_execute': False, 'prefer_investigate_when_uncertain': False}","['execute', 'investigate', 'ops', 'summarize']",[]
give me uptime summary,summarization,"{'is_question': False, 'has_imperative': False, 'has_temporal_ref': False}","{'question_blocks_execute': False, 'prefer_investigate_when_uncertain': False}","['execute', 'investigate', 'ops', 'summarize']",[]
summarize configuration changes,summarization,"{'is_question': False, 'has_imperative': False, 'has_temporal_ref': False}","{'question_blocks_execute': False, 'prefer_investigate_when_uncertain': False}","['execute', 'investigate', 'ops', 'summarize']",[]
provide security incident summary,summarization,"{'is_question': False, 'has_imperative': False, 'has_temporal_ref': False}","{'question_blocks_execute': False, 'prefer_investigate_when_uncertain': False}","['execute', 'investigate', 'ops', 'summarize']",[]
summarize capacity report,summarization,"{'is_question': False, 'has_imperative': False, 'has_temporal_ref': False}","{'question_blocks_execute': False, 'prefer_investigate_when_uncertain': False}","['execute', 'investigate', 'ops', 'summarize']",[]
give me operational summary,summarization,"{'is_question': False, 'has_imperative': False, 'has_temporal_ref': False}","{'question_blocks_execute': False, 'prefer_investigate_when_uncertain': False}","['execute', 'investigate', 'ops', 'summarize']",[]
summarize troubleshooting steps,summarization,"{'is_question': False, 'has_imperative': False, 'has_temporal_ref': False}","{'question_blocks_execute': False, 'prefer_investigate_when_uncertain': False}","['execute', 'investigate', 'ops', 'summarize']",[]
provide maintenance summary,summarization,"{'is_question': False, 'has_imperative': False, 'has_temporal_ref': False}","{'question_blocks_execute': False, 'prefer_investigate_when_uncertain': False}","['execute', 'investigate', 'ops', 'summarize']",[]
summarize backup status,summarization,"{'is_question': False, 'has_imperative': False, 'has_temporal_ref': False}","{'question_blocks_execute': False, 'prefer_investigate_when_uncertain': False}","['execute', 'investigate', 'ops', 'summarize']",[]
give me compliance summary,summarization,"{'is_question': False, 'has_imperative': False, 'has_temporal_ref': False}","{'question_blocks_execute': False, 'prefer_investigate_when_uncertain': False}","['execute', 'investigate', 'ops', 'summarize']",[]
summarize test results,summarization,"{'is_question': False, 'has_imperative': False, 'has_temporal_ref': False}","{'question_blocks_execute': False, 'prefer_investigate_when_uncertain': False}","['execute', 'investigate', 'ops', 'summarize']",[]
provide health check summary,summarization,"{'is_question': False, 'has_imperative': False, 'has_temporal_ref': False}","{'question_blocks_execute': False, 'prefer_investigate_when_uncertain': False}","['execute', 'investigate', 'ops', 'summarize']",[]
summarize user impact,summarization,"{'is_question': False, 'has_imperative': False, 'has_temporal_ref': False}","{'question_blocks_execute': False, 'prefer_investigate_when_uncertain': False}","['execute', 'investigate', 'ops', 'summarize']",[]
give me cost summary,summarization,"{'is_question': False, 'has_imperative': False, 'has_temporal_ref': False}","{'question_blocks_execute': False, 'prefer_investigate_when_uncertain': False}","['execute', 'investigate', 'ops', 'summarize']",[]
summarize dependency status,summarization,"{'is_question': False, 'has_imperative': False, 'has_temporal_ref': False}","{'question_blocks_execute': False, 'prefer_investigate_when_uncertain': False}","['execute', 'investigate', 'ops', 'summarize']",[]
provide ecosystem summary,summarization,"{'is_question': False, 'has_imperative': False, 'has_temporal_ref': False}","{'question_blocks_execute': False, 'prefer_investigate_when_uncertain': False}","['execute', 'investigate', 'ops', 'summarize']",[]
summarize network traffic,summarization,"{'is_question': False, 'has_imperative': False, 'has_temporal_ref': False}","{'question_blocks_execute': False, 'prefer_investigate_when_uncertain': False}","['execute', 'investigate', 'ops', 'summarize']",[]
give me error rate summary,summarization,"{'is_question': False, 'has_imperative': False, 'has_temporal_ref': False}","{'question_blocks_execute': False, 'prefer_investigate_when_uncertain': False}","['execute', 'investigate', 'ops', 'summarize']",[]
summarize database performance,summarization,"{'is_question': False, 'has_imperative': False, 'has_temporal_ref': False}","{'question_blocks_execute': False, 'prefer_investigate_when_uncertain': False}","['execute', 'investigate', 'ops', 'summarize']",[]
provide cache hit summary,summarization,"{'is_question': False, 'has_imperative': False, 'has_temporal_ref': False}","{'question_blocks_execute': False, 'prefer_investigate_when_uncertain': False}","['execute', 'investigate', 'ops', 'summarize']",[]
summarize queue depth,summarization,"{'is_question': False, 'has_imperative': False, 'has_temporal_ref': False}","{'question_blocks_execute': False, 'prefer_investigate_when_uncertain': False}","['execute', 'investigate', 'ops', 'summarize']",[]
give me latency summary,summarization,"{'is_question': False, 'has_imperative': False, 'has_temporal_ref': False}","{'question_blocks_execute': False, 'prefer_investigate_when_uncertain': False}","['execute', 'investigate', 'ops', 'summarize']",[]
summarize throughput metrics,summarization,"{'is_question': False, 'has_imperative': False, 'has_temporal_ref': False}","{'question_blocks_execute': False, 'prefer_investigate_when_uncertain': False}","['execute', 'investigate', 'ops', 'summarize']",[]
provide availability summary,summarization,"{'is_question': False, 'has_imperative': False, 'has_temporal_ref': False}","{'question_blocks_execute': False, 'prefer_investigate_when_uncertain': False}","['execute', 'investigate', 'ops', 'summarize']",[]
summarize scaling events,summarization,"{'is_question': False, 'has_imperative': False, 'has_temporal_ref': False}","{'question_blocks_execute': False, 'prefer_investigate_when_uncertain': False}","['execute', 'investigate', 'ops', 'summarize']",[]
give me replication summary,summarization,"{'is_question': False, 'has_imperative': False, 'has_temporal_ref': False}","{'question_blocks_execute': False, 'prefer_investigate_when_uncertain': False}","['execute', 'investigate', 'ops', 'summarize']",[]
summarize cluster health,summarization,"{'is_question': False, 'has_imperative': False, 'has_temporal_ref': False}","{'question_blocks_execute': False, 'prefer_investigate_when_uncertain': False}","['execute', 'investigate', 'ops', 'summarize']",[]
provide node status summary,summarization,"{'is_question': False, 'has_imperative': False, 'has_temporal_ref': False}","{'question_blocks_execute': False, 'prefer_investigate_when_uncertain': False}","['execute', 'investigate', 'ops', 'summarize']",[]
summarize deployment timeline,summarization,"{'is_question': False, 'has_imperative': False, 'has_temporal_ref': False}","{'question_blocks_execute': False, 'prefer_investigate_when_uncertain': False}","['execute', 'investigate', 'ops', 'summarize']",[]
give me rollback summary,summarization,"{'is_question': False, 'has_imperative': False, 'has_temporal_ref': False}","{'question_blocks_execute': False, 'prefer_investigate_when_uncertain': False}","['execute', 'investigate', 'ops', 'summarize']",[]
summarize incident timeline,summarization,"{'is_question': False, 'has_imperative': False, 'has_temporal_ref': False}","{'question_blocks_execute': False, 'prefer_investigate_when_uncertain': False}","['execute', 'investigate', 'ops', 'summarize']",[]
provide weekly report summary,summarization,"{'is_question': False, 'has_imperative': False, 'has_temporal_ref': False}","{'question_blocks_execute': False, 'prefer_investigate_when_uncertain': False}","['execute', 'investigate', 'ops', 'summarize']",[]
summarize monthly trends,summarization,"{'is_question': False, 'has_imperative': False, 'has_temporal_ref': False}","{'question_blocks_execute': False, 'prefer_investigate_when_uncertain': False}","['execute', 'investigate', 'ops', 'summarize']",[]
give me a rundown of the production issues this week,summarization,"{'is_question': False, 'has_imperative': False, 'has_temporal_ref': False}","{'question_blocks_execute': False, 'prefer_investigate_when_uncertain': False}","['execute', 'investigate', 'ops', 'summarize']",[]
summarize the api response times over the past month,summarization,"{'is_question': False, 'has_imperative': False, 'has_temporal_ref': False}","{'question_blocks_execute': False, 'prefer_investigate_when_uncertain': False}","['execute', 'investigate', 'ops', 'summarize']",[]
provide a brief on the infrastructure costs this quarter,summarization,"{'is_question': False, 'has_imperative': False, 'has_temporal_ref': False}","{'question_blocks_execute': False, 'prefer_investigate_when_uncertain': False}","['execute', 'investigate', 'ops', 'summarize']",[]
summarize the changes made during the maintenance window,summarization,"{'is_question': False, 'has_imperative': False, 'has_temporal_ref': False}","{'question_blocks_execute': False, 'prefer_investigate_when_uncertain': False}","['execute', 'investigate', 'ops', 'summarize']",[]
give me a summary of failed jobs in the last 24 hours,summarization,"{'is_question': False, 'has_imperative': False, 'has_temporal_ref': True}","{'question_blocks_execute': False, 'prefer_investigate_when_uncertain': False}","['execute', 'investigate', 'ops', 'summarize']",[]
summarize the security audit findings,summarization,"{'is_question': False, 'has_imperative': False, 'has_temporal_ref': False}","{'question_blocks_execute': False, 'prefer_investigate_when_uncertain': False}","['execute', 'investigate', 'ops', 'summarize']",[]
provide a recap of the database migration results,summarization,"{'is_question': False, 'has_imperative': False, 'has_temporal_ref': False}","{'question_blocks_execute': False, 'prefer_investigate_when_uncertain': False}","['execute', 'investigate', 'ops', 'summarize']",[]
summarize the load test results from yesterday,summarization,"{'is_question': False, 'has_imperative': False, 'has_temporal_ref': True}","{'question_blocks_execute': False, 'prefer_investigate_when_uncertain': False}","['execute', 'investigate', 'ops', 'summarize']",[]
give me an overview of the release notes for version 5.0,summarization,"{'is_question': False, 'has_imperative': False, 'has_temporal_ref': False}","{'question_blocks_execute': False, 'prefer_investigate_when_uncertain': False}","['execute', 'investigate', 'ops', 'summarize']",[]
summarize the sla compliance for the past month,summarization,"{'is_question': False, 'has_imperative': False, 'has_temporal_ref': False}","{'question_blocks_execute': False, 'prefer_investigate_when_uncertain': False}","['execute', 'investigate', 'ops', 'summarize']",[]
provide a brief on the disaster recovery drill results,summarization,"{'is_question': False, 'has_imperative': False, 'has_temporal_ref': False}","{'question_blocks_execute': False, 'prefer_investigate_when_uncertain': False}","['execute', 'investigate', 'ops', 'summarize']",[]
summarize the on-call handoff notes,summarization,"{'is_question': False, 'has_imperative': False, 'has_temporal_ref': False}","{'question_blocks_execute': False, 'prefer_investigate_when_uncertain': False}","['execute', 'investigate', 'ops', 'summarize']",[]
give me a summary of the patch management status,summarization,"{'is_question': False, 'has_imperative': False, 'has_temporal_ref': False}","{'question_blocks_execute': False, 'prefer_investigate_when_uncertain': False}","['execute', 'investigate', 'ops', 'summarize']",[]
summarize the network topology changes this sprint,summarization,"{'is_question': False, 'has_imperative': False, 'has_temporal_ref': False}","{'question_blocks_execute': False, 'prefer_investigate_when_uncertain': False}","['execute', 'investigate', 'ops', 'summarize']",[]
provide an overview of the monitoring coverage gaps,summarization,"{'is_question': False, 'has_imperative': False, 'has_temporal_ref': False}","{'question_blocks_execute': False, 'prefer_investigate_when_uncertain': False}","['execute', 'investigate', 'ops', 'summarize']",[]
summarize the capacity planning recommendations,summarization,"{'is_question': False, 'has_imperative': False, 'has_temporal_ref': False}","{'question_blocks_execute': False, 'prefer_investigate_when_uncertain': False}","['execute', 'investigate', 'ops', 'summarize']",[]
give me a brief on the vendor incident reports,summarization,"{'is_question': False, 'has_imperative': False, 'has_temporal_ref': False}","{'question_blocks_execute': False, 'prefer_investigate_when_uncertain': False}","['execute', 'investigate', 'ops', 'summarize']",[]
summarize the access control audit results,summarization,"{'is_question': False, 'has_imperative': False, 'has_temporal_ref': False}","{'question_blocks_execute': False, 'prefer_investigate_when_uncertain': False}","['execute', 'investigate', 'ops', 'summarize']",[]
provide a summary of the ci cd pipeline performance,summarization,"{'is_question': False, 'has_imperative': False, 'has_temporal_ref': False}","{'question_blocks_execute': False, 'prefer_investigate_when_uncertain': False}","['execute', 'investigate', 'ops', 'summarize']",[]
summarize the container orchestration metrics,summarization,"{'is_question': False, 'has_imperative': False, 'has_temporal_ref': False}","{'question_blocks_execute': False, 'prefer_investigate_when_uncertain': False}","['execute', 'investigate', 'ops', 'summarize']",[]
give me a recap of the storage utilization trends,summarization,"{'is_question': False, 'has_imperative': False, 'has_temporal_ref': False}","{'question_blocks_execute': False, 'prefer_investigate_when_uncertain': False}","['execute', 'investigate', 'ops', 'summarize']",[]
summarize the ssl certificate expiry status across services,summarization,"{'is_question': False, 'has_imperative': False, 'has_temporal_ref': False}","{'question_blocks_execute': False, 'prefer_investigate_when_uncertain': False}","['execute', 'investigate', 'ops', 'summarize']",[]
provide a brief on the api deprecation timeline,summarization,"{'is_question': False, 'has_imperative': False, 'has_temporal_ref': False}","{'question_blocks_execute': False, 'prefer_investigate_when_uncertain': False}","['execute', 'investigate', 'ops', 'summarize']",[]
summarize the cross-team dependency updates,summarization,"{'is_question': False, 'has_imperative': False, 'has_temporal_ref': False}","{'question_blocks_execute': False, 'prefer_investigate_when_uncertain': False}","['execute', 'investigate', 'ops', 'summarize']",[]
give me an overview of the error budget consumption,summarization,"{'is_question': False, 'has_imperative': False, 'has_temporal_ref': False}","{'question_blocks_execute': False, 'prefer_investigate_when_uncertain': False}","['execute', 'investigate', 'ops', 'summarize']",[]
summarize the feature flag rollout status,summarization,"{'is_question': False, 'has_imperative': False, 'has_temporal_ref': False}","{'question_blocks_execute': False, 'prefer_investigate_when_uncertain': False}","['execute', 'investigate', 'ops', 'summarize']",[]
provide a summary of the dns query patterns,summarization,"{'is_question': False, 'has_imperative': False, 'has_temporal_ref': False}","{'question_blocks_execute': False, 'prefer_investigate_when_uncertain': False}","['execute', 'investigate', 'ops', 'summarize']",[]
summarize the cold storage archival progress,summarization,"{'is_question': False, 'has_imperative': False, 'has_temporal_ref': False}","{'question_blocks_execute': False, 'prefer_investigate_when_uncertain': False}","['execute', 'investigate', 'ops', 'summarize']",[]
give me a brief on the kubernetes cluster upgrade status,summarization,"{'is_question': False, 'has_imperative': False, 'has_temporal_ref': False}","{'question_blocks_execute': False, 'prefer_investigate_when_uncertain': False}","['execute', 'investigate', 'ops', 'summarize']",[]
summarize the third party integration health,summarization,"{'is_question': False, 'has_imperative': False, 'has_temporal_ref': False}","{'question_blocks_execute': False, 'prefer_investigate_when_uncertain': False}","['execute', 'investigate', 'ops', 'summarize']",[]
provide a recap of the rate limiting effectiveness,summarization,"{'is_question': False, 'has_imperative': False, 'has_temporal_ref': False}","{'question_blocks_execute': False, 'prefer_investigate_when_uncertain': False}","['execute', 'investigate', 'ops', 'summarize']",[]
summarize the canary deployment observations,summarization,"{'is_question': False, 'has_imperative': False, 'has_temporal_ref': False}","{'question_blocks_execute': False, 'prefer_investigate_when_uncertain': False}","['execute', 'investigate', 'ops', 'summarize']",[]
give me a summary of the log ingestion volume trends,summarization,"{'is_question': False, 'has_imperative': False, 'has_temporal_ref': False}","{'question_blocks_execute': False, 'prefer_investigate_when_uncertain': False}","['execute', 'investigate', 'ops', 'summarize']",[]
summarize the backup verification test outcomes,summarization,"{'is_question': False, 'has_imperative': False, 'has_temporal_ref': False}","{'question_blocks_execute': False, 'prefer_investigate_when_uncertain': False}","['execute', 'investigate', 'ops', 'summarize']",[]
provide an overview of the mean time to recovery metrics,summarization,"{'is_question': False, 'has_imperative': False, 'has_temporal_ref': False}","{'question_blocks_execute': False, 'prefer_investigate_when_uncertain': False}","['execute', 'investigate', 'ops', 'summarize']",[]
summarize the service mesh traffic routing changes,summarization,"{'is_question': False, 'has_imperative': False, 'has_temporal_ref': False}","{'question_blocks_execute': False, 'prefer_investigate_when_uncertain': False}","['execute', 'investigate', 'ops', 'summarize']",[]
give me a brief on the auto-scaling behavior this week,summarization,"{'is_question': False, 'has_imperative': False, 'has_temporal_ref': False}","{'question_blocks_execute': False, 'prefer_investigate_when_uncertain': False}","['execute', 'investigate', 'ops', 'summarize']",[]
summarize the compliance remediation progress,summarization,"{'is_question': False, 'has_imperative': False, 'has_temporal_ref': False}","{'question_blocks_execute': False, 'prefer_investigate_when_uncertain': False}","['execute', 'investigate', 'ops', 'summarize']",[]
provide a summary of the data replication lag trends,summarization,"{'is_question': False, 'has_imperative': False, 'has_temporal_ref': False}","{'question_blocks_execute': False, 'prefer_investigate_when_uncertain': False}","['execute', 'investigate', 'ops', 'summarize']",[]
summarize the incident postmortem action items,summarization,"{'is_question': False, 'has_imperative': False, 'has_temporal_ref': False}","{'question_blocks_execute': False, 'prefer_investigate_when_uncertain': False}","['execute', 'investigate', 'ops', 'summarize']",[]
give me an overview of the alerting rule changes,summarization,"{'is_question': False, 'has_imperative': False, 'has_temporal_ref': False}","{'question_blocks_execute': False, 'prefer_investigate_when_uncertain': False}","['execute', 'investigate', 'ops', 'summarize']",[]
summarize the performance optimization results,summarization,"{'is_question': False, 'has_imperative': False, 'has_temporal_ref': False}","{'question_blocks_execute': False, 'prefer_investigate_when_uncertain': False}","['execute', 'investigate', 'ops', 'summarize']",[]
provide a recap of the server provisioning activities,summarization,"{'is_question': False, 'has_imperative': False, 'has_temporal_ref': False}","{'question_blocks_execute': False, 'prefer_investigate_when_uncertain': False}","['execute', 'investigate', 'ops', 'summarize']",[]
summarize the vulnerability scan findings,summarization,"{'is_question': False, 'has_imperative': False, 'has_temporal_ref': False}","{'question_blocks_execute': False, 'prefer_investigate_when_uncertain': False}","['execute', 'investigate', 'ops', 'summarize']",[]
give me a brief on the edge cache performance,summarization,"{'is_question': False, 'has_imperative': False, 'has_temporal_ref': False}","{'question_blocks_execute': False, 'prefer_investigate_when_uncertain': False}","['execute', 'investigate', 'ops', 'summarize']",[]
summarize the message queue throughput metrics,summarization,"{'is_question': False, 'has_imperative': False, 'has_temporal_ref': False}","{'question_blocks_execute': False, 'prefer_investigate_when_uncertain': False}","['execute', 'investigate', 'ops', 'summarize']",[]
provide a summary of the connection pool utilization,summarization,"{'is_question': False, 'has_imperative': False, 'has_temporal_ref': False}","{'question_blocks_execute': False, 'prefer_investigate_when_uncertain': False}","['execute', 'investigate', 'ops', 'summarize']",[]
summarize the batch processing job completion rates,summarization,"{'is_question': False, 'has_imperative': False, 'has_temporal_ref': False}","{'question_blocks_execute': False, 'prefer_investigate_when_uncertain': False}","['execute', 'investigate', 'ops', 'summarize']",[]
give me an overview of the system resource allocation,summarization,"{'is_question': False, 'has_imperative': False, 'has_temporal_ref': False}","{'question_blocks_execute': False, 'prefer_investigate_when_uncertain': False}","['execute', 'investigate', 'ops', 'summarize']",[]
summarize the uptime report for all critical services,summarization,"{'is_question': False, 'has_imperative': False, 'has_temporal_ref': False}","{'question_blocks_execute': False, 'prefer_investigate_when_uncertain': False}","['execute', 'investigate', 'ops', 'summarize']",[]
provide a brief on the network bandwidth usage,summarization,"{'is_question': False, 'has_imperative': False, 'has_temporal_ref': False}","{'question_blocks_execute': False, 'prefer_investigate_when_uncertain': False}","['execute', 'investigate', 'ops', 'summarize']",[]
summarize the failover test results from last friday,summarization,"{'is_question': False, 'has_imperative': False, 'has_temporal_ref': True}","{'question_blocks_execute': False, 'prefer_investigate_when_uncertain': False}","['execute', 'investigate', 'ops', 'summarize']",[]
give me a summary of the application profiling results,summarization,"{'is_question': False, 'has_imperative': False, 'has_temporal_ref': False}","{'question_blocks_execute': False, 'prefer_investigate_when_uncertain': False}","['execute', 'investigate', 'ops', 'summarize']",[]
summarize the infrastructure drift detection report,summarization,"{'is_question': False, 'has_imperative': False, 'has_temporal_ref': False}","{'question_blocks_execute': False, 'prefer_investigate_when_uncertain': False}","['execute', 'investigate', 'ops', 'summarize']",[]
provide a recap of the cost optimization initiatives,summarization,"{'is_question': False, 'has_imperative': False, 'has_temporal_ref': False}","{'question_blocks_execute': False, 'prefer_investigate_when_uncertain': False}","['execute', 'investigate', 'ops', 'summarize']",[]
summarize the blue green deployment outcome,summarization,"{'is_question': False, 'has_imperative': False, 'has_temporal_ref': False}","{'question_blocks_execute': False, 'prefer_investigate_when_uncertain': False}","['execute', 'investigate', 'ops', 'summarize']",[]
give me an overview of the service dependency mapping,summarization,"{'is_question': False, 'has_imperative': False, 'has_temporal_ref': False}","{'question_blocks_execute': False, 'prefer_investigate_when_uncertain': False}","['execute', 'investigate', 'ops', 'summarize']",[]
summarize the certificate rotation completion status,summarization,"{'is_question': False, 'has_imperative': False, 'has_temporal_ref': False}","{'question_blocks_execute': False, 'prefer_investigate_when_uncertain': False}","['execute', 'investigate', 'ops', 'summarize']",[]
provide a brief on the database connection pool stats,summarization,"{'is_question': False, 'has_imperative': False, 'has_temporal_ref': False}","{'question_blocks_execute': False, 'prefer_investigate_when_uncertain': False}","['execute', 'investigate', 'ops', 'summarize']",[]
summarize the real user monitoring metrics for this week,summarization,"{'is_question': False, 'has_imperative': False, 'has_temporal_ref': False}","{'question_blocks_execute': False, 'prefer_investigate_when_uncertain': False}","['execute', 'investigate', 'ops', 'summarize']",[]
give me a summary of the distributed tracing insights,summarization,"{'is_question': False, 'has_imperative': False, 'has_temporal_ref': False}","{'question_blocks_execute': False, 'prefer_investigate_when_uncertain': False}","['execute', 'investigate', 'ops', 'summarize']",[]
summarize the chaos engineering experiment results,summarization,"{'is_question': False, 'has_imperative': False, 'has_temporal_ref': False}","{'question_blocks_execute': False, 'prefer_investigate_when_uncertain': False}","['execute', 'investigate', 'ops', 'summarize']",[]
provide an overview of the resource quota usage by namespace,summarization,"{'is_question': False, 'has_imperative': False, 'has_temporal_ref': False}","{'question_blocks_execute': False, 'prefer_investigate_when_uncertain': False}","['execute', 'investigate', 'ops', 'summarize']",[]
summarize the api gateway performance for the past sprint,summarization,"{'is_question': False, 'has_imperative': False, 'has_temporal_ref': False}","{'question_blocks_execute': False, 'prefer_investigate_when_uncertain': False}","['execute', 'investigate', 'ops', 'summarize']",[]
give me a recap of the infrastructure as code changes,summarization,"{'is_question': False, 'has_imperative': False, 'has_temporal_ref': False}","{'question_blocks_execute': False, 'prefer_investigate_when_uncertain': False}","['execute', 'investigate', 'ops', 'summarize']",[]
summarize the synthetic monitoring test results,summarization,"{'is_question': False, 'has_imperative': False, 'has_temporal_ref': False}","{'question_blocks_execute': False, 'prefer_investigate_when_uncertain': False}","['execute', 'investigate', 'ops', 'summarize']",[]
provide a summary of the log analysis findings,summarization,"{'is_question': False, 'has_imperative': False, 'has_temporal_ref': False}","{'question_blocks_execute': False, 'prefer_investigate_when_uncertain': False}","['execute', 'investigate', 'ops', 'summarize']",[]
summarize the change management board decisions,summarization,"{'is_question': False, 'has_imperative': False, 'has_temporal_ref': False}","{'question_blocks_execute': False, 'prefer_investigate_when_uncertain': False}","['execute', 'investigate', 'ops', 'summarize']",[]
give me an overview of the platform reliability metrics,summarization,"{'is_question': False, 'has_imperative': False, 'has_temporal_ref': False}","{'question_blocks_execute': False, 'prefer_investigate_when_uncertain': False}","['execute', 'investigate', 'ops', 'summarize']",[]
summarize the multi-region deployment status,summarization,"{'is_question': False, 'has_imperative': False, 'has_temporal_ref': False}","{'question_blocks_execute': False, 'prefer_investigate_when_uncertain': False}","['execute', 'investigate', 'ops', 'summarize']",[]
provide a brief of the runbook updates this month,summarization,"{'is_question': False, 'has_imperative': False, 'has_temporal_ref': False}","{'question_blocks_execute': False, 'prefer_investigate_when_uncertain': False}","['execute', 'investigate', 'ops', 'summarize']",[]
summarize the observability stack health,summarization,"{'is_question': False, 'has_imperative': False, 'has_temporal_ref': False}","{'question_blocks_execute': False, 'prefer_investigate_when_uncertain': False}","['execute', 'investigate', 'ops', 'summarize']",[]
give me a summary of the cost allocation by team,summarization,"{'is_question': False, 'has_imperative': False, 'has_temporal_ref': False}","{'question_blocks_execute': False, 'prefer_investigate_when_uncertain': False}","['execute', 'investigate', 'ops', 'summarize']",[]
summarize the incident response time trends,summarization,"{'is_question': False, 'has_imperative': False, 'has_temporal_ref': False}","{'question_blocks_execute': False, 'prefer_investigate_when_uncertain': False}","['execute', 'investigate', 'ops', 'summarize']",[]
provide an overview of the technical debt remediation,summarization,"{'is_question': False, 'has_imperative': False, 'has_temporal_ref': False}","{'question_blocks_execute': False, 'prefer_investigate_when_uncertain': False}","['execute', 'investigate', 'ops', 'summarize']",[]
summarize the service level objective performance,summarization,"{'is_question': False, 'has_imperative': False, 'has_temporal_ref': False}","{'question_blocks_execute': False, 'prefer_investigate_when_uncertain': False}","['execute', 'investigate', 'ops', 'summarize']",[]
give me a recap of the cluster autoscaler decisions,summarization,"{'is_question': False, 'has_imperative': False, 'has_temporal_ref': False}","{'question_blocks_execute': False, 'prefer_investigate_when_uncertain': False}","['execute', 'investigate', 'ops', 'summarize']",[]
summarize the data pipeline execution summary,summarization,"{'is_question': False, 'has_imperative': False, 'has_temporal_ref': False}","{'question_blocks_execute': False, 'prefer_investigate_when_uncertain': False}","['execute', 'investigate', 'ops', 'summarize']",[]
provide a brief on the release deployment frequency,summarization,"{'is_question': False, 'has_imperative': False, 'has_temporal_ref': False}","{'question_blocks_execute': False, 'prefer_investigate_when_uncertain': False}","['execute', 'investigate', 'ops', 'summarize']",[]
summarize the mean time between failures report,summarization,"{'is_question': False, 'has_imperative': False, 'has_temporal_ref': False}","{'question_blocks_execute': False, 'prefer_investigate_when_uncertain': False}","['execute', 'investigate', 'ops', 'summarize']",[]
give me a summary of the pod scheduling efficiency,summarization,"{'is_question': False, 'has_imperative': False, 'has_temporal_ref': False}","{'question_blocks_execute': False, 'prefer_investigate_when_uncertain': False}","['execute', 'investigate', 'ops', 'summarize']",[]
summarize the network policy audit results,summarization,"{'is_question': False, 'has_imperative': False, 'has_temporal_ref': False}","{'question_blocks_execute': False, 'prefer_investigate_when_uncertain': False}","['execute', 'investigate', 'ops', 'summarize']",[]
provide a recap of the capacity forecast model output,summarization,"{'is_question': False, 'has_imperative': False, 'has_temporal_ref': False}","{'question_blocks_execute': False, 'prefer_investigate_when_uncertain': False}","['execute', 'investigate', 'ops', 'summarize']",[]
summarize the operational readiness review findings,summarization,"{'is_question': False, 'has_imperative': False, 'has_temporal_ref': False}","{'question_blocks_execute': False, 'prefer_investigate_when_uncertain': False}","['execute', 'investigate', 'ops', 'summarize']",[]
give me an overview of the endpoint latency distribution,summarization,"{'is_question': False, 'has_imperative': False, 'has_temporal_ref': False}","{'question_blocks_execute': False, 'prefer_investigate_when_uncertain': False}","['execute', 'investigate', 'ops', 'summarize']",[]
summarize the storage tier migration progress,summarization,"{'is_question': False, 'has_imperative': False, 'has_temporal_ref': False}","{'question_blocks_execute': False, 'prefer_investigate_when_uncertain': False}","['execute', 'investigate', 'ops', 'summarize']",[]
provide a summary of the api versioning status,summarization,"{'is_question': False, 'has_imperative': False, 'has_temporal_ref': False}","{'question_blocks_execute': False, 'prefer_investigate_when_uncertain': False}","['execute', 'investigate', 'ops', 'summarize']",[]
summarize the horizontal pod autoscaler activity,summarization,"{'is_question': False, 'has_imperative': False, 'has_temporal_ref': False}","{'question_blocks_execute': False, 'prefer_investigate_when_uncertain': False}","['execute', 'investigate', 'ops', 'summarize']",[]
give me a brief on the service health dashboard metrics,summarization,"{'is_question': False, 'has_imperative': False, 'has_temporal_ref': False}","{'question_blocks_execute': False, 'prefer_investigate_when_uncertain': False}","['execute', 'investigate', 'ops', 'summarize']",[]
summarize the weekly change failure rate,summarization,"{'is_question': False, 'has_imperative': False, 'has_temporal_ref': False}","{'question_blocks_execute': False, 'prefer_investigate_when_uncertain': False}","['execute', 'investigate', 'ops', 'summarize']",[]
provide an overview of the deployment lead time trends,summarization,"{'is_question': False, 'has_imperative': False, 'has_temporal_ref': False}","{'question_blocks_execute': False, 'prefer_investigate_when_uncertain': False}","['execute', 'investigate', 'ops', 'summarize']",[]
summarize the toil reduction progress this quarter,summarization,"{'is_question': False, 'has_imperative': False, 'has_temporal_ref': False}","{'question_blocks_execute': False, 'prefer_investigate_when_uncertain': False}","['execute', 'investigate', 'ops', 'summarize']",[]
give me a recap of the on-call escalation patterns,summarization,"{'is_question': False, 'has_imperative': False, 'has_temporal_ref': False}","{'question_blocks_execute': False, 'prefer_investigate_when_uncertain': False}","['execute', 'investigate', 'ops', 'summarize']",[]
summarize the system hardening checklist compliance,summarization,"{'is_question': False, 'has_imperative': False, 'has_temporal_ref': False}","{'question_blocks_execute': False, 'prefer_investigate_when_uncertain': False}","['execute', 'investigate', 'ops', 'summarize']",[]
provide a brief on the observability coverage by service,summarization,"{'is_question': False, 'has_imperative': False, 'has_temporal_ref': False}","{'question_blocks_execute': False, 'prefer_investigate_when_uncertain': False}","['execute', 'investigate', 'ops', 'summarize']",[]
summarize the database query performance trends,summarization,"{'is_question': False, 'has_imperative': False, 'has_temporal_ref': False}","{'question_blocks_execute': False, 'prefer_investigate_when_uncertain': False}","['execute', 'investigate', 'ops', 'summarize']",[]
give me a summary of the infrastructure scaling events,summarization,"{'is_question': False, 'has_imperative': False, 'has_temporal_ref': False}","{'question_blocks_execute': False, 'prefer_investigate_when_uncertain': False}","['execute', 'investigate', 'ops', 'summarize']",[]
summarize the platform availability monthly report,summarization,"{'is_question': False, 'has_imperative': False, 'has_temporal_ref': False}","{'question_blocks_execute': False, 'prefer_investigate_when_uncertain': False}","['execute', 'investigate', 'ops', 'summarize']",[]
provide a recap of the secrets rotation audit,summarization,"{'is_question': False, 'has_imperative': False, 'has_temporal_ref': False}","{'question_blocks_execute': False, 'prefer_investigate_when_uncertain': False}","['execute', 'investigate', 'ops', 'summarize']",[]
summarize the release rollback frequency and causes,summarization,"{'is_question': False, 'has_imperative': False, 'has_temporal_ref': False}","{'question_blocks_execute': False, 'prefer_investigate_when_uncertain': False}","['execute', 'investigate', 'ops', 'summarize']",[]
hello how are you,out_of_scope,"{'is_question': True, 'has_imperative': False, 'has_temporal_ref': False}","{'question_blocks_execute': True, 'prefer_investigate_when_uncertain': True}","['investigate', 'ops', 'summarize']",['execute']
what is the capital of france,out_of_scope,"{'is_question': True, 'has_imperative': False, 'has_temporal_ref': False}","{'question_blocks_execute': True, 'prefer_investigate_when_uncertain': True}","['investigate', 'ops', 'summarize']",['execute']
tell me a joke,out_of_scope,"{'is_question': False, 'has_imperative': False, 'has_temporal_ref': False}","{'question_blocks_execute': False, 'prefer_investigate_when_uncertain': False}","['execute', 'investigate', 'ops', 'summarize']",[]
who won the world cup,out_of_scope,"{'is_question': False, 'has_imperative': False, 'has_temporal_ref': False}","{'question_blocks_execute': False, 'prefer_investigate_when_uncertain': False}","['execute', 'investigate', 'ops', 'summarize']",[]
write a poem about servers,out_of_scope,"{'is_question': False, 'has_imperative': False, 'has_temporal_ref': False}","{'question_blocks_execute': False, 'prefer_investigate_when_uncertain': False}","['execute', 'investigate', 'ops', 'summarize']",[]
how is the weather today,out_of_scope,"{'is_question': True, 'has_imperative': False, 'has_temporal_ref': True}","{'question_blocks_execute': True, 'prefer_investigate_when_uncertain': True}","['investigate', 'ops', 'summarize']",['execute']
what time is it,out_of_scope,"{'is_question': True, 'has_imperative': False, 'has_temporal_ref': False}","{'question_blocks_execute': True, 'prefer_investigate_when_uncertain': True}","['investigate', 'ops', 'summarize']",['execute']
tell me about astronomy,out_of_scope,"{'is_question': False, 'has_imperative': False, 'has_temporal_ref': False}","{'question_blocks_execute': False, 'prefer_investigate_when_uncertain': False}","['execute', 'investigate', 'ops', 'summarize']",[]
who is the president,out_of_scope,"{'is_question': True, 'has_imperative': False, 'has_temporal_ref': False}","{'question_blocks_execute': True, 'prefer_investigate_when_uncertain': True}","['investigate', 'ops', 'summarize']",['execute']
what is the meaning of life,out_of_scope,"{'is_question': True, 'has_imperative': False, 'has_temporal_ref': False}","{'question_blocks_execute': True, 'prefer_investigate_when_uncertain': True}","['investigate', 'ops', 'summarize']",['execute']
tell me a story,out_of_scope,"{'is_question': False, 'has_imperative': False, 'has_temporal_ref': False}","{'question_blocks_execute': False, 'prefer_investigate_when_uncertain': False}","['execute', 'investigate', 'ops', 'summarize']",[]
how do I bake a cake,out_of_scope,"{'is_question': True, 'has_imperative': False, 'has_temporal_ref': False}","{'question_blocks_execute': True, 'prefer_investigate_when_uncertain': True}","['investigate', 'ops', 'summarize']",['execute']
what is quantum physics,out_of_scope,"{'is_question': True, 'has_imperative': False, 'has_temporal_ref': False}","{'question_blocks_execute': True, 'prefer_investigate_when_uncertain': True}","['investigate', 'ops', 'summarize']",['execute']
tell me about history,out_of_scope,"{'is_question': False, 'has_imperative': False, 'has_temporal_ref': False}","{'question_blocks_execute': False, 'prefer_investigate_when_uncertain': False}","['execute', 'investigate', 'ops', 'summarize']",[]
what are your hobbies,out_of_scope,"{'is_question': True, 'has_imperative': False, 'has_temporal_ref': False}","{'question_blocks_execute': True, 'prefer_investigate_when_uncertain': True}","['investigate', 'ops', 'summarize']",['execute']
how can I learn spanish,out_of_scope,"{'is_question': True, 'has_imperative': False, 'has_temporal_ref': False}","{'question_blocks_execute': True, 'prefer_investigate_when_uncertain': True}","['investigate', 'ops', 'summarize']",['execute']
what is machine learning,out_of_scope,"{'is_question': True, 'has_imperative': False, 'has_temporal_ref': False}","{'question_blocks_execute': True, 'prefer_investigate_when_uncertain': True}","['investigate', 'ops', 'summarize']",['execute']
tell me about music,out_of_scope,"{'is_question': False, 'has_imperative': False, 'has_temporal_ref': False}","{'question_blocks_execute': False, 'prefer_investigate_when_uncertain': False}","['execute', 'investigate', 'ops', 'summarize']",[]
how do I play guitar,out_of_scope,"{'is_question': True, 'has_imperative': False, 'has_temporal_ref': False}","{'question_blocks_execute': True, 'prefer_investigate_when_uncertain': True}","['investigate', 'ops', 'summarize']",['execute']
what is philosophy,out_of_scope,"{'is_question': True, 'has_imperative': False, 'has_temporal_ref': False}","{'question_blocks_execute': True, 'prefer_investigate_when_uncertain': True}","['investigate', 'ops', 'summarize']",['execute']
tell me about art,out_of_scope,"{'is_question': False, 'has_imperative': False, 'has_temporal_ref': False}","{'question_blocks_execute': False, 'prefer_investigate_when_uncertain': False}","['execute', 'investigate', 'ops', 'summarize']",[]
how do I cook pasta,out_of_scope,"{'is_question': True, 'has_imperative': False, 'has_temporal_ref': False}","{'question_blocks_execute': True, 'prefer_investigate_when_uncertain': True}","['investigate', 'ops', 'summarize']",['execute']
what is biology,out_of_scope,"{'is_question': True, 'has_imperative': False, 'has_temporal_ref': False}","{'question_blocks_execute': True, 'prefer_investigate_when_uncertain': True}","['investigate', 'ops', 'summarize']",['execute']
tell me about sports,out_of_scope,"{'is_question': False, 'has_imperative': False, 'has_temporal_ref': False}","{'question_blocks_execute': False, 'prefer_investigate_when_uncertain': False}","['execute', 'investigate', 'ops', 'summarize']",[]
how do I stay healthy,out_of_scope,"{'is_question': True, 'has_imperative': False, 'has_temporal_ref': False}","{'question_blocks_execute': True, 'prefer_investigate_when_uncertain': True}","['investigate', 'ops', 'summarize']",['execute']
what is chemistry,out_of_scope,"{'is_question': True, 'has_imperative': False, 'has_temporal_ref': False}","{'question_blocks_execute': True, 'prefer_investigate_when_uncertain': True}","['investigate', 'ops', 'summarize']",['execute']
tell me about travel,out_of_scope,"{'is_question': False, 'has_imperative': False, 'has_temporal_ref': False}","{'question_blocks_execute': False, 'prefer_investigate_when_uncertain': False}","['execute', 'investigate', 'ops', 'summarize']",[]
how do I meditate,out_of_scope,"{'is_question': True, 'has_imperative': False, 'has_temporal_ref': False}","{'question_blocks_execute': True, 'prefer_investigate_when_uncertain': True}","['investigate', 'ops', 'summarize']",['execute']
what is psychology,out_of_scope,"{'is_question': True, 'has_imperative': False, 'has_temporal_ref': False}","{'question_blocks_execute': True, 'prefer_investigate_when_uncertain': True}","['investigate', 'ops', 'summarize']",['execute']
tell me about movies,out_of_scope,"{'is_question': False, 'has_imperative': False, 'has_temporal_ref': False}","{'question_blocks_execute': False, 'prefer_investigate_when_uncertain': False}","['execute', 'investigate', 'ops', 'summarize']",[]
how do I dance,out_of_scope,"{'is_question': True, 'has_imperative': False, 'has_temporal_ref': False}","{'question_blocks_execute': True, 'prefer_investigate_when_uncertain': True}","['investigate', 'ops', 'summarize']",['execute']
what is economics,out_of_scope,"{'is_question': True, 'has_imperative': False, 'has_temporal_ref': False}","{'question_blocks_execute': True, 'prefer_investigate_when_uncertain': True}","['investigate', 'ops', 'summarize']",['execute']
tell me about books,out_of_scope,"{'is_question': False, 'has_imperative': False, 'has_temporal_ref': False}","{'question_blocks_execute': False, 'prefer_investigate_when_uncertain': False}","['execute', 'investigate', 'ops', 'summarize']",[]
how do I write poetry,out_of_scope,"{'is_question': True, 'has_imperative': False, 'has_temporal_ref': False}","{'question_blocks_execute': True, 'prefer_investigate_when_uncertain': True}","['investigate', 'ops', 'summarize']",['execute']
what is literature,out_of_scope,"{'is_question': True, 'has_imperative': False, 'has_temporal_ref': False}","{'question_blocks_execute': True, 'prefer_investigate_when_uncertain': True}","['investigate', 'ops', 'summarize']",['execute']
tell me about languages,out_of_scope,"{'is_question': False, 'has_imperative': False, 'has_temporal_ref': False}","{'question_blocks_execute': False, 'prefer_investigate_when_uncertain': False}","['execute', 'investigate', 'ops', 'summarize']",[]
how do I draw,out_of_scope,"{'is_question': True, 'has_imperative': False, 'has_temporal_ref': False}","{'question_blocks_execute': True, 'prefer_investigate_when_uncertain': True}","['investigate', 'ops', 'summarize']",['execute']
what is painting,out_of_scope,"{'is_question': True, 'has_imperative': False, 'has_temporal_ref': False}","{'question_blocks_execute': True, 'prefer_investigate_when_uncertain': True}","['investigate', 'ops', 'summarize']",['execute']
tell me about architecture,out_of_scope,"{'is_question': False, 'has_imperative': False, 'has_temporal_ref': False}","{'question_blocks_execute': False, 'prefer_investigate_when_uncertain': False}","['execute', 'investigate', 'ops', 'summarize']",[]
how do I photograph,out_of_scope,"{'is_question': True, 'has_imperative': False, 'has_temporal_ref': False}","{'question_blocks_execute': True, 'prefer_investigate_when_uncertain': True}","['investigate', 'ops', 'summarize']",['execute']
what is sculpture,out_of_scope,"{'is_question': True, 'has_imperative': False, 'has_temporal_ref': False}","{'question_blocks_execute': True, 'prefer_investigate_when_uncertain': True}","['investigate', 'ops', 'summarize']",['execute']
tell me about fashion,out_of_scope,"{'is_question': False, 'has_imperative': False, 'has_temporal_ref': False}","{'question_blocks_execute': False, 'prefer_investigate_when_uncertain': False}","['execute', 'investigate', 'ops', 'summarize']",[]
how do I sew,out_of_scope,"{'is_question': True, 'has_imperative': False, 'has_temporal_ref': False}","{'question_blocks_execute': True, 'prefer_investigate_when_uncertain': True}","['investigate', 'ops', 'summarize']",['execute']
what is design,out_of_scope,"{'is_question': True, 'has_imperative': False, 'has_temporal_ref': False}","{'question_blocks_execute': True, 'prefer_investigate_when_uncertain': True}","['investigate', 'ops', 'summarize']",['execute']
tell me about furniture,out_of_scope,"{'is_question': False, 'has_imperative': False, 'has_temporal_ref': False}","{'question_blocks_execute': False, 'prefer_investigate_when_uncertain': False}","['execute', 'investigate', 'ops', 'summarize']",[]
what is your favorite color,out_of_scope,"{'is_question': True, 'has_imperative': False, 'has_temporal_ref': False}","{'question_blocks_execute': True, 'prefer_investigate_when_uncertain': True}","['investigate', 'ops', 'summarize']",['execute']
can you sing a song,out_of_scope,"{'is_question': False, 'has_imperative': False, 'has_temporal_ref': False}","{'question_blocks_execute': False, 'prefer_investigate_when_uncertain': False}","['execute', 'investigate', 'ops', 'summarize']",[]
who invented the telephone,out_of_scope,"{'is_question': False, 'has_imperative': False, 'has_temporal_ref': False}","{'question_blocks_execute': False, 'prefer_investigate_when_uncertain': False}","['execute', 'investigate', 'ops', 'summarize']",[]
what is the speed of light,out_of_scope,"{'is_question': True, 'has_imperative': False, 'has_temporal_ref': False}","{'question_blocks_execute': True, 'prefer_investigate_when_uncertain': True}","['investigate', 'ops', 'summarize']",['execute']
how do I tie a tie,out_of_scope,"{'is_question': True, 'has_imperative': False, 'has_temporal_ref': False}","{'question_blocks_execute': True, 'prefer_investigate_when_uncertain': True}","['investigate', 'ops', 'summarize']",['execute']
tell me about dinosaurs,out_of_scope,"{'is_question': False, 'has_imperative': False, 'has_temporal_ref': False}","{'question_blocks_execute': False, 'prefer_investigate_when_uncertain': False}","['execute', 'investigate', 'ops', 'summarize']",[]
what is the tallest mountain,out_of_scope,"{'is_question': True, 'has_imperative': False, 'has_temporal_ref': False}","{'question_blocks_execute': True, 'prefer_investigate_when_uncertain': True}","['investigate', 'ops', 'summarize']",['execute']
how do I make coffee,out_of_scope,"{'is_question': True, 'has_imperative': False, 'has_temporal_ref': False}","{'question_blocks_execute': True, 'prefer_investigate_when_uncertain': True}","['investigate', 'ops', 'summarize']",['execute']
who painted the mona lisa,out_of_scope,"{'is_question': False, 'has_imperative': False, 'has_temporal_ref': False}","{'question_blocks_execute': False, 'prefer_investigate_when_uncertain': False}","['execute', 'investigate', 'ops', 'summarize']",[]
what is the deepest ocean,out_of_scope,"{'is_question': True, 'has_imperative': False, 'has_temporal_ref': False}","{'question_blocks_execute': True, 'prefer_investigate_when_uncertain': True}","['investigate', 'ops', 'summarize']",['execute']
how do I learn to swim,out_of_scope,"{'is_question': True, 'has_imperative': False, 'has_temporal_ref': False}","{'question_blocks_execute': True, 'prefer_investigate_when_uncertain': True}","['investigate', 'ops', 'summarize']",['execute']
tell me about volcanoes,out_of_scope,"{'is_question': False, 'has_imperative': False, 'has_temporal_ref': False}","{'question_blocks_execute': False, 'prefer_investigate_when_uncertain': False}","['execute', 'investigate', 'ops', 'summarize']",[]
what is a black hole,out_of_scope,"{'is_question': True, 'has_imperative': False, 'has_temporal_ref': False}","{'question_blocks_execute': True, 'prefer_investigate_when_uncertain': True}","['investigate', 'ops', 'summarize']",['execute']
how do I change a tire,out_of_scope,"{'is_question': True, 'has_imperative': False, 'has_temporal_ref': False}","{'question_blocks_execute': True, 'prefer_investigate_when_uncertain': True}","['investigate', 'ops', 'summarize']",['execute']
who wrote hamlet,out_of_scope,"{'is_question': False, 'has_imperative': False, 'has_temporal_ref': False}","{'question_blocks_execute': False, 'prefer_investigate_when_uncertain': False}","['execute', 'investigate', 'ops', 'summarize']",[]
what is cryptocurrency,out_of_scope,"{'is_question': True, 'has_imperative': False, 'has_temporal_ref': False}","{'question_blocks_execute': True, 'prefer_investigate_when_uncertain': True}","['investigate', 'ops', 'summarize']",['execute']
how do I fold a paper airplane,out_of_scope,"{'is_question': True, 'has_imperative': False, 'has_temporal_ref': False}","{'question_blocks_execute': True, 'prefer_investigate_when_uncertain': True}","['investigate', 'ops', 'summarize']",['execute']
tell me about the solar system,out_of_scope,"{'is_question': False, 'has_imperative': False, 'has_temporal_ref': False}","{'question_blocks_execute': False, 'prefer_investigate_when_uncertain': False}","['execute', 'investigate', 'ops', 'summarize']",[]
what is the boiling point of water,out_of_scope,"{'is_question': True, 'has_imperative': False, 'has_temporal_ref': False}","{'question_blocks_execute': True, 'prefer_investigate_when_uncertain': True}","['investigate', 'ops', 'summarize']",['execute']
how do I ride a bicycle,out_of_scope,"{'is_question': True, 'has_imperative': False, 'has_temporal_ref': False}","{'question_blocks_execute': True, 'prefer_investigate_when_uncertain': True}","['investigate', 'ops', 'summarize']",['execute']
who discovered penicillin,out_of_scope,"{'is_question': False, 'has_imperative': False, 'has_temporal_ref': False}","{'question_blocks_execute': False, 'prefer_investigate_when_uncertain': False}","['execute', 'investigate', 'ops', 'summarize']",[]
what is genetics,out_of_scope,"{'is_question': True, 'has_imperative': False, 'has_temporal_ref': False}","{'question_blocks_execute': True, 'prefer_investigate_when_uncertain': True}","['investigate', 'ops', 'summarize']",['execute']
how do I play chess,out_of_scope,"{'is_question': True, 'has_imperative': False, 'has_temporal_ref': False}","{'question_blocks_execute': True, 'prefer_investigate_when_uncertain': True}","['investigate', 'ops', 'summarize']",['execute']
tell me about ancient rome,out_of_scope,"{'is_question': False, 'has_imperative': False, 'has_temporal_ref': False}","{'question_blocks_execute': False, 'prefer_investigate_when_uncertain': False}","['execute', 'investigate', 'ops', 'summarize']",[]
what is the longest river,out_of_scope,"{'is_question': True, 'has_imperative': False, 'has_temporal_ref': False}","{'question_blocks_execute': True, 'prefer_investigate_when_uncertain': True}","['investigate', 'ops', 'summarize']",['execute']
how do I knit a scarf,out_of_scope,"{'is_question': True, 'has_imperative': False, 'has_temporal_ref': False}","{'question_blocks_execute': True, 'prefer_investigate_when_uncertain': True}","['investigate', 'ops', 'summarize']",['execute']
what is photosynthesis,out_of_scope,"{'is_question': True, 'has_imperative': False, 'has_temporal_ref': False}","{'question_blocks_execute': True, 'prefer_investigate_when_uncertain': True}","['investigate', 'ops', 'summarize']",['execute']
tell me about the renaissance,out_of_scope,"{'is_question': False, 'has_imperative': False, 'has_temporal_ref': False}","{'question_blocks_execute': False, 'prefer_investigate_when_uncertain': False}","['execute', 'investigate', 'ops', 'summarize']",[]
who is beethoven,out_of_scope,"{'is_question': True, 'has_imperative': False, 'has_temporal_ref': False}","{'question_blocks_execute': True, 'prefer_investigate_when_uncertain': True}","['investigate', 'ops', 'summarize']",['execute']
how do I make pizza dough,out_of_scope,"{'is_question': True, 'has_imperative': False, 'has_temporal_ref': False}","{'question_blocks_execute': True, 'prefer_investigate_when_uncertain': True}","['investigate', 'ops', 'summarize']",['execute']
what is the periodic table,out_of_scope,"{'is_question': True, 'has_imperative': False, 'has_temporal_ref': False}","{'question_blocks_execute': True, 'prefer_investigate_when_uncertain': True}","['investigate', 'ops', 'summarize']",['execute']
tell me about space exploration,out_of_scope,"{'is_question': False, 'has_imperative': False, 'has_temporal_ref': False}","{'question_blocks_execute': False, 'prefer_investigate_when_uncertain': False}","['execute', 'investigate', 'ops', 'summarize']",[]
how do I start a garden,out_of_scope,"{'is_question': True, 'has_imperative': False, 'has_temporal_ref': False}","{'question_blocks_execute': True, 'prefer_investigate_when_uncertain': True}","['investigate', 'ops', 'summarize']",['execute']
what is dna,out_of_scope,"{'is_question': True, 'has_imperative': False, 'has_temporal_ref': False}","{'question_blocks_execute': True, 'prefer_investigate_when_uncertain': True}","['investigate', 'ops', 'summarize']",['execute']
tell me about the pyramids,out_of_scope,"{'is_question': False, 'has_imperative': False, 'has_temporal_ref': False}","{'question_blocks_execute': False, 'prefer_investigate_when_uncertain': False}","['execute', 'investigate', 'ops', 'summarize']",[]
who invented the internet,out_of_scope,"{'is_question': False, 'has_imperative': False, 'has_temporal_ref': False}","{'question_blocks_execute': False, 'prefer_investigate_when_uncertain': False}","['execute', 'investigate', 'ops', 'summarize']",[]
how do I juggle,out_of_scope,"{'is_question': True, 'has_imperative': False, 'has_temporal_ref': False}","{'question_blocks_execute': True, 'prefer_investigate_when_uncertain': True}","['investigate', 'ops', 'summarize']",['execute']
what is climate change,out_of_scope,"{'is_question': True, 'has_imperative': False, 'has_temporal_ref': False}","{'question_blocks_execute': True, 'prefer_investigate_when_uncertain': True}","['investigate', 'ops', 'summarize']",['execute']
tell me about whales,out_of_scope,"{'is_question': False, 'has_imperative': False, 'has_temporal_ref': False}","{'question_blocks_execute': False, 'prefer_investigate_when_uncertain': False}","['execute', 'investigate', 'ops', 'summarize']",[]
how do I play tennis,out_of_scope,"{'is_question': True, 'has_imperative': False, 'has_temporal_ref': False}","{'question_blocks_execute': True, 'prefer_investigate_when_uncertain': True}","['investigate', 'ops', 'summarize']",['execute']
what is relativity theory,out_of_scope,"{'is_question': True, 'has_imperative': False, 'has_temporal_ref': False}","{'question_blocks_execute': True, 'prefer_investigate_when_uncertain': True}","['investigate', 'ops', 'summarize']",['execute']
tell me about the moon landing,out_of_scope,"{'is_question': False, 'has_imperative': False, 'has_temporal_ref': False}","{'question_blocks_execute': False, 'prefer_investigate_when_uncertain': False}","['execute', 'investigate', 'ops', 'summarize']",[]
who wrote pride and prejudice,out_of_scope,"{'is_question': False, 'has_imperative': False, 'has_temporal_ref': False}","{'question_blocks_execute': False, 'prefer_investigate_when_uncertain': False}","['execute', 'investigate', 'ops', 'summarize']",[]
how do I build a birdhouse,out_of_scope,"{'is_question': True, 'has_imperative': False, 'has_temporal_ref': False}","{'question_blocks_execute': True, 'prefer_investigate_when_uncertain': True}","['investigate', 'ops', 'summarize']",['execute']
what is artificial intelligence,out_of_scope,"{'is_question': True, 'has_imperative': False, 'has_temporal_ref': False}","{'question_blocks_execute': True, 'prefer_investigate_when_uncertain': True}","['investigate', 'ops', 'summarize']",['execute']
tell me about coral reefs,out_of_scope,"{'is_question': False, 'has_imperative': False, 'has_temporal_ref': False}","{'question_blocks_execute': False, 'prefer_investigate_when_uncertain': False}","['execute', 'investigate', 'ops', 'summarize']",[]
how do I solve a rubiks cube,out_of_scope,"{'is_question': True, 'has_imperative': False, 'has_temporal_ref': False}","{'question_blocks_execute': True, 'prefer_investigate_when_uncertain': True}","['investigate', 'ops', 'summarize']",['execute']
what is blockchain,out_of_scope,"{'is_question': True, 'has_imperative': False, 'has_temporal_ref': False}","{'question_blocks_execute': True, 'prefer_investigate_when_uncertain': True}","['investigate', 'ops', 'summarize']",['execute']
tell me about rainforests,out_of_scope,"{'is_question': False, 'has_imperative': False, 'has_temporal_ref': False}","{'question_blocks_execute': False, 'prefer_investigate_when_uncertain': False}","['execute', 'investigate', 'ops', 'summarize']",[]
how do I do origami,out_of_scope,"{'is_question': True, 'has_imperative': False, 'has_temporal_ref': False}","{'question_blocks_execute': True, 'prefer_investigate_when_uncertain': True}","['investigate', 'ops', 'summarize']",['execute']
what is the fibonacci sequence,out_of_scope,"{'is_question': True, 'has_imperative': False, 'has_temporal_ref': False}","{'question_blocks_execute': True, 'prefer_investigate_when_uncertain': True}","['investigate', 'ops', 'summarize']",['execute']
tell me about the ice age,out_of_scope,"{'is_question': False, 'has_imperative': False, 'has_temporal_ref': False}","{'question_blocks_execute': False, 'prefer_investigate_when_uncertain': False}","['execute', 'investigate', 'ops', 'summarize']",[]
who discovered gravity,out_of_scope,"{'is_question': False, 'has_imperative': False, 'has_temporal_ref': False}","{'question_blocks_execute': False, 'prefer_investigate_when_uncertain': False}","['execute', 'investigate', 'ops', 'summarize']",[]
how do I whistle,out_of_scope,"{'is_question': True, 'has_imperative': False, 'has_temporal_ref': False}","{'question_blocks_execute': True, 'prefer_investigate_when_uncertain': True}","['investigate', 'ops', 'summarize']",['execute']
what is evolution,out_of_scope,"{'is_question': True, 'has_imperative': False, 'has_temporal_ref': False}","{'question_blocks_execute': True, 'prefer_investigate_when_uncertain': True}","['investigate', 'ops', 'summarize']",['execute']
tell me about mars,out_of_scope,"{'is_question': False, 'has_imperative': False, 'has_temporal_ref': False}","{'question_blocks_execute': False, 'prefer_investigate_when_uncertain': False}","['execute', 'investigate', 'ops', 'summarize']",[]
how do I make sushi,out_of_scope,"{'is_question': True, 'has_imperative': False, 'has_temporal_ref': False}","{'question_blocks_execute': True, 'prefer_investigate_when_uncertain': True}","['investigate', 'ops', 'summarize']",['execute']
what is democracy,out_of_scope,"{'is_question': True, 'has_imperative': False, 'has_temporal_ref': False}","{'question_blocks_execute': True, 'prefer_investigate_when_uncertain': True}","['investigate', 'ops', 'summarize']",['execute']
tell me about butterflies,out_of_scope,"{'is_question': False, 'has_imperative': False, 'has_temporal_ref': False}","{'question_blocks_execute': False, 'prefer_investigate_when_uncertain': False}","['execute', 'investigate', 'ops', 'summarize']",[]
who composed the four seasons,out_of_scope,"{'is_question': False, 'has_imperative': False, 'has_temporal_ref': False}","{'question_blocks_execute': False, 'prefer_investigate_when_uncertain': False}","['execute', 'investigate', 'ops', 'summarize']",[]
how do I plant a tree,out_of_scope,"{'is_question': True, 'has_imperative': False, 'has_temporal_ref': False}","{'question_blocks_execute': True, 'prefer_investigate_when_uncertain': True}","['investigate', 'ops', 'summarize']",['execute']
what is nanotechnology,out_of_scope,"{'is_question': True, 'has_imperative': False, 'has_temporal_ref': False}","{'question_blocks_execute': True, 'prefer_investigate_when_uncertain': True}","['investigate', 'ops', 'summarize']",['execute']
tell me about the great wall of china,out_of_scope,"{'is_question': False, 'has_imperative': False, 'has_temporal_ref': False}","{'question_blocks_execute': False, 'prefer_investigate_when_uncertain': False}","['execute', 'investigate', 'ops', 'summarize']",[]
how do I learn to cook,out_of_scope,"{'is_question': True, 'has_imperative': False, 'has_temporal_ref': False}","{'question_blocks_execute': True, 'prefer_investigate_when_uncertain': True}","['investigate', 'ops', 'summarize']",['execute']
what is renewable energy,out_of_scope,"{'is_question': True, 'has_imperative': False, 'has_temporal_ref': False}","{'question_blocks_execute': True, 'prefer_investigate_when_uncertain': True}","['investigate', 'ops', 'summarize']",['execute']
tell me about penguins,out_of_scope,"{'is_question': False, 'has_imperative': False, 'has_temporal_ref': False}","{'question_blocks_execute': False, 'prefer_investigate_when_uncertain': False}","['execute', 'investigate', 'ops', 'summarize']",[]
who wrote the odyssey,out_of_scope,"{'is_question': False, 'has_imperative': False, 'has_temporal_ref': False}","{'question_blocks_execute': False, 'prefer_investigate_when_uncertain': False}","['execute', 'investigate', 'ops', 'summarize']",[]
how do I make candles,out_of_scope,"{'is_question': True, 'has_imperative': False, 'has_temporal_ref': False}","{'question_blocks_execute': True, 'prefer_investigate_when_uncertain': True}","['investigate', 'ops', 'summarize']",['execute']
what is sociology,out_of_scope,"{'is_question': True, 'has_imperative': False, 'has_temporal_ref': False}","{'question_blocks_execute': True, 'prefer_investigate_when_uncertain': True}","['investigate', 'ops', 'summarize']",['execute']
tell me about the northern lights,out_of_scope,"{'is_question': False, 'has_imperative': False, 'has_temporal_ref': False}","{'question_blocks_execute': False, 'prefer_investigate_when_uncertain': False}","['execute', 'investigate', 'ops', 'summarize']",[]
how do I skip stones,out_of_scope,"{'is_question': True, 'has_imperative': False, 'has_temporal_ref': False}","{'question_blocks_execute': True, 'prefer_investigate_when_uncertain': True}","['investigate', 'ops', 'summarize']",['execute']
what is anthropology,out_of_scope,"{'is_question': True, 'has_imperative': False, 'has_temporal_ref': False}","{'question_blocks_execute': True, 'prefer_investigate_when_uncertain': True}","['investigate', 'ops', 'summarize']",['execute']
tell me about elephants,out_of_scope,"{'is_question': False, 'has_imperative': False, 'has_temporal_ref': False}","{'question_blocks_execute': False, 'prefer_investigate_when_uncertain': False}","['execute', 'investigate', 'ops', 'summarize']",[]
who is shakespeare,out_of_scope,"{'is_question': True, 'has_imperative': False, 'has_temporal_ref': False}","{'question_blocks_execute': True, 'prefer_investigate_when_uncertain': True}","['investigate', 'ops', 'summarize']",['execute']
how do I do a cartwheel,out_of_scope,"{'is_question': True, 'has_imperative': False, 'has_temporal_ref': False}","{'question_blocks_execute': True, 'prefer_investigate_when_uncertain': True}","['investigate', 'ops', 'summarize']",['execute']
what is yoga,out_of_scope,"{'is_question': True, 'has_imperative': False, 'has_temporal_ref': False}","{'question_blocks_execute': True, 'prefer_investigate_when_uncertain': True}","['investigate', 'ops', 'summarize']",['execute']
tell me about thunderstorms,out_of_scope,"{'is_question': False, 'has_imperative': False, 'has_temporal_ref': False}","{'question_blocks_execute': False, 'prefer_investigate_when_uncertain': False}","['execute', 'investigate', 'ops', 'summarize']",[]
how do I make a smoothie,out_of_scope,"{'is_question': True, 'has_imperative': False, 'has_temporal_ref': False}","{'question_blocks_execute': True, 'prefer_investigate_when_uncertain': True}","['investigate', 'ops', 'summarize']",['execute']
what is geology,out_of_scope,"{'is_question': True, 'has_imperative': False, 'has_temporal_ref': False}","{'question_blocks_execute': True, 'prefer_investigate_when_uncertain': True}","['investigate', 'ops', 'summarize']",['execute']
tell me about dolphins,out_of_scope,"{'is_question': False, 'has_imperative': False, 'has_temporal_ref': False}","{'question_blocks_execute': False, 'prefer_investigate_when_uncertain': False}","['execute', 'investigate', 'ops', 'summarize']",[]
who discovered electricity,out_of_scope,"{'is_question': False, 'has_imperative': False, 'has_temporal_ref': False}","{'question_blocks_execute': False, 'prefer_investigate_when_uncertain': False}","['execute', 'investigate', 'ops', 'summarize']",[]
how do I paint a wall,out_of_scope,"{'is_question': True, 'has_imperative': False, 'has_temporal_ref': False}","{'question_blocks_execute': True, 'prefer_investigate_when_uncertain': True}","['investigate', 'ops', 'summarize']",['execute']
what is robotics,out_of_scope,"{'is_question': True, 'has_imperative': False, 'has_temporal_ref': False}","{'question_blocks_execute': True, 'prefer_investigate_when_uncertain': True}","['investigate', 'ops', 'summarize']",['execute']
tell me about the amazon river,out_of_scope,"{'is_question': False, 'has_imperative': False, 'has_temporal_ref': False}","{'question_blocks_execute': False, 'prefer_investigate_when_uncertain': False}","['execute', 'investigate', 'ops', 'summarize']",[]
how do I fix a leaky faucet,out_of_scope,"{'is_question': True, 'has_imperative': False, 'has_temporal_ref': False}","{'question_blocks_execute': True, 'prefer_investigate_when_uncertain': True}","['investigate', 'ops', 'summarize']",['execute']
what is astronomy,out_of_scope,"{'is_question': True, 'has_imperative': False, 'has_temporal_ref': False}","{'question_blocks_execute': True, 'prefer_investigate_when_uncertain': True}","['investigate', 'ops', 'summarize']",['execute']
tell me about tigers,out_of_scope,"{'is_question': False, 'has_imperative': False, 'has_temporal_ref': False}","{'question_blocks_execute': False, 'prefer_investigate_when_uncertain': False}","['execute', 'investigate', 'ops', 'summarize']",[]
who invented the light bulb,out_of_scope,"{'is_question': False, 'has_imperative': False, 'has_temporal_ref': False}","{'question_blocks_execute': False, 'prefer_investigate_when_uncertain': False}","['execute', 'investigate', 'ops', 'summarize']",[]
how do I make bread,out_of_scope,"{'is_question': True, 'has_imperative': False, 'has_temporal_ref': False}","{'question_blocks_execute': True, 'prefer_investigate_when_uncertain': True}","['investigate', 'ops', 'summarize']",['execute']
what is oceanography,out_of_scope,"{'is_question': True, 'has_imperative': False, 'has_temporal_ref': False}","{'question_blocks_execute': True, 'prefer_investigate_when_uncertain': True}","['investigate', 'ops', 'summarize']",['execute']
tell me about pandas,out_of_scope,"{'is_question': False, 'has_imperative': False, 'has_temporal_ref': False}","{'question_blocks_execute': False, 'prefer_investigate_when_uncertain': False}","['execute', 'investigate', 'ops', 'summarize']",[]
how do I do push ups,out_of_scope,"{'is_question': True, 'has_imperative': False, 'has_temporal_ref': False}","{'question_blocks_execute': True, 'prefer_investigate_when_uncertain': True}","['investigate', 'ops', 'summarize']",['execute']
what is meteorology,out_of_scope,"{'is_question': True, 'has_imperative': False, 'has_temporal_ref': False}","{'question_blocks_execute': True, 'prefer_investigate_when_uncertain': True}","['investigate', 'ops', 'summarize']",['execute']
tell me about eagles,out_of_scope,"{'is_question': False, 'has_imperative': False, 'has_temporal_ref': False}","{'question_blocks_execute': False, 'prefer_investigate_when_uncertain': False}","['execute', 'investigate', 'ops', 'summarize']",[]
who wrote war and peace,out_of_scope,"{'is_question': False, 'has_imperative': False, 'has_temporal_ref': False}","{'question_blocks_execute': False, 'prefer_investigate_when_uncertain': False}","['execute', 'investigate', 'ops', 'summarize']",[]
how do I make ice cream,out_of_scope,"{'is_question': True, 'has_imperative': False, 'has_temporal_ref': False}","{'question_blocks_execute': True, 'prefer_investigate_when_uncertain': True}","['investigate', 'ops', 'summarize']",['execute']
what is paleontology,out_of_scope,"{'is_question': True, 'has_imperative': False, 'has_temporal_ref': False}","{'question_blocks_execute': True, 'prefer_investigate_when_uncertain': True}","['investigate', 'ops', 'summarize']",['execute']
tell me about koalas,out_of_scope,"{'is_question': False, 'has_imperative': False, 'has_temporal_ref': False}","{'question_blocks_execute': False, 'prefer_investigate_when_uncertain': False}","['execute', 'investigate', 'ops', 'summarize']",[]
how do I play basketball,out_of_scope,"{'is_question': True, 'has_imperative': False, 'has_temporal_ref': False}","{'question_blocks_execute': True, 'prefer_investigate_when_uncertain': True}","['investigate', 'ops', 'summarize']",['execute']
what is archaeology,out_of_scope,"{'is_question': True, 'has_imperative': False, 'has_temporal_ref': False}","{'question_blocks_execute': True, 'prefer_investigate_when_uncertain': True}","['investigate', 'ops', 'summarize']",['execute']
tell me about the bermuda triangle,out_of_scope,"{'is_question': False, 'has_imperative': False, 'has_temporal_ref': False}","{'question_blocks_execute': False, 'prefer_investigate_when_uncertain': False}","['execute', 'investigate', 'ops', 'summarize']",[]
who painted starry night,out_of_scope,"{'is_question': False, 'has_imperative': False, 'has_temporal_ref': True}","{'question_blocks_execute': False, 'prefer_investigate_when_uncertain': False}","['execute', 'investigate', 'ops', 'summarize']",[]
how do I roller skate,out_of_scope,"{'is_question': True, 'has_imperative': False, 'has_temporal_ref': False}","{'question_blocks_execute': True, 'prefer_investigate_when_uncertain': True}","['investigate', 'ops', 'summarize']",['execute']
what is marine biology,out_of_scope,"{'is_question': True, 'has_imperative': False, 'has_temporal_ref': False}","{'question_blocks_execute': True, 'prefer_investigate_when_uncertain': True}","['investigate', 'ops', 'summarize']",['execute']
tell me about hummingbirds,out_of_scope,"{'is_question': False, 'has_imperative': False, 'has_temporal_ref': False}","{'question_blocks_execute': False, 'prefer_investigate_when_uncertain': False}","['execute', 'investigate', 'ops', 'summarize']",[]
how do I fly a kite,out_of_scope,"{'is_question': True, 'has_imperative': False, 'has_temporal_ref': False}","{'question_blocks_execute': True, 'prefer_investigate_when_uncertain': True}","['investigate', 'ops', 'summarize']",['execute']
what is astrophysics,out_of_scope,"{'is_question': True, 'has_imperative': False, 'has_temporal_ref': False}","{'question_blocks_execute': True, 'prefer_investigate_when_uncertain': True}","['investigate', 'ops', 'summarize']",['execute']
tell me about owls,out_of_scope,"{'is_question': False, 'has_imperative': False, 'has_temporal_ref': False}","{'question_blocks_execute': False, 'prefer_investigate_when_uncertain': False}","['execute', 'investigate', 'ops', 'summarize']",[]
who invented the airplane,out_of_scope,"{'is_question': False, 'has_imperative': False, 'has_temporal_ref': False}","{'question_blocks_execute': False, 'prefer_investigate_when_uncertain': False}","['execute', 'investigate', 'ops', 'summarize']",[]
how do I make soap,out_of_scope,"{'is_question': True, 'has_imperative': False, 'has_temporal_ref': False}","{'question_blocks_execute': True, 'prefer_investigate_when_uncertain': True}","['investigate', 'ops', 'summarize']",['execute']
what is forensic science,out_of_scope,"{'is_question': True, 'has_imperative': False, 'has_temporal_ref': False}","{'question_blocks_execute': True, 'prefer_investigate_when_uncertain': True}","['investigate', 'ops', 'summarize']",['execute']
tell me about wolves,out_of_scope,"{'is_question': False, 'has_imperative': False, 'has_temporal_ref': False}","{'question_blocks_execute': False, 'prefer_investigate_when_uncertain': False}","['execute', 'investigate', 'ops', 'summarize']",[]
how do I surf,out_of_scope,"{'is_question': True, 'has_imperative': False, 'has_temporal_ref': False}","{'question_blocks_execute': True, 'prefer_investigate_when_uncertain': True}","['investigate', 'ops', 'summarize']",['execute']
what is ecology,out_of_scope,"{'is_question': True, 'has_imperative': False, 'has_temporal_ref': False}","{'question_blocks_execute': True, 'prefer_investigate_when_uncertain': True}","['investigate', 'ops', 'summarize']",['execute']
tell me about octopuses,out_of_scope,"{'is_question': False, 'has_imperative': False, 'has_temporal_ref': False}","{'question_blocks_execute': False, 'prefer_investigate_when_uncertain': False}","['execute', 'investigate', 'ops', 'summarize']",[]
who wrote the great gatsby,out_of_scope,"{'is_question': False, 'has_imperative': False, 'has_temporal_ref': False}","{'question_blocks_execute': False, 'prefer_investigate_when_uncertain': False}","['execute', 'investigate', 'ops', 'summarize']",[]
how do I skateboard,out_of_scope,"{'is_question': True, 'has_imperative': False, 'has_temporal_ref': False}","{'question_blocks_execute': True, 'prefer_investigate_when_uncertain': True}","['investigate', 'ops', 'summarize']",['execute']
what is pharmacology,out_of_scope,"{'is_question': True, 'has_imperative': False, 'has_temporal_ref': False}","{'question_blocks_execute': True, 'prefer_investigate_when_uncertain': True}","['investigate', 'ops', 'summarize']",['execute']
tell me about giraffes,out_of_scope,"{'is_question': False, 'has_imperative': False, 'has_temporal_ref': False}","{'question_blocks_execute': False, 'prefer_investigate_when_uncertain': False}","['execute', 'investigate', 'ops', 'summarize']",[]
how do I mountain climb,out_of_scope,"{'is_question': True, 'has_imperative': False, 'has_temporal_ref': False}","{'question_blocks_execute': True, 'prefer_investigate_when_uncertain': True}","['investigate', 'ops', 'summarize']",['execute']
what is zoology,out_of_scope,"{'is_question': True, 'has_imperative': False, 'has_temporal_ref': False}","{'question_blocks_execute': True, 'prefer_investigate_when_uncertain': True}","['investigate', 'ops', 'summarize']",['execute']
tell me about chameleons,out_of_scope,"{'is_question': False, 'has_imperative': False, 'has_temporal_ref': False}","{'question_blocks_execute': False, 'prefer_investigate_when_uncertain': False}","['execute', 'investigate', 'ops', 'summarize']",[]
who composed moonlight sonata,out_of_scope,"{'is_question': False, 'has_imperative': False, 'has_temporal_ref': False}","{'question_blocks_execute': False, 'prefer_investigate_when_uncertain': False}","['execute', 'investigate', 'ops', 'summarize']",[]
how do I play soccer,out_of_scope,"{'is_question': True, 'has_imperative': False, 'has_temporal_ref': False}","{'question_blocks_execute': True, 'prefer_investigate_when_uncertain': True}","['investigate', 'ops', 'summarize']",['execute']
